2026-06-21 10:12:04,177 [INFO] Запуск polling...
2026-06-21 10:12:04,179 [INFO] Бот запускается...
2026-06-21 10:12:04,196 [INFO] Загружено 101 слотов для 1936 года
2026-06-21 10:12:25,258 [ERROR] Критическая ошибка отправки сообщения регистрации: HTTP Client says - ClientConnectorError: Cannot connect to host api.telegram.org:443 ssl:default [Multiple exceptions: [WinError 121] Превышен таймаут семафора, [WinError 1231] Сетевая папка недоступна. За информацией о разрешении проблем в сети обратитесь к справочной системе Windows]
2026-06-21 10:12:46,562 [INFO] Бот остановлен
2026-06-21 10:13:00,525 [INFO] Запуск polling...
2026-06-21 10:13:00,525 [INFO] Бот запускается...
2026-06-21 10:13:00,527 [INFO] Загружено 101 слотов для 1936 года
2026-06-21 10:13:00,935 [INFO] Новое сообщение регистрации отправлено в тему 10, id=237
2026-06-21 10:13:01,062 [INFO] Бот @RegistrationROEbot запущен успешно!
2026-06-21 10:13:01,062 [INFO] Start polling
2026-06-21 10:13:01,169 [INFO] Run polling for bot @RegistrationROEbot id=8813857960 - 'RegistrationROE'
2026-06-21 10:13:01,501 [INFO] Update id=200741885 is not handled. Duration 78 ms by bot id=8813857960
2026-06-21 10:13:01,501 [INFO] Update id=200741874 is not handled. Duration 81 ms by bot id=8813857960
2026-06-21 10:13:01,501 [INFO] Update id=200741875 is not handled. Duration 81 ms by bot id=8813857960
2026-06-21 10:13:01,502 [INFO] Update id=200741876 is not handled. Duration 81 ms by bot id=8813857960
2026-06-21 10:13:01,502 [INFO] Update id=200741881 is not handled. Duration 80 ms by bot id=8813857960
2026-06-21 10:13:01,502 [INFO] Update id=200741882 is not handled. Duration 80 ms by bot id=8813857960
2026-06-21 10:13:01,502 [INFO] Update id=200741883 is not handled. Duration 80 ms by bot id=8813857960
2026-06-21 10:13:01,503 [INFO] Update id=200741871 is not handled. Duration 83 ms by bot id=8813857960
2026-06-21 10:13:01,503 [INFO] Update id=200741884 is not handled. Duration 80 ms by bot id=8813857960
2026-06-21 10:13:01,503 [INFO] Update id=200741869 is not handled. Duration 89 ms by bot id=8813857960
2026-06-21 10:13:01,503 [INFO] Update id=200741870 is not handled. Duration 84 ms by bot id=8813857960
2026-06-21 10:13:01,503 [INFO] Update id=200741873 is not handled. Duration 83 ms by bot id=8813857960
2026-06-21 10:13:01,503 [INFO] Update id=200741877 is not handled. Duration 82 ms by bot id=8813857960
2026-06-21 10:13:01,503 [INFO] Update id=200741886 is not handled. Duration 80 ms by bot id=8813857960
2026-06-21 10:13:01,503 [INFO] Update id=200741878 is not handled. Duration 82 ms by bot id=8813857960
2026-06-21 10:13:01,503 [INFO] Update id=200741879 is not handled. Duration 82 ms by bot id=8813857960
2026-06-21 10:13:01,504 [INFO] Update id=200741888 is not handled. Duration 80 ms by bot id=8813857960
2026-06-21 10:13:01,504 [INFO] Update id=200741887 is not handled. Duration 81 ms by bot id=8813857960
2026-06-21 10:13:01,504 [INFO] Update id=200741889 is not handled. Duration 75 ms by bot id=8813857960
2026-06-21 10:13:01,504 [INFO] Update id=200741902 is not handled. Duration 73 ms by bot id=8813857960
2026-06-21 10:13:01,504 [INFO] Update id=200741892 is not handled. Duration 75 ms by bot id=8813857960
2026-06-21 10:13:01,504 [INFO] Update id=200741894 is not handled. Duration 74 ms by bot id=8813857960
2026-06-21 10:13:01,504 [INFO] Update id=200741895 is not handled. Duration 74 ms by bot id=8813857960
2026-06-21 10:13:01,504 [INFO] Update id=200741893 is not handled. Duration 75 ms by bot id=8813857960
2026-06-21 10:13:01,505 [INFO] Update id=200741896 is not handled. Duration 75 ms by bot id=8813857960
2026-06-21 10:13:01,505 [INFO] Update id=200741897 is not handled. Duration 74 ms by bot id=8813857960
2026-06-21 10:13:01,505 [INFO] Update id=200741898 is not handled. Duration 74 ms by bot id=8813857960
2026-06-21 10:13:01,505 [INFO] Update id=200741900 is not handled. Duration 74 ms by bot id=8813857960
2026-06-21 10:13:01,506 [INFO] Update id=200741901 is not handled. Duration 74 ms by bot id=8813857960
2026-06-21 10:13:01,506 [INFO] Update id=200741903 is not handled. Duration 74 ms by bot id=8813857960
2026-06-21 10:13:01,506 [INFO] Update id=200741899 is not handled. Duration 75 ms by bot id=8813857960
2026-06-21 10:13:01,506 [INFO] Update id=200741904 is not handled. Duration 75 ms by bot id=8813857960
2026-06-21 10:13:01,507 [INFO] Update id=200741905 is not handled. Duration 74 ms by bot id=8813857960
2026-06-21 10:13:01,507 [INFO] Update id=200741890 is not handled. Duration 77 ms by bot id=8813857960
2026-06-21 10:13:01,507 [INFO] Update id=200741891 is not handled. Duration 78 ms by bot id=8813857960
2026-06-21 10:13:01,507 [INFO] Update id=200741906 is not handled. Duration 75 ms by bot id=8813857960
2026-06-21 10:13:01,507 [INFO] Update id=200741907 is not handled. Duration 75 ms by bot id=8813857960
2026-06-21 10:13:01,508 [INFO] Update id=200741872 is not handled. Duration 88 ms by bot id=8813857960
2026-06-21 10:13:01,508 [INFO] Update id=200741908 is not handled. Duration 75 ms by bot id=8813857960
2026-06-21 10:13:01,508 [INFO] Update id=200741909 is not handled. Duration 75 ms by bot id=8813857960
2026-06-21 10:13:01,508 [INFO] Update id=200741910 is not handled. Duration 75 ms by bot id=8813857960
2026-06-21 10:13:01,509 [INFO] Update id=200741911 is not handled. Duration 76 ms by bot id=8813857960
2026-06-21 10:13:01,509 [INFO] Update id=200741912 is not handled. Duration 76 ms by bot id=8813857960
2026-06-21 10:13:01,509 [INFO] Update id=200741880 is not handled. Duration 87 ms by bot id=8813857960
2026-06-21 10:13:01,509 [INFO] Update id=200741914 is not handled. Duration 75 ms by bot id=8813857960
2026-06-21 10:13:01,509 [INFO] Update id=200741915 is not handled. Duration 75 ms by bot id=8813857960
2026-06-21 10:13:01,510 [INFO] Update id=200741926 is not handled. Duration 74 ms by bot id=8813857960
2026-06-21 10:13:01,510 [INFO] Update id=200741929 is not handled. Duration 73 ms by bot id=8813857960
2026-06-21 10:13:01,511 [INFO] Update id=200741930 is not handled. Duration 74 ms by bot id=8813857960
2026-06-21 10:13:01,511 [INFO] Update id=200741947 is not handled. Duration 71 ms by bot id=8813857960
2026-06-21 10:13:01,511 [INFO] Update id=200741948 is not handled. Duration 72 ms by bot id=8813857960
2026-06-21 10:13:01,511 [INFO] Update id=200741949 is not handled. Duration 71 ms by bot id=8813857960
2026-06-21 10:13:01,512 [INFO] Update id=200741950 is not handled. Duration 71 ms by bot id=8813857960
2026-06-21 10:13:01,512 [INFO] Update id=200741944 is not handled. Duration 73 ms by bot id=8813857960
2026-06-21 10:13:01,512 [INFO] Update id=200741943 is not handled. Duration 73 ms by bot id=8813857960
2026-06-21 10:13:01,512 [INFO] Update id=200741945 is not handled. Duration 73 ms by bot id=8813857960
2026-06-21 10:13:01,513 [INFO] Update id=200741925 is not handled. Duration 77 ms by bot id=8813857960
2026-06-21 10:13:01,513 [INFO] Update id=200741928 is not handled. Duration 76 ms by bot id=8813857960
2026-06-21 10:13:01,513 [INFO] Update id=200741952 is not handled. Duration 72 ms by bot id=8813857960
2026-06-21 10:13:01,514 [INFO] Update id=200741954 is not handled. Duration 73 ms by bot id=8813857960
2026-06-21 10:13:01,514 [INFO] Update id=200741964 is not handled. Duration 71 ms by bot id=8813857960
2026-06-21 10:13:01,514 [INFO] Update id=200741927 is not handled. Duration 78 ms by bot id=8813857960
2026-06-21 10:13:01,514 [INFO] Update id=200741965 is not handled. Duration 71 ms by bot id=8813857960
2026-06-21 10:13:01,514 [INFO] Update id=200741966 is not handled. Duration 72 ms by bot id=8813857960
2026-06-21 10:13:01,515 [INFO] Update id=200741955 is not handled. Duration 74 ms by bot id=8813857960
2026-06-21 10:13:01,515 [INFO] Update id=200741957 is not handled. Duration 73 ms by bot id=8813857960
2026-06-21 10:13:01,515 [INFO] Update id=200741958 is not handled. Duration 74 ms by bot id=8813857960
2026-06-21 10:13:01,515 [INFO] Update id=200741959 is not handled. Duration 74 ms by bot id=8813857960
2026-06-21 10:13:01,515 [INFO] Update id=200741960 is not handled. Duration 74 ms by bot id=8813857960
2026-06-21 10:13:01,517 [INFO] Update id=200741961 is not handled. Duration 75 ms by bot id=8813857960
2026-06-21 10:13:01,517 [INFO] Update id=200741946 is not handled. Duration 77 ms by bot id=8813857960
2026-06-21 10:13:01,517 [INFO] Update id=200741962 is not handled. Duration 75 ms by bot id=8813857960
2026-06-21 10:13:01,517 [INFO] Update id=200741951 is not handled. Duration 77 ms by bot id=8813857960
2026-06-21 10:13:01,517 [INFO] Update id=200741967 is not handled. Duration 74 ms by bot id=8813857960
2026-06-21 10:13:01,518 [INFO] Update id=200741963 is not handled. Duration 75 ms by bot id=8813857960
2026-06-21 10:13:01,518 [INFO] Update id=200741968 is not handled. Duration 75 ms by bot id=8813857960
2026-06-21 10:13:01,521 [INFO] Update id=200741931 is not handled. Duration 85 ms by bot id=8813857960
2026-06-21 10:13:01,727 [INFO] Update id=200741975 is not handled. Duration 70 ms by bot id=8813857960
2026-06-21 10:13:01,730 [INFO] Update id=200741979 is not handled. Duration 72 ms by bot id=8813857960
2026-06-21 10:13:01,730 [INFO] Update id=200741980 is not handled. Duration 72 ms by bot id=8813857960
2026-06-21 10:13:01,730 [INFO] Update id=200741982 is not handled. Duration 72 ms by bot id=8813857960
2026-06-21 10:13:01,730 [INFO] Update id=200741970 is not handled. Duration 74 ms by bot id=8813857960
2026-06-21 10:13:01,731 [INFO] Update id=200741991 is not handled. Duration 71 ms by bot id=8813857960
2026-06-21 10:13:01,731 [INFO] Update id=200741993 is not handled. Duration 71 ms by bot id=8813857960
2026-06-21 10:13:01,731 [INFO] Update id=200741994 is not handled. Duration 71 ms by bot id=8813857960
2026-06-21 10:13:01,732 [INFO] Update id=200741996 is not handled. Duration 72 ms by bot id=8813857960
2026-06-21 10:13:01,733 [INFO] Update id=200741997 is not handled. Duration 72 ms by bot id=8813857960
2026-06-21 10:13:01,733 [INFO] Update id=200741998 is not handled. Duration 72 ms by bot id=8813857960
2026-06-21 10:13:01,733 [INFO] Update id=200741999 is not handled. Duration 72 ms by bot id=8813857960
2026-06-21 10:13:01,733 [INFO] Update id=200742000 is not handled. Duration 72 ms by bot id=8813857960
2026-06-21 10:13:01,734 [INFO] Update id=200741969 is not handled. Duration 77 ms by bot id=8813857960
2026-06-21 10:13:01,734 [INFO] Update id=200742001 is not handled. Duration 73 ms by bot id=8813857960
2026-06-21 10:13:01,734 [INFO] Update id=200742002 is not handled. Duration 73 ms by bot id=8813857960
2026-06-21 10:13:01,734 [INFO] Update id=200742003 is not handled. Duration 73 ms by bot id=8813857960
2026-06-21 10:13:01,734 [INFO] Update id=200742004 is not handled. Duration 73 ms by bot id=8813857960
2026-06-21 10:13:01,735 [INFO] Update id=200742005 is not handled. Duration 73 ms by bot id=8813857960
2026-06-21 10:13:01,735 [INFO] Update id=200742006 is not handled. Duration 73 ms by bot id=8813857960
2026-06-21 10:13:01,735 [INFO] Update id=200742007 is not handled. Duration 73 ms by bot id=8813857960
2026-06-21 10:13:01,736 [INFO] Update id=200742008 is not handled. Duration 74 ms by bot id=8813857960
2026-06-21 10:13:01,737 [INFO] Update id=200741983 is not handled. Duration 78 ms by bot id=8813857960
2026-06-21 10:13:01,737 [INFO] Update id=200742009 is not handled. Duration 74 ms by bot id=8813857960
2026-06-21 10:13:01,737 [INFO] Update id=200742010 is not handled. Duration 74 ms by bot id=8813857960
2026-06-21 10:13:01,737 [INFO] Update id=200742011 is not handled. Duration 74 ms by bot id=8813857960
2026-06-21 10:13:01,739 [INFO] Update id=200742012 is not handled. Duration 76 ms by bot id=8813857960
2026-06-21 10:13:01,740 [INFO] Update id=200742014 is not handled. Duration 76 ms by bot id=8813857960
2026-06-21 10:13:01,740 [INFO] Update id=200742015 is not handled. Duration 76 ms by bot id=8813857960
2026-06-21 10:13:01,740 [INFO] Update id=200742016 is not handled. Duration 76 ms by bot id=8813857960
2026-06-21 10:13:01,740 [INFO] Update id=200742017 is not handled. Duration 76 ms by bot id=8813857960
2026-06-21 10:13:01,740 [INFO] Update id=200742018 is not handled. Duration 76 ms by bot id=8813857960
2026-06-21 10:13:01,741 [INFO] Update id=200742019 is not handled. Duration 76 ms by bot id=8813857960
2026-06-21 10:13:01,741 [INFO] Update id=200742020 is not handled. Duration 77 ms by bot id=8813857960
2026-06-21 10:13:01,741 [INFO] Update id=200742021 is not handled. Duration 77 ms by bot id=8813857960
2026-06-21 10:13:01,741 [INFO] Update id=200742022 is not handled. Duration 77 ms by bot id=8813857960
2026-06-21 10:13:01,741 [INFO] Update id=200742023 is not handled. Duration 77 ms by bot id=8813857960
2026-06-21 10:13:01,742 [INFO] Update id=200742024 is not handled. Duration 77 ms by bot id=8813857960
2026-06-21 10:13:01,742 [INFO] Update id=200742025 is not handled. Duration 77 ms by bot id=8813857960
2026-06-21 10:13:01,742 [INFO] Update id=200742026 is not handled. Duration 77 ms by bot id=8813857960
2026-06-21 10:13:01,742 [INFO] Update id=200742027 is not handled. Duration 77 ms by bot id=8813857960
2026-06-21 10:13:01,743 [INFO] Update id=200742028 is not handled. Duration 77 ms by bot id=8813857960
2026-06-21 10:13:01,743 [INFO] Update id=200742029 is not handled. Duration 77 ms by bot id=8813857960
2026-06-21 10:13:01,743 [INFO] Update id=200742030 is not handled. Duration 77 ms by bot id=8813857960
2026-06-21 10:13:01,743 [INFO] Update id=200742031 is not handled. Duration 78 ms by bot id=8813857960
2026-06-21 10:13:01,744 [INFO] Update id=200742032 is not handled. Duration 78 ms by bot id=8813857960
2026-06-21 10:13:01,744 [INFO] Update id=200742033 is not handled. Duration 77 ms by bot id=8813857960
2026-06-21 10:13:01,744 [INFO] Update id=200742034 is not handled. Duration 77 ms by bot id=8813857960
2026-06-21 10:13:01,744 [INFO] Update id=200742035 is not handled. Duration 78 ms by bot id=8813857960
2026-06-21 10:13:01,744 [INFO] Update id=200742036 is not handled. Duration 78 ms by bot id=8813857960
2026-06-21 10:13:01,745 [INFO] Update id=200742038 is not handled. Duration 78 ms by bot id=8813857960
2026-06-21 10:13:01,745 [INFO] Update id=200742039 is not handled. Duration 78 ms by bot id=8813857960
2026-06-21 10:13:01,745 [INFO] Update id=200742040 is not handled. Duration 78 ms by bot id=8813857960
2026-06-21 10:13:01,745 [INFO] Update id=200742041 is not handled. Duration 78 ms by bot id=8813857960
2026-06-21 10:13:01,745 [INFO] Update id=200742042 is not handled. Duration 78 ms by bot id=8813857960
2026-06-21 10:13:01,746 [INFO] Update id=200742043 is not handled. Duration 78 ms by bot id=8813857960
2026-06-21 10:13:01,746 [INFO] Update id=200742044 is not handled. Duration 78 ms by bot id=8813857960
2026-06-21 10:13:01,746 [INFO] Update id=200742045 is not handled. Duration 78 ms by bot id=8813857960
2026-06-21 10:13:01,746 [INFO] Update id=200742046 is not handled. Duration 78 ms by bot id=8813857960
2026-06-21 10:13:01,747 [INFO] Update id=200742047 is not handled. Duration 78 ms by bot id=8813857960
2026-06-21 10:13:01,747 [INFO] Update id=200742048 is not handled. Duration 78 ms by bot id=8813857960
2026-06-21 10:13:01,747 [INFO] Update id=200742049 is not handled. Duration 79 ms by bot id=8813857960
2026-06-21 10:13:01,747 [INFO] Update id=200742050 is not handled. Duration 79 ms by bot id=8813857960
2026-06-21 10:13:01,747 [INFO] Update id=200742051 is not handled. Duration 79 ms by bot id=8813857960
2026-06-21 10:13:01,748 [INFO] Update id=200742052 is not handled. Duration 79 ms by bot id=8813857960
2026-06-21 10:13:01,748 [INFO] Update id=200742053 is not handled. Duration 79 ms by bot id=8813857960
2026-06-21 10:13:01,748 [INFO] Update id=200742054 is not handled. Duration 79 ms by bot id=8813857960
2026-06-21 10:13:01,748 [INFO] Update id=200742055 is not handled. Duration 79 ms by bot id=8813857960
2026-06-21 10:13:01,749 [INFO] Update id=200742056 is not handled. Duration 79 ms by bot id=8813857960
2026-06-21 10:13:01,749 [INFO] Update id=200742057 is not handled. Duration 79 ms by bot id=8813857960
2026-06-21 10:13:01,749 [INFO] Update id=200742058 is not handled. Duration 79 ms by bot id=8813857960
2026-06-21 10:13:01,749 [INFO] Update id=200742059 is not handled. Duration 75 ms by bot id=8813857960
2026-06-21 10:13:01,749 [INFO] Update id=200742060 is not handled. Duration 75 ms by bot id=8813857960
2026-06-21 10:13:01,750 [INFO] Update id=200742061 is not handled. Duration 75 ms by bot id=8813857960
2026-06-21 10:13:01,750 [INFO] Update id=200742062 is not handled. Duration 76 ms by bot id=8813857960
2026-06-21 10:13:01,750 [INFO] Update id=200742063 is not handled. Duration 76 ms by bot id=8813857960
2026-06-21 10:13:01,750 [INFO] Update id=200742064 is not handled. Duration 76 ms by bot id=8813857960
2026-06-21 10:13:01,751 [INFO] Update id=200742065 is not handled. Duration 76 ms by bot id=8813857960
2026-06-21 10:13:01,751 [INFO] Update id=200742066 is not handled. Duration 76 ms by bot id=8813857960
2026-06-21 10:13:01,751 [INFO] Update id=200742067 is not handled. Duration 76 ms by bot id=8813857960
2026-06-21 10:13:01,751 [INFO] Update id=200742068 is not handled. Duration 76 ms by bot id=8813857960
2026-06-21 10:13:01,772 [INFO] Update id=200741990 is not handled. Duration 112 ms by bot id=8813857960
2026-06-21 10:13:01,800 [INFO] Update id=200741932 is handled. Duration 363 ms by bot id=8813857960
2026-06-21 10:13:02,010 [INFO] Update id=200741918 is handled. Duration 575 ms by bot id=8813857960
2026-06-21 10:13:02,018 [INFO] Update id=200741913 is handled. Duration 584 ms by bot id=8813857960
2026-06-21 10:13:02,022 [INFO] Update id=200741922 is handled. Duration 587 ms by bot id=8813857960
2026-06-21 10:13:02,032 [INFO] Update id=200741920 is handled. Duration 598 ms by bot id=8813857960
2026-06-21 10:13:02,074 [INFO] Update id=200741941 is handled. Duration 636 ms by bot id=8813857960
2026-06-21 10:13:02,079 [INFO] Update id=200742084 is not handled. Duration 119 ms by bot id=8813857960
2026-06-21 10:13:02,079 [INFO] Update id=200742083 is not handled. Duration 120 ms by bot id=8813857960
2026-06-21 10:13:02,080 [INFO] Update id=200742089 is not handled. Duration 120 ms by bot id=8813857960
2026-06-21 10:13:02,080 [INFO] Update id=200742090 is not handled. Duration 120 ms by bot id=8813857960
2026-06-21 10:13:02,080 [INFO] Update id=200742085 is not handled. Duration 121 ms by bot id=8813857960
2026-06-21 10:13:02,081 [INFO] Update id=200742079 is not handled. Duration 122 ms by bot id=8813857960
2026-06-21 10:13:02,081 [INFO] Update id=200742086 is not handled. Duration 121 ms by bot id=8813857960
2026-06-21 10:13:02,081 [INFO] Update id=200742091 is not handled. Duration 121 ms by bot id=8813857960
2026-06-21 10:13:02,081 [INFO] Update id=200742074 is not handled. Duration 123 ms by bot id=8813857960
2026-06-21 10:13:02,081 [INFO] Update id=200742073 is not handled. Duration 124 ms by bot id=8813857960
2026-06-21 10:13:02,082 [INFO] Update id=200742087 is not handled. Duration 122 ms by bot id=8813857960
2026-06-21 10:13:02,082 [INFO] Update id=200742070 is not handled. Duration 125 ms by bot id=8813857960
2026-06-21 10:13:02,082 [INFO] Update id=200742092 is not handled. Duration 122 ms by bot id=8813857960
2026-06-21 10:13:02,082 [INFO] Update id=200742069 is not handled. Duration 125 ms by bot id=8813857960
2026-06-21 10:13:02,082 [INFO] Update id=200742081 is not handled. Duration 123 ms by bot id=8813857960
2026-06-21 10:13:02,083 [INFO] Update id=200742093 is not handled. Duration 122 ms by bot id=8813857960
2026-06-21 10:13:02,083 [INFO] Update id=200742082 is not handled. Duration 124 ms by bot id=8813857960
2026-06-21 10:13:02,083 [INFO] Update id=200742094 is not handled. Duration 122 ms by bot id=8813857960
2026-06-21 10:13:02,084 [INFO] Update id=200742095 is not handled. Duration 124 ms by bot id=8813857960
2026-06-21 10:13:02,085 [INFO] Update id=200742080 is not handled. Duration 126 ms by bot id=8813857960
2026-06-21 10:13:02,085 [INFO] Update id=200742097 is not handled. Duration 124 ms by bot id=8813857960
2026-06-21 10:13:02,085 [INFO] Update id=200742098 is not handled. Duration 124 ms by bot id=8813857960
2026-06-21 10:13:02,086 [INFO] Update id=200742099 is not handled. Duration 124 ms by bot id=8813857960
2026-06-21 10:13:02,086 [INFO] Update id=200742100 is not handled. Duration 124 ms by bot id=8813857960
2026-06-21 10:13:02,086 [INFO] Update id=200742101 is not handled. Duration 124 ms by bot id=8813857960
2026-06-21 10:13:02,086 [INFO] Update id=200742102 is not handled. Duration 125 ms by bot id=8813857960
2026-06-21 10:13:02,086 [INFO] Update id=200742103 is not handled. Duration 125 ms by bot id=8813857960
2026-06-21 10:13:02,087 [INFO] Update id=200742104 is not handled. Duration 125 ms by bot id=8813857960
2026-06-21 10:13:02,087 [INFO] Update id=200742105 is not handled. Duration 125 ms by bot id=8813857960
2026-06-21 10:13:02,087 [INFO] Update id=200742106 is not handled. Duration 125 ms by bot id=8813857960
2026-06-21 10:13:02,087 [INFO] Update id=200742096 is not handled. Duration 126 ms by bot id=8813857960
2026-06-21 10:13:02,088 [INFO] Update id=200742107 is not handled. Duration 125 ms by bot id=8813857960
2026-06-21 10:13:02,088 [INFO] Update id=200742108 is not handled. Duration 125 ms by bot id=8813857960
2026-06-21 10:13:02,088 [INFO] Update id=200742109 is not handled. Duration 125 ms by bot id=8813857960
2026-06-21 10:13:02,088 [INFO] Update id=200742110 is not handled. Duration 125 ms by bot id=8813857960
2026-06-21 10:13:02,088 [INFO] Update id=200742111 is not handled. Duration 125 ms by bot id=8813857960
2026-06-21 10:13:02,089 [INFO] Update id=200742112 is not handled. Duration 125 ms by bot id=8813857960
2026-06-21 10:13:02,089 [INFO] Update id=200742113 is not handled. Duration 125 ms by bot id=8813857960
2026-06-21 10:13:02,089 [INFO] Update id=200742114 is not handled. Duration 126 ms by bot id=8813857960
2026-06-21 10:13:02,089 [INFO] Update id=200742115 is not handled. Duration 126 ms by bot id=8813857960
2026-06-21 10:13:02,089 [INFO] Update id=200742116 is not handled. Duration 126 ms by bot id=8813857960
2026-06-21 10:13:02,090 [INFO] Update id=200742117 is not handled. Duration 126 ms by bot id=8813857960
2026-06-21 10:13:02,090 [INFO] Update id=200742118 is not handled. Duration 126 ms by bot id=8813857960
2026-06-21 10:13:02,090 [INFO] Update id=200742088 is not handled. Duration 130 ms by bot id=8813857960
2026-06-21 10:13:02,090 [INFO] Update id=200742119 is not handled. Duration 126 ms by bot id=8813857960
2026-06-21 10:13:02,091 [INFO] Update id=200742120 is not handled. Duration 126 ms by bot id=8813857960
2026-06-21 10:13:02,091 [INFO] Update id=200742121 is not handled. Duration 126 ms by bot id=8813857960
2026-06-21 10:13:02,091 [INFO] Update id=200742122 is not handled. Duration 127 ms by bot id=8813857960
2026-06-21 10:13:02,091 [INFO] Update id=200742123 is not handled. Duration 127 ms by bot id=8813857960
2026-06-21 10:13:02,091 [INFO] Update id=200742124 is not handled. Duration 127 ms by bot id=8813857960
2026-06-21 10:13:02,092 [INFO] Update id=200742125 is not handled. Duration 127 ms by bot id=8813857960
2026-06-21 10:13:02,094 [INFO] Update id=200742126 is not handled. Duration 129 ms by bot id=8813857960
2026-06-21 10:13:02,095 [INFO] Update id=200742127 is not handled. Duration 130 ms by bot id=8813857960
2026-06-21 10:13:02,095 [INFO] Update id=200742128 is not handled. Duration 130 ms by bot id=8813857960
2026-06-21 10:13:02,095 [INFO] Update id=200742071 is not handled. Duration 138 ms by bot id=8813857960
2026-06-21 10:13:02,096 [INFO] Update id=200742129 is not handled. Duration 130 ms by bot id=8813857960
2026-06-21 10:13:02,096 [INFO] Update id=200742130 is not handled. Duration 130 ms by bot id=8813857960
2026-06-21 10:13:02,096 [INFO] Update id=200742072 is not handled. Duration 138 ms by bot id=8813857960
2026-06-21 10:13:02,096 [INFO] Update id=200742131 is not handled. Duration 130 ms by bot id=8813857960
2026-06-21 10:13:02,096 [INFO] Update id=200742132 is not handled. Duration 130 ms by bot id=8813857960
2026-06-21 10:13:02,097 [INFO] Update id=200742133 is not handled. Duration 130 ms by bot id=8813857960
2026-06-21 10:13:02,097 [INFO] Update id=200742134 is not handled. Duration 131 ms by bot id=8813857960
2026-06-21 10:13:02,097 [INFO] Update id=200742135 is not handled. Duration 131 ms by bot id=8813857960
2026-06-21 10:13:02,097 [INFO] Update id=200742136 is not handled. Duration 131 ms by bot id=8813857960
2026-06-21 10:13:02,097 [INFO] Update id=200742137 is not handled. Duration 131 ms by bot id=8813857960
2026-06-21 10:13:02,098 [INFO] Update id=200742138 is not handled. Duration 131 ms by bot id=8813857960
2026-06-21 10:13:02,098 [INFO] Update id=200742139 is not handled. Duration 131 ms by bot id=8813857960
2026-06-21 10:13:02,098 [INFO] Update id=200742140 is not handled. Duration 131 ms by bot id=8813857960
2026-06-21 10:13:02,098 [INFO] Update id=200742141 is not handled. Duration 131 ms by bot id=8813857960
2026-06-21 10:13:02,099 [INFO] Update id=200742142 is not handled. Duration 131 ms by bot id=8813857960
2026-06-21 10:13:02,099 [INFO] Update id=200742143 is not handled. Duration 131 ms by bot id=8813857960
2026-06-21 10:13:02,099 [INFO] Update id=200742144 is not handled. Duration 132 ms by bot id=8813857960
2026-06-21 10:13:02,099 [INFO] Update id=200742145 is not handled. Duration 132 ms by bot id=8813857960
2026-06-21 10:13:02,100 [INFO] Update id=200742146 is not handled. Duration 132 ms by bot id=8813857960
2026-06-21 10:13:02,100 [INFO] Update id=200742147 is not handled. Duration 132 ms by bot id=8813857960
2026-06-21 10:13:02,100 [INFO] Update id=200742148 is not handled. Duration 132 ms by bot id=8813857960
2026-06-21 10:13:02,100 [INFO] Update id=200742149 is not handled. Duration 132 ms by bot id=8813857960
2026-06-21 10:13:02,100 [INFO] Update id=200742150 is not handled. Duration 132 ms by bot id=8813857960
2026-06-21 10:13:02,101 [INFO] Update id=200742151 is not handled. Duration 132 ms by bot id=8813857960
2026-06-21 10:13:02,101 [INFO] Update id=200742152 is not handled. Duration 132 ms by bot id=8813857960
2026-06-21 10:13:02,101 [INFO] Update id=200742153 is not handled. Duration 132 ms by bot id=8813857960
2026-06-21 10:13:02,101 [INFO] Update id=200742154 is not handled. Duration 132 ms by bot id=8813857960
2026-06-21 10:13:02,101 [INFO] Update id=200742155 is not handled. Duration 132 ms by bot id=8813857960
2026-06-21 10:13:02,102 [INFO] Update id=200742156 is not handled. Duration 132 ms by bot id=8813857960
2026-06-21 10:13:02,102 [INFO] Update id=200742157 is not handled. Duration 132 ms by bot id=8813857960
2026-06-21 10:13:02,102 [INFO] Update id=200742158 is not handled. Duration 133 ms by bot id=8813857960
2026-06-21 10:13:02,102 [INFO] Update id=200742159 is not handled. Duration 133 ms by bot id=8813857960
2026-06-21 10:13:02,102 [INFO] Update id=200742160 is not handled. Duration 132 ms by bot id=8813857960
2026-06-21 10:13:02,103 [INFO] Update id=200742161 is not handled. Duration 132 ms by bot id=8813857960
2026-06-21 10:13:02,103 [INFO] Update id=200742162 is not handled. Duration 132 ms by bot id=8813857960
2026-06-21 10:13:02,103 [INFO] Update id=200742163 is not handled. Duration 132 ms by bot id=8813857960
2026-06-21 10:13:02,103 [INFO] Update id=200742164 is not handled. Duration 132 ms by bot id=8813857960
2026-06-21 10:13:02,104 [INFO] Update id=200742165 is not handled. Duration 132 ms by bot id=8813857960
2026-06-21 10:13:02,104 [INFO] Update id=200742166 is not handled. Duration 132 ms by bot id=8813857960
2026-06-21 10:13:02,104 [INFO] Update id=200742167 is not handled. Duration 132 ms by bot id=8813857960
2026-06-21 10:13:02,104 [INFO] Update id=200742168 is not handled. Duration 132 ms by bot id=8813857960
2026-06-21 10:13:02,105 [INFO] Update id=200741933 is handled. Duration 668 ms by bot id=8813857960
2026-06-21 10:13:02,109 [INFO] Update id=200741936 is handled. Duration 671 ms by bot id=8813857960
2026-06-21 10:13:02,171 [INFO] Update id=200741917 is handled. Duration 736 ms by bot id=8813857960
2026-06-21 10:13:02,179 [INFO] Update id=200741937 is handled. Duration 741 ms by bot id=8813857960
2026-06-21 10:13:02,209 [INFO] Update id=200741956 is handled. Duration 768 ms by bot id=8813857960
2026-06-21 10:13:02,217 [INFO] Update id=200742169 is not handled. Duration 63 ms by bot id=8813857960
2026-06-21 10:13:02,217 [INFO] Update id=200742170 is not handled. Duration 64 ms by bot id=8813857960
2026-06-21 10:13:02,218 [INFO] Update id=200742171 is not handled. Duration 64 ms by bot id=8813857960
2026-06-21 10:13:02,218 [INFO] Update id=200742185 is not handled. Duration 62 ms by bot id=8813857960
2026-06-21 10:13:02,218 [INFO] Update id=200742187 is not handled. Duration 62 ms by bot id=8813857960
2026-06-21 10:13:02,218 [INFO] Update id=200742175 is not handled. Duration 64 ms by bot id=8813857960
2026-06-21 10:13:02,219 [INFO] Update id=200742176 is not handled. Duration 64 ms by bot id=8813857960
2026-06-21 10:13:02,219 [INFO] Update id=200742177 is not handled. Duration 64 ms by bot id=8813857960
2026-06-21 10:13:02,219 [INFO] Update id=200742178 is not handled. Duration 64 ms by bot id=8813857960
2026-06-21 10:13:02,219 [INFO] Update id=200742188 is not handled. Duration 63 ms by bot id=8813857960
2026-06-21 10:13:02,219 [INFO] Update id=200742182 is not handled. Duration 64 ms by bot id=8813857960
2026-06-21 10:13:02,220 [INFO] Update id=200742183 is not handled. Duration 64 ms by bot id=8813857960
2026-06-21 10:13:02,220 [INFO] Update id=200742184 is not handled. Duration 64 ms by bot id=8813857960
2026-06-21 10:13:02,220 [INFO] Update id=200742195 is not handled. Duration 63 ms by bot id=8813857960
2026-06-21 10:13:02,220 [INFO] Update id=200742196 is not handled. Duration 63 ms by bot id=8813857960
2026-06-21 10:13:02,220 [INFO] Update id=200742180 is not handled. Duration 66 ms by bot id=8813857960
2026-06-21 10:13:02,221 [INFO] Update id=200742181 is not handled. Duration 66 ms by bot id=8813857960
2026-06-21 10:13:02,221 [INFO] Update id=200742197 is not handled. Duration 64 ms by bot id=8813857960
2026-06-21 10:13:02,221 [INFO] Update id=200742198 is not handled. Duration 64 ms by bot id=8813857960
2026-06-21 10:13:02,221 [INFO] Update id=200742199 is not handled. Duration 64 ms by bot id=8813857960
2026-06-21 10:13:02,222 [INFO] Update id=200742200 is not handled. Duration 64 ms by bot id=8813857960
2026-06-21 10:13:02,222 [INFO] Update id=200742201 is not handled. Duration 64 ms by bot id=8813857960
2026-06-21 10:13:02,222 [INFO] Update id=200742172 is not handled. Duration 68 ms by bot id=8813857960
2026-06-21 10:13:02,222 [INFO] Update id=200742186 is not handled. Duration 67 ms by bot id=8813857960
2026-06-21 10:13:02,222 [INFO] Update id=200742191 is not handled. Duration 66 ms by bot id=8813857960
2026-06-21 10:13:02,223 [INFO] Update id=200742173 is not handled. Duration 69 ms by bot id=8813857960
2026-06-21 10:13:02,223 [INFO] Update id=200742192 is not handled. Duration 66 ms by bot id=8813857960
2026-06-21 10:13:02,223 [INFO] Update id=200742193 is not handled. Duration 66 ms by bot id=8813857960
2026-06-21 10:13:02,223 [INFO] Update id=200742194 is not handled. Duration 66 ms by bot id=8813857960
2026-06-21 10:13:02,223 [INFO] Update id=200742203 is not handled. Duration 65 ms by bot id=8813857960
2026-06-21 10:13:02,224 [INFO] Update id=200742204 is not handled. Duration 65 ms by bot id=8813857960
2026-06-21 10:13:02,224 [INFO] Update id=200742205 is not handled. Duration 66 ms by bot id=8813857960
2026-06-21 10:13:02,224 [INFO] Update id=200742206 is not handled. Duration 66 ms by bot id=8813857960
2026-06-21 10:13:02,224 [INFO] Update id=200742207 is not handled. Duration 66 ms by bot id=8813857960
2026-06-21 10:13:02,225 [INFO] Update id=200742208 is not handled. Duration 66 ms by bot id=8813857960
2026-06-21 10:13:02,225 [INFO] Update id=200742209 is not handled. Duration 66 ms by bot id=8813857960
2026-06-21 10:13:02,225 [INFO] Update id=200742210 is not handled. Duration 66 ms by bot id=8813857960
2026-06-21 10:13:02,225 [INFO] Update id=200742211 is not handled. Duration 66 ms by bot id=8813857960
2026-06-21 10:13:02,225 [INFO] Update id=200742212 is not handled. Duration 66 ms by bot id=8813857960
2026-06-21 10:13:02,226 [INFO] Update id=200742213 is not handled. Duration 66 ms by bot id=8813857960
2026-06-21 10:13:02,226 [INFO] Update id=200742214 is not handled. Duration 66 ms by bot id=8813857960
2026-06-21 10:13:02,226 [INFO] Update id=200742215 is not handled. Duration 66 ms by bot id=8813857960
2026-06-21 10:13:02,226 [INFO] Update id=200742216 is not handled. Duration 66 ms by bot id=8813857960
2026-06-21 10:13:02,226 [INFO] Update id=200742202 is not handled. Duration 69 ms by bot id=8813857960
2026-06-21 10:13:02,227 [INFO] Update id=200742218 is not handled. Duration 67 ms by bot id=8813857960
2026-06-21 10:13:02,227 [INFO] Update id=200742219 is not handled. Duration 67 ms by bot id=8813857960
2026-06-21 10:13:02,227 [INFO] Update id=200742220 is not handled. Duration 67 ms by bot id=8813857960
2026-06-21 10:13:02,227 [INFO] Update id=200742221 is not handled. Duration 67 ms by bot id=8813857960
2026-06-21 10:13:02,228 [INFO] Update id=200742222 is not handled. Duration 67 ms by bot id=8813857960
2026-06-21 10:13:02,228 [INFO] Update id=200742223 is not handled. Duration 67 ms by bot id=8813857960
2026-06-21 10:13:02,228 [INFO] Update id=200742224 is not handled. Duration 67 ms by bot id=8813857960
2026-06-21 10:13:02,228 [INFO] Update id=200742225 is not handled. Duration 67 ms by bot id=8813857960
2026-06-21 10:13:02,228 [INFO] Update id=200742226 is not handled. Duration 67 ms by bot id=8813857960
2026-06-21 10:13:02,229 [INFO] Update id=200742227 is not handled. Duration 67 ms by bot id=8813857960
2026-06-21 10:13:02,229 [INFO] Update id=200742174 is not handled. Duration 75 ms by bot id=8813857960
2026-06-21 10:13:02,229 [INFO] Update id=200742228 is not handled. Duration 68 ms by bot id=8813857960
2026-06-21 10:13:02,229 [INFO] Update id=200742229 is not handled. Duration 68 ms by bot id=8813857960
2026-06-21 10:13:02,230 [INFO] Update id=200742230 is not handled. Duration 68 ms by bot id=8813857960
2026-06-21 10:13:02,230 [INFO] Update id=200742179 is not handled. Duration 75 ms by bot id=8813857960
2026-06-21 10:13:02,232 [INFO] Update id=200742217 is not handled. Duration 72 ms by bot id=8813857960
2026-06-21 10:13:02,232 [INFO] Update id=200742247 is not handled. Duration 68 ms by bot id=8813857960
2026-06-21 10:13:02,233 [INFO] Update id=200742233 is not handled. Duration 70 ms by bot id=8813857960
2026-06-21 10:13:02,233 [INFO] Update id=200742234 is not handled. Duration 71 ms by bot id=8813857960
2026-06-21 10:13:02,233 [INFO] Update id=200742235 is not handled. Duration 71 ms by bot id=8813857960
2026-06-21 10:13:02,233 [INFO] Update id=200742236 is not handled. Duration 71 ms by bot id=8813857960
2026-06-21 10:13:02,233 [INFO] Update id=200742237 is not handled. Duration 71 ms by bot id=8813857960
2026-06-21 10:13:02,234 [INFO] Update id=200742238 is not handled. Duration 71 ms by bot id=8813857960
2026-06-21 10:13:02,234 [INFO] Update id=200742239 is not handled. Duration 71 ms by bot id=8813857960
2026-06-21 10:13:02,234 [INFO] Update id=200742240 is not handled. Duration 71 ms by bot id=8813857960
2026-06-21 10:13:02,234 [INFO] Update id=200742241 is not handled. Duration 71 ms by bot id=8813857960
2026-06-21 10:13:02,235 [INFO] Update id=200742242 is not handled. Duration 71 ms by bot id=8813857960
2026-06-21 10:13:02,235 [INFO] Update id=200742243 is not handled. Duration 71 ms by bot id=8813857960
2026-06-21 10:13:02,235 [INFO] Update id=200742244 is not handled. Duration 71 ms by bot id=8813857960
2026-06-21 10:13:02,235 [INFO] Update id=200742231 is not handled. Duration 73 ms by bot id=8813857960
2026-06-21 10:13:02,236 [INFO] Update id=200742261 is not handled. Duration 70 ms by bot id=8813857960
2026-06-21 10:13:02,236 [INFO] Update id=200742249 is not handled. Duration 71 ms by bot id=8813857960
2026-06-21 10:13:02,236 [INFO] Update id=200742250 is not handled. Duration 71 ms by bot id=8813857960
2026-06-21 10:13:02,236 [INFO] Update id=200742251 is not handled. Duration 72 ms by bot id=8813857960
2026-06-21 10:13:02,236 [INFO] Update id=200742252 is not handled. Duration 72 ms by bot id=8813857960
2026-06-21 10:13:02,237 [INFO] Update id=200742253 is not handled. Duration 72 ms by bot id=8813857960
2026-06-21 10:13:02,237 [INFO] Update id=200742254 is not handled. Duration 72 ms by bot id=8813857960
2026-06-21 10:13:02,237 [INFO] Update id=200742255 is not handled. Duration 72 ms by bot id=8813857960
2026-06-21 10:13:02,237 [INFO] Update id=200742256 is not handled. Duration 72 ms by bot id=8813857960
2026-06-21 10:13:02,238 [INFO] Update id=200742257 is not handled. Duration 72 ms by bot id=8813857960
2026-06-21 10:13:02,238 [INFO] Update id=200742258 is not handled. Duration 72 ms by bot id=8813857960
2026-06-21 10:13:02,238 [INFO] Update id=200742259 is not handled. Duration 72 ms by bot id=8813857960
2026-06-21 10:13:02,238 [INFO] Update id=200742260 is not handled. Duration 72 ms by bot id=8813857960
2026-06-21 10:13:02,238 [INFO] Update id=200742245 is not handled. Duration 75 ms by bot id=8813857960
2026-06-21 10:13:02,239 [INFO] Update id=200742248 is not handled. Duration 74 ms by bot id=8813857960
2026-06-21 10:13:02,239 [INFO] Update id=200742246 is not handled. Duration 75 ms by bot id=8813857960
2026-06-21 10:13:02,239 [INFO] Update id=200742262 is not handled. Duration 73 ms by bot id=8813857960
2026-06-21 10:13:02,239 [INFO] Update id=200742263 is not handled. Duration 73 ms by bot id=8813857960
2026-06-21 10:13:02,239 [INFO] Update id=200742264 is not handled. Duration 73 ms by bot id=8813857960
2026-06-21 10:13:02,240 [INFO] Update id=200742265 is not handled. Duration 73 ms by bot id=8813857960
2026-06-21 10:13:02,240 [INFO] Update id=200742266 is not handled. Duration 73 ms by bot id=8813857960
2026-06-21 10:13:02,240 [INFO] Update id=200742267 is not handled. Duration 73 ms by bot id=8813857960
2026-06-21 10:13:02,240 [INFO] Update id=200742268 is not handled. Duration 73 ms by bot id=8813857960
2026-06-21 10:13:02,242 [INFO] Update id=200741940 is handled. Duration 803 ms by bot id=8813857960
2026-06-21 10:13:02,253 [INFO] Update id=200741939 is handled. Duration 815 ms by bot id=8813857960
2026-06-21 10:13:02,275 [INFO] Update id=200741921 is handled. Duration 840 ms by bot id=8813857960
2026-06-21 10:13:02,304 [INFO] Update id=200741916 is handled. Duration 870 ms by bot id=8813857960
2026-06-21 10:13:02,369 [INFO] Update id=200741938 is handled. Duration 931 ms by bot id=8813857960
2026-06-21 10:13:02,370 [INFO] Update id=200741989 is handled. Duration 711 ms by bot id=8813857960
2026-06-21 10:13:02,371 [INFO] Update id=200741992 is handled. Duration 711 ms by bot id=8813857960
2026-06-21 10:13:02,374 [INFO] Update id=200741986 is handled. Duration 715 ms by bot id=8813857960
2026-06-21 10:13:02,375 [INFO] Update id=200741919 is handled. Duration 941 ms by bot id=8813857960
2026-06-21 10:13:02,377 [INFO] Update id=200741984 is handled. Duration 719 ms by bot id=8813857960
2026-06-21 10:13:02,378 [INFO] Update id=200741995 is handled. Duration 718 ms by bot id=8813857960
2026-06-21 10:13:02,388 [INFO] Update id=200741935 is handled. Duration 950 ms by bot id=8813857960
2026-06-21 10:13:02,393 [INFO] Update id=200741987 is handled. Duration 734 ms by bot id=8813857960
2026-06-21 10:13:02,428 [INFO] Update id=200741923 is handled. Duration 993 ms by bot id=8813857960
2026-06-21 10:13:02,429 [INFO] Update id=200742296 is not handled. Duration 87 ms by bot id=8813857960
2026-06-21 10:13:02,429 [INFO] Update id=200742287 is not handled. Duration 89 ms by bot id=8813857960
2026-06-21 10:13:02,430 [INFO] Update id=200742272 is not handled. Duration 92 ms by bot id=8813857960
2026-06-21 10:13:02,430 [INFO] Update id=200742273 is not handled. Duration 92 ms by bot id=8813857960
2026-06-21 10:13:02,431 [INFO] Update id=200742299 is not handled. Duration 89 ms by bot id=8813857960
2026-06-21 10:13:02,431 [INFO] Update id=200742300 is not handled. Duration 89 ms by bot id=8813857960
2026-06-21 10:13:02,431 [INFO] Update id=200742274 is not handled. Duration 93 ms by bot id=8813857960
2026-06-21 10:13:02,431 [INFO] Update id=200742275 is not handled. Duration 93 ms by bot id=8813857960
2026-06-21 10:13:02,432 [INFO] Update id=200741981 is handled. Duration 773 ms by bot id=8813857960
2026-06-21 10:13:02,432 [INFO] Update id=200742302 is not handled. Duration 90 ms by bot id=8813857960
2026-06-21 10:13:02,432 [INFO] Update id=200742303 is not handled. Duration 90 ms by bot id=8813857960
2026-06-21 10:13:02,433 [INFO] Update id=200742304 is not handled. Duration 90 ms by bot id=8813857960
2026-06-21 10:13:02,433 [INFO] Update id=200742305 is not handled. Duration 90 ms by bot id=8813857960
2026-06-21 10:13:02,433 [INFO] Update id=200742281 is not handled. Duration 94 ms by bot id=8813857960
2026-06-21 10:13:02,433 [INFO] Update id=200742306 is not handled. Duration 91 ms by bot id=8813857960
2026-06-21 10:13:02,433 [INFO] Update id=200742288 is not handled. Duration 93 ms by bot id=8813857960
2026-06-21 10:13:02,434 [INFO] Update id=200742289 is not handled. Duration 93 ms by bot id=8813857960
2026-06-21 10:13:02,434 [INFO] Update id=200742291 is not handled. Duration 93 ms by bot id=8813857960
2026-06-21 10:13:02,434 [INFO] Update id=200742297 is not handled. Duration 93 ms by bot id=8813857960
2026-06-21 10:13:02,434 [INFO] Update id=200742292 is not handled. Duration 94 ms by bot id=8813857960
2026-06-21 10:13:02,435 [INFO] Update id=200742290 is not handled. Duration 94 ms by bot id=8813857960
2026-06-21 10:13:02,435 [INFO] Update id=200742294 is not handled. Duration 94 ms by bot id=8813857960
2026-06-21 10:13:02,435 [INFO] Update id=200742298 is not handled. Duration 93 ms by bot id=8813857960
2026-06-21 10:13:02,435 [INFO] Update id=200742301 is not handled. Duration 93 ms by bot id=8813857960
2026-06-21 10:13:02,435 [INFO] Update id=200742280 is not handled. Duration 96 ms by bot id=8813857960
2026-06-21 10:13:02,436 [INFO] Update id=200742307 is not handled. Duration 93 ms by bot id=8813857960
2026-06-21 10:13:02,436 [INFO] Update id=200742308 is not handled. Duration 87 ms by bot id=8813857960
2026-06-21 10:13:02,436 [INFO] Update id=200742285 is not handled. Duration 96 ms by bot id=8813857960
2026-06-21 10:13:02,436 [INFO] Update id=200742286 is not handled. Duration 96 ms by bot id=8813857960
2026-06-21 10:13:02,437 [INFO] Update id=200742293 is not handled. Duration 96 ms by bot id=8813857960
2026-06-21 10:13:02,437 [INFO] Update id=200742309 is not handled. Duration 88 ms by bot id=8813857960
2026-06-21 10:13:02,437 [INFO] Update id=200742310 is not handled. Duration 88 ms by bot id=8813857960
2026-06-21 10:13:02,437 [INFO] Update id=200742271 is not handled. Duration 99 ms by bot id=8813857960
2026-06-21 10:13:02,437 [INFO] Update id=200742311 is not handled. Duration 88 ms by bot id=8813857960
2026-06-21 10:13:02,438 [INFO] Update id=200742312 is not handled. Duration 88 ms by bot id=8813857960
2026-06-21 10:13:02,438 [INFO] Update id=200742313 is not handled. Duration 88 ms by bot id=8813857960
2026-06-21 10:13:02,438 [INFO] Update id=200742314 is not handled. Duration 89 ms by bot id=8813857960
2026-06-21 10:13:02,438 [INFO] Update id=200742269 is not handled. Duration 101 ms by bot id=8813857960
2026-06-21 10:13:02,438 [INFO] Update id=200742315 is not handled. Duration 89 ms by bot id=8813857960
2026-06-21 10:13:02,439 [INFO] Update id=200742316 is not handled. Duration 89 ms by bot id=8813857960
2026-06-21 10:13:02,439 [INFO] Update id=200742317 is not handled. Duration 89 ms by bot id=8813857960
2026-06-21 10:13:02,439 [INFO] Update id=200742283 is not handled. Duration 99 ms by bot id=8813857960
2026-06-21 10:13:02,439 [INFO] Update id=200742318 is not handled. Duration 89 ms by bot id=8813857960
2026-06-21 10:13:02,440 [INFO] Update id=200742319 is not handled. Duration 90 ms by bot id=8813857960
2026-06-21 10:13:02,440 [INFO] Update id=200742320 is not handled. Duration 90 ms by bot id=8813857960
2026-06-21 10:13:02,440 [INFO] Update id=200742282 is not handled. Duration 100 ms by bot id=8813857960
2026-06-21 10:13:02,440 [INFO] Update id=200742295 is not handled. Duration 99 ms by bot id=8813857960
2026-06-21 10:13:02,440 [INFO] Update id=200742321 is not handled. Duration 90 ms by bot id=8813857960
2026-06-21 10:13:02,441 [INFO] Update id=200742322 is not handled. Duration 90 ms by bot id=8813857960
2026-06-21 10:13:02,441 [INFO] Update id=200742323 is not handled. Duration 90 ms by bot id=8813857960
2026-06-21 10:13:02,441 [INFO] Update id=200742324 is not handled. Duration 90 ms by bot id=8813857960
2026-06-21 10:13:02,441 [INFO] Update id=200742279 is not handled. Duration 102 ms by bot id=8813857960
2026-06-21 10:13:02,441 [INFO] Update id=200742325 is not handled. Duration 91 ms by bot id=8813857960
2026-06-21 10:13:02,442 [INFO] Update id=200742326 is not handled. Duration 91 ms by bot id=8813857960
2026-06-21 10:13:02,442 [INFO] Update id=200742327 is not handled. Duration 91 ms by bot id=8813857960
2026-06-21 10:13:02,442 [INFO] Update id=200742328 is not handled. Duration 91 ms by bot id=8813857960
2026-06-21 10:13:02,442 [INFO] Update id=200742329 is not handled. Duration 91 ms by bot id=8813857960
2026-06-21 10:13:02,443 [INFO] Update id=200742330 is not handled. Duration 91 ms by bot id=8813857960
2026-06-21 10:13:02,443 [INFO] Update id=200742331 is not handled. Duration 91 ms by bot id=8813857960
2026-06-21 10:13:02,443 [INFO] Update id=200742332 is not handled. Duration 91 ms by bot id=8813857960
2026-06-21 10:13:02,443 [INFO] Update id=200742333 is not handled. Duration 92 ms by bot id=8813857960
2026-06-21 10:13:02,444 [INFO] Update id=200742335 is not handled. Duration 91 ms by bot id=8813857960
2026-06-21 10:13:02,444 [INFO] Update id=200742336 is not handled. Duration 91 ms by bot id=8813857960
2026-06-21 10:13:02,444 [INFO] Update id=200742337 is not handled. Duration 91 ms by bot id=8813857960
2026-06-21 10:13:02,444 [INFO] Update id=200742338 is not handled. Duration 92 ms by bot id=8813857960
2026-06-21 10:13:02,444 [INFO] Update id=200742339 is not handled. Duration 92 ms by bot id=8813857960
2026-06-21 10:13:02,445 [INFO] Update id=200742340 is not handled. Duration 92 ms by bot id=8813857960
2026-06-21 10:13:02,445 [INFO] Update id=200742341 is not handled. Duration 92 ms by bot id=8813857960
2026-06-21 10:13:02,445 [INFO] Update id=200742270 is not handled. Duration 107 ms by bot id=8813857960
2026-06-21 10:13:02,445 [INFO] Update id=200742277 is not handled. Duration 107 ms by bot id=8813857960
2026-06-21 10:13:02,446 [INFO] Update id=200742342 is not handled. Duration 92 ms by bot id=8813857960
2026-06-21 10:13:02,446 [INFO] Update id=200742343 is not handled. Duration 93 ms by bot id=8813857960
2026-06-21 10:13:02,446 [INFO] Update id=200742344 is not handled. Duration 93 ms by bot id=8813857960
2026-06-21 10:13:02,446 [INFO] Update id=200742345 is not handled. Duration 93 ms by bot id=8813857960
2026-06-21 10:13:02,448 [INFO] Update id=200742346 is not handled. Duration 95 ms by bot id=8813857960
2026-06-21 10:13:02,449 [INFO] Update id=200742347 is not handled. Duration 95 ms by bot id=8813857960
2026-06-21 10:13:02,449 [INFO] Update id=200742348 is not handled. Duration 95 ms by bot id=8813857960
2026-06-21 10:13:02,449 [INFO] Update id=200742334 is not handled. Duration 97 ms by bot id=8813857960
2026-06-21 10:13:02,449 [INFO] Update id=200742349 is not handled. Duration 95 ms by bot id=8813857960
2026-06-21 10:13:02,449 [INFO] Update id=200742276 is not handled. Duration 111 ms by bot id=8813857960
2026-06-21 10:13:02,450 [INFO] Update id=200742355 is not handled. Duration 95 ms by bot id=8813857960
2026-06-21 10:13:02,450 [INFO] Update id=200742356 is not handled. Duration 95 ms by bot id=8813857960
2026-06-21 10:13:02,450 [INFO] Update id=200742357 is not handled. Duration 95 ms by bot id=8813857960
2026-06-21 10:13:02,450 [INFO] Update id=200742358 is not handled. Duration 95 ms by bot id=8813857960
2026-06-21 10:13:02,451 [INFO] Update id=200742359 is not handled. Duration 95 ms by bot id=8813857960
2026-06-21 10:13:02,451 [INFO] Update id=200742360 is not handled. Duration 95 ms by bot id=8813857960
2026-06-21 10:13:02,451 [INFO] Update id=200742361 is not handled. Duration 95 ms by bot id=8813857960
2026-06-21 10:13:02,451 [INFO] Update id=200742362 is not handled. Duration 95 ms by bot id=8813857960
2026-06-21 10:13:02,451 [INFO] Update id=200742363 is not handled. Duration 95 ms by bot id=8813857960
2026-06-21 10:13:02,452 [INFO] Update id=200742364 is not handled. Duration 95 ms by bot id=8813857960
2026-06-21 10:13:02,452 [INFO] Update id=200742365 is not handled. Duration 95 ms by bot id=8813857960
2026-06-21 10:13:02,452 [INFO] Update id=200742366 is not handled. Duration 95 ms by bot id=8813857960
2026-06-21 10:13:02,452 [INFO] Update id=200742367 is not handled. Duration 95 ms by bot id=8813857960
2026-06-21 10:13:02,452 [INFO] Update id=200742368 is not handled. Duration 95 ms by bot id=8813857960
2026-06-21 10:13:02,453 [INFO] Update id=200742284 is not handled. Duration 113 ms by bot id=8813857960
2026-06-21 10:13:02,453 [INFO] Update id=200742278 is not handled. Duration 114 ms by bot id=8813857960
2026-06-21 10:13:02,454 [INFO] Update id=200741988 is handled. Duration 794 ms by bot id=8813857960
2026-06-21 10:13:02,454 [INFO] Update id=200741924 is handled. Duration 1018 ms by bot id=8813857960
2026-06-21 10:13:02,454 [INFO] Update id=200741985 is handled. Duration 796 ms by bot id=8813857960
2026-06-21 10:13:02,487 [INFO] Update id=200741953 is handled. Duration 1047 ms by bot id=8813857960
2026-06-21 10:13:02,501 [INFO] Update id=200741942 is handled. Duration 1062 ms by bot id=8813857960
2026-06-21 10:13:02,506 [INFO] Update id=200742013 is handled. Duration 843 ms by bot id=8813857960
2026-06-21 10:13:02,564 [INFO] Update id=200741934 is handled. Duration 1127 ms by bot id=8813857960
2026-06-21 10:13:02,572 [INFO] Update id=200741972 is handled. Duration 915 ms by bot id=8813857960
2026-06-21 10:13:02,591 [INFO] Update id=200741971 is handled. Duration 934 ms by bot id=8813857960
2026-06-21 10:13:02,602 [INFO] Update id=200742380 is not handled. Duration 57 ms by bot id=8813857960
2026-06-21 10:13:02,603 [INFO] Update id=200742369 is not handled. Duration 59 ms by bot id=8813857960
2026-06-21 10:13:02,603 [INFO] Update id=200742377 is not handled. Duration 58 ms by bot id=8813857960
2026-06-21 10:13:02,603 [INFO] Update id=200742379 is not handled. Duration 58 ms by bot id=8813857960
2026-06-21 10:13:02,604 [INFO] Update id=200742378 is not handled. Duration 59 ms by bot id=8813857960
2026-06-21 10:13:02,604 [INFO] Update id=200742385 is not handled. Duration 58 ms by bot id=8813857960
2026-06-21 10:13:02,604 [INFO] Update id=200742374 is not handled. Duration 60 ms by bot id=8813857960
2026-06-21 10:13:02,604 [INFO] Update id=200742386 is not handled. Duration 58 ms by bot id=8813857960
2026-06-21 10:13:02,604 [INFO] Update id=200742388 is not handled. Duration 58 ms by bot id=8813857960
2026-06-21 10:13:02,605 [INFO] Update id=200742372 is not handled. Duration 61 ms by bot id=8813857960
2026-06-21 10:13:02,605 [INFO] Update id=200742373 is not handled. Duration 61 ms by bot id=8813857960
2026-06-21 10:13:02,605 [INFO] Update id=200742371 is not handled. Duration 61 ms by bot id=8813857960
2026-06-21 10:13:02,605 [INFO] Update id=200742370 is not handled. Duration 62 ms by bot id=8813857960
2026-06-21 10:13:02,606 [INFO] Update id=200742387 is not handled. Duration 59 ms by bot id=8813857960
2026-06-21 10:13:02,606 [INFO] Update id=200742389 is not handled. Duration 59 ms by bot id=8813857960
2026-06-21 10:13:02,606 [INFO] Update id=200742384 is not handled. Duration 60 ms by bot id=8813857960
2026-06-21 10:13:02,606 [INFO] Update id=200742390 is not handled. Duration 59 ms by bot id=8813857960
2026-06-21 10:13:02,606 [INFO] Update id=200742391 is not handled. Duration 59 ms by bot id=8813857960
2026-06-21 10:13:02,607 [INFO] Update id=200742392 is not handled. Duration 60 ms by bot id=8813857960
2026-06-21 10:13:02,607 [INFO] Update id=200742393 is not handled. Duration 60 ms by bot id=8813857960
2026-06-21 10:13:02,607 [INFO] Update id=200742394 is not handled. Duration 60 ms by bot id=8813857960
2026-06-21 10:13:02,607 [INFO] Update id=200742382 is not handled. Duration 62 ms by bot id=8813857960
2026-06-21 10:13:02,608 [INFO] Update id=200742395 is not handled. Duration 60 ms by bot id=8813857960
2026-06-21 10:13:02,608 [INFO] Update id=200742396 is not handled. Duration 60 ms by bot id=8813857960
2026-06-21 10:13:02,608 [INFO] Update id=200742397 is not handled. Duration 60 ms by bot id=8813857960
2026-06-21 10:13:02,608 [INFO] Update id=200742375 is not handled. Duration 64 ms by bot id=8813857960
2026-06-21 10:13:02,608 [INFO] Update id=200742398 is not handled. Duration 61 ms by bot id=8813857960
2026-06-21 10:13:02,609 [INFO] Update id=200742399 is not handled. Duration 61 ms by bot id=8813857960
2026-06-21 10:13:02,609 [INFO] Update id=200742400 is not handled. Duration 61 ms by bot id=8813857960
2026-06-21 10:13:02,609 [INFO] Update id=200742401 is not handled. Duration 61 ms by bot id=8813857960
2026-06-21 10:13:02,609 [INFO] Update id=200742383 is not handled. Duration 64 ms by bot id=8813857960
2026-06-21 10:13:02,610 [INFO] Update id=200742402 is not handled. Duration 61 ms by bot id=8813857960
2026-06-21 10:13:02,610 [INFO] Update id=200742403 is not handled. Duration 61 ms by bot id=8813857960
2026-06-21 10:13:02,610 [INFO] Update id=200742404 is not handled. Duration 61 ms by bot id=8813857960
2026-06-21 10:13:02,610 [INFO] Update id=200742405 is not handled. Duration 61 ms by bot id=8813857960
2026-06-21 10:13:02,610 [INFO] Update id=200742406 is not handled. Duration 62 ms by bot id=8813857960
2026-06-21 10:13:02,611 [INFO] Update id=200742407 is not handled. Duration 62 ms by bot id=8813857960
2026-06-21 10:13:02,611 [INFO] Update id=200742408 is not handled. Duration 62 ms by bot id=8813857960
2026-06-21 10:13:02,611 [INFO] Update id=200742409 is not handled. Duration 62 ms by bot id=8813857960
2026-06-21 10:13:02,611 [INFO] Update id=200742410 is not handled. Duration 62 ms by bot id=8813857960
2026-06-21 10:13:02,612 [INFO] Update id=200742376 is not handled. Duration 67 ms by bot id=8813857960
2026-06-21 10:13:02,612 [INFO] Update id=200742411 is not handled. Duration 62 ms by bot id=8813857960
2026-06-21 10:13:02,612 [INFO] Update id=200742412 is not handled. Duration 62 ms by bot id=8813857960
2026-06-21 10:13:02,612 [INFO] Update id=200742413 is not handled. Duration 62 ms by bot id=8813857960
2026-06-21 10:13:02,612 [INFO] Update id=200742414 is not handled. Duration 62 ms by bot id=8813857960
2026-06-21 10:13:02,613 [INFO] Update id=200742415 is not handled. Duration 62 ms by bot id=8813857960
2026-06-21 10:13:02,613 [INFO] Update id=200742381 is not handled. Duration 67 ms by bot id=8813857960
2026-06-21 10:13:02,613 [INFO] Update id=200742416 is not handled. Duration 63 ms by bot id=8813857960
2026-06-21 10:13:02,613 [INFO] Update id=200742417 is not handled. Duration 63 ms by bot id=8813857960
2026-06-21 10:13:02,613 [INFO] Update id=200742418 is not handled. Duration 63 ms by bot id=8813857960
2026-06-21 10:13:02,614 [INFO] Update id=200742419 is not handled. Duration 63 ms by bot id=8813857960
2026-06-21 10:13:02,614 [INFO] Update id=200742420 is not handled. Duration 63 ms by bot id=8813857960
2026-06-21 10:13:02,614 [INFO] Update id=200742421 is not handled. Duration 63 ms by bot id=8813857960
2026-06-21 10:13:02,614 [INFO] Update id=200742422 is not handled. Duration 63 ms by bot id=8813857960
2026-06-21 10:13:02,615 [INFO] Update id=200742423 is not handled. Duration 63 ms by bot id=8813857960
2026-06-21 10:13:02,617 [INFO] Update id=200742424 is not handled. Duration 65 ms by bot id=8813857960
2026-06-21 10:13:02,617 [INFO] Update id=200742425 is not handled. Duration 65 ms by bot id=8813857960
2026-06-21 10:13:02,617 [INFO] Update id=200742426 is not handled. Duration 65 ms by bot id=8813857960
2026-06-21 10:13:02,617 [INFO] Update id=200742427 is not handled. Duration 66 ms by bot id=8813857960
2026-06-21 10:13:02,617 [INFO] Update id=200742428 is not handled. Duration 66 ms by bot id=8813857960
2026-06-21 10:13:02,618 [INFO] Update id=200742429 is not handled. Duration 66 ms by bot id=8813857960
2026-06-21 10:13:02,618 [INFO] Update id=200742430 is not handled. Duration 66 ms by bot id=8813857960
2026-06-21 10:13:02,618 [INFO] Update id=200742431 is not handled. Duration 66 ms by bot id=8813857960
2026-06-21 10:13:02,618 [INFO] Update id=200742432 is not handled. Duration 66 ms by bot id=8813857960
2026-06-21 10:13:02,619 [INFO] Update id=200742433 is not handled. Duration 66 ms by bot id=8813857960
2026-06-21 10:13:02,619 [INFO] Update id=200742434 is not handled. Duration 66 ms by bot id=8813857960
2026-06-21 10:13:02,619 [INFO] Update id=200742435 is not handled. Duration 66 ms by bot id=8813857960
2026-06-21 10:13:02,619 [INFO] Update id=200742436 is not handled. Duration 66 ms by bot id=8813857960
2026-06-21 10:13:02,620 [INFO] Update id=200742437 is not handled. Duration 67 ms by bot id=8813857960
2026-06-21 10:13:02,620 [INFO] Update id=200742438 is not handled. Duration 67 ms by bot id=8813857960
2026-06-21 10:13:02,620 [INFO] Update id=200742439 is not handled. Duration 66 ms by bot id=8813857960
2026-06-21 10:13:02,620 [INFO] Update id=200742440 is not handled. Duration 67 ms by bot id=8813857960
2026-06-21 10:13:02,620 [INFO] Update id=200742441 is not handled. Duration 67 ms by bot id=8813857960
2026-06-21 10:13:02,621 [INFO] Update id=200742442 is not handled. Duration 66 ms by bot id=8813857960
2026-06-21 10:13:02,621 [INFO] Update id=200742443 is not handled. Duration 66 ms by bot id=8813857960
2026-06-21 10:13:02,621 [INFO] Update id=200742444 is not handled. Duration 66 ms by bot id=8813857960
2026-06-21 10:13:02,621 [INFO] Update id=200742446 is not handled. Duration 66 ms by bot id=8813857960
2026-06-21 10:13:02,621 [INFO] Update id=200742447 is not handled. Duration 66 ms by bot id=8813857960
2026-06-21 10:13:02,622 [INFO] Update id=200742448 is not handled. Duration 66 ms by bot id=8813857960
2026-06-21 10:13:02,622 [INFO] Update id=200742451 is not handled. Duration 66 ms by bot id=8813857960
2026-06-21 10:13:02,622 [INFO] Update id=200742452 is not handled. Duration 66 ms by bot id=8813857960
2026-06-21 10:13:02,622 [INFO] Update id=200742453 is not handled. Duration 66 ms by bot id=8813857960
2026-06-21 10:13:02,623 [INFO] Update id=200742454 is not handled. Duration 66 ms by bot id=8813857960
2026-06-21 10:13:02,623 [INFO] Update id=200742455 is not handled. Duration 66 ms by bot id=8813857960
2026-06-21 10:13:02,623 [INFO] Update id=200742456 is not handled. Duration 66 ms by bot id=8813857960
2026-06-21 10:13:02,623 [INFO] Update id=200742457 is not handled. Duration 66 ms by bot id=8813857960
2026-06-21 10:13:02,623 [INFO] Update id=200742458 is not handled. Duration 66 ms by bot id=8813857960
2026-06-21 10:13:02,624 [INFO] Update id=200742459 is not handled. Duration 67 ms by bot id=8813857960
2026-06-21 10:13:02,624 [INFO] Update id=200742460 is not handled. Duration 67 ms by bot id=8813857960
2026-06-21 10:13:02,624 [INFO] Update id=200742461 is not handled. Duration 67 ms by bot id=8813857960
2026-06-21 10:13:02,624 [INFO] Update id=200742462 is not handled. Duration 67 ms by bot id=8813857960
2026-06-21 10:13:02,625 [INFO] Update id=200742463 is not handled. Duration 67 ms by bot id=8813857960
2026-06-21 10:13:02,625 [INFO] Update id=200742464 is not handled. Duration 67 ms by bot id=8813857960
2026-06-21 10:13:02,625 [INFO] Update id=200742449 is not handled. Duration 69 ms by bot id=8813857960
2026-06-21 10:13:02,625 [INFO] Update id=200742450 is not handled. Duration 69 ms by bot id=8813857960
2026-06-21 10:13:02,626 [INFO] Update id=200742465 is not handled. Duration 68 ms by bot id=8813857960
2026-06-21 10:13:02,626 [INFO] Update id=200742466 is not handled. Duration 68 ms by bot id=8813857960
2026-06-21 10:13:02,626 [INFO] Update id=200742467 is not handled. Duration 68 ms by bot id=8813857960
2026-06-21 10:13:02,626 [INFO] Update id=200742468 is not handled. Duration 68 ms by bot id=8813857960
2026-06-21 10:13:02,627 [INFO] Update id=200741974 is handled. Duration 970 ms by bot id=8813857960
2026-06-21 10:13:02,646 [INFO] Update id=200741978 is handled. Duration 988 ms by bot id=8813857960
2026-06-21 10:13:02,668 [INFO] Update id=200741973 is handled. Duration 1011 ms by bot id=8813857960
2026-06-21 10:13:02,700 [INFO] Update id=200741976 is handled. Duration 1043 ms by bot id=8813857960
2026-06-21 10:13:02,745 [INFO] Update id=200742037 is handled. Duration 1079 ms by bot id=8813857960
2026-06-21 10:13:02,780 [INFO] Update id=200742469 is not handled. Duration 61 ms by bot id=8813857960
2026-06-21 10:13:02,780 [INFO] Update id=200742470 is not handled. Duration 61 ms by bot id=8813857960
2026-06-21 10:13:02,781 [INFO] Update id=200742471 is not handled. Duration 62 ms by bot id=8813857960
2026-06-21 10:13:02,782 [INFO] Update id=200742485 is not handled. Duration 60 ms by bot id=8813857960
2026-06-21 10:13:02,782 [INFO] Update id=200742472 is not handled. Duration 62 ms by bot id=8813857960
2026-06-21 10:13:02,782 [INFO] Update id=200742474 is not handled. Duration 62 ms by bot id=8813857960
2026-06-21 10:13:02,782 [INFO] Update id=200742475 is not handled. Duration 63 ms by bot id=8813857960
2026-06-21 10:13:02,783 [INFO] Update id=200742486 is not handled. Duration 61 ms by bot id=8813857960
2026-06-21 10:13:02,783 [INFO] Update id=200742477 is not handled. Duration 63 ms by bot id=8813857960
2026-06-21 10:13:02,784 [INFO] Update id=200742478 is not handled. Duration 63 ms by bot id=8813857960
2026-06-21 10:13:02,784 [INFO] Update id=200742487 is not handled. Duration 62 ms by bot id=8813857960
2026-06-21 10:13:02,784 [INFO] Update id=200742480 is not handled. Duration 64 ms by bot id=8813857960
2026-06-21 10:13:02,784 [INFO] Update id=200742481 is not handled. Duration 63 ms by bot id=8813857960
2026-06-21 10:13:02,785 [INFO] Update id=200742488 is not handled. Duration 63 ms by bot id=8813857960
2026-06-21 10:13:02,785 [INFO] Update id=200742483 is not handled. Duration 64 ms by bot id=8813857960
2026-06-21 10:13:02,785 [INFO] Update id=200742484 is not handled. Duration 64 ms by bot id=8813857960
2026-06-21 10:13:02,785 [INFO] Update id=200742473 is not handled. Duration 66 ms by bot id=8813857960
2026-06-21 10:13:02,785 [INFO] Update id=200742476 is not handled. Duration 66 ms by bot id=8813857960
2026-06-21 10:13:02,786 [INFO] Update id=200742493 is not handled. Duration 64 ms by bot id=8813857960
2026-06-21 10:13:02,786 [INFO] Update id=200742479 is not handled. Duration 66 ms by bot id=8813857960
2026-06-21 10:13:02,786 [INFO] Update id=200742494 is not handled. Duration 64 ms by bot id=8813857960
2026-06-21 10:13:02,787 [INFO] Update id=200742495 is not handled. Duration 64 ms by bot id=8813857960
2026-06-21 10:13:02,787 [INFO] Update id=200742496 is not handled. Duration 64 ms by bot id=8813857960
2026-06-21 10:13:02,787 [INFO] Update id=200742497 is not handled. Duration 64 ms by bot id=8813857960
2026-06-21 10:13:02,787 [INFO] Update id=200742498 is not handled. Duration 64 ms by bot id=8813857960
2026-06-21 10:13:02,788 [INFO] Update id=200742499 is not handled. Duration 64 ms by bot id=8813857960
2026-06-21 10:13:02,788 [INFO] Update id=200742500 is not handled. Duration 64 ms by bot id=8813857960
2026-06-21 10:13:02,788 [INFO] Update id=200742501 is not handled. Duration 65 ms by bot id=8813857960
2026-06-21 10:13:02,788 [INFO] Update id=200742502 is not handled. Duration 65 ms by bot id=8813857960
2026-06-21 10:13:02,788 [INFO] Update id=200742517 is not handled. Duration 63 ms by bot id=8813857960
2026-06-21 10:13:02,789 [INFO] Update id=200742504 is not handled. Duration 65 ms by bot id=8813857960
2026-06-21 10:13:02,789 [INFO] Update id=200742505 is not handled. Duration 65 ms by bot id=8813857960
2026-06-21 10:13:02,789 [INFO] Update id=200742506 is not handled. Duration 65 ms by bot id=8813857960
2026-06-21 10:13:02,789 [INFO] Update id=200742507 is not handled. Duration 65 ms by bot id=8813857960
2026-06-21 10:13:02,789 [INFO] Update id=200742508 is not handled. Duration 65 ms by bot id=8813857960
2026-06-21 10:13:02,790 [INFO] Update id=200742509 is not handled. Duration 65 ms by bot id=8813857960
2026-06-21 10:13:02,790 [INFO] Update id=200742510 is not handled. Duration 65 ms by bot id=8813857960
2026-06-21 10:13:02,790 [INFO] Update id=200742511 is not handled. Duration 65 ms by bot id=8813857960
2026-06-21 10:13:02,790 [INFO] Update id=200742512 is not handled. Duration 65 ms by bot id=8813857960
2026-06-21 10:13:02,791 [INFO] Update id=200742513 is not handled. Duration 65 ms by bot id=8813857960
2026-06-21 10:13:02,791 [INFO] Update id=200742518 is not handled. Duration 65 ms by bot id=8813857960
2026-06-21 10:13:02,791 [INFO] Update id=200742515 is not handled. Duration 66 ms by bot id=8813857960
2026-06-21 10:13:02,791 [INFO] Update id=200742516 is not handled. Duration 66 ms by bot id=8813857960
2026-06-21 10:13:02,791 [INFO] Update id=200742519 is not handled. Duration 66 ms by bot id=8813857960
2026-06-21 10:13:02,792 [INFO] Update id=200742520 is not handled. Duration 66 ms by bot id=8813857960
2026-06-21 10:13:02,792 [INFO] Update id=200742521 is not handled. Duration 66 ms by bot id=8813857960
2026-06-21 10:13:02,792 [INFO] Update id=200742522 is not handled. Duration 66 ms by bot id=8813857960
2026-06-21 10:13:02,792 [INFO] Update id=200742482 is not handled. Duration 71 ms by bot id=8813857960
2026-06-21 10:13:02,793 [INFO] Update id=200742523 is not handled. Duration 66 ms by bot id=8813857960
2026-06-21 10:13:02,793 [INFO] Update id=200742525 is not handled. Duration 66 ms by bot id=8813857960
2026-06-21 10:13:02,793 [INFO] Update id=200742526 is not handled. Duration 66 ms by bot id=8813857960
2026-06-21 10:13:02,793 [INFO] Update id=200742527 is not handled. Duration 67 ms by bot id=8813857960
2026-06-21 10:13:02,794 [INFO] Update id=200742528 is not handled. Duration 67 ms by bot id=8813857960
2026-06-21 10:13:02,794 [INFO] Update id=200742529 is not handled. Duration 67 ms by bot id=8813857960
2026-06-21 10:13:02,794 [INFO] Update id=200742530 is not handled. Duration 67 ms by bot id=8813857960
2026-06-21 10:13:02,794 [INFO] Update id=200742531 is not handled. Duration 67 ms by bot id=8813857960
2026-06-21 10:13:02,794 [INFO] Update id=200742532 is not handled. Duration 67 ms by bot id=8813857960
2026-06-21 10:13:02,795 [INFO] Update id=200742534 is not handled. Duration 67 ms by bot id=8813857960
2026-06-21 10:13:02,795 [INFO] Update id=200742535 is not handled. Duration 67 ms by bot id=8813857960
2026-06-21 10:13:02,795 [INFO] Update id=200742536 is not handled. Duration 67 ms by bot id=8813857960
2026-06-21 10:13:02,795 [INFO] Update id=200742537 is not handled. Duration 67 ms by bot id=8813857960
2026-06-21 10:13:02,795 [INFO] Update id=200742503 is not handled. Duration 72 ms by bot id=8813857960
2026-06-21 10:13:02,796 [INFO] Update id=200742538 is not handled. Duration 67 ms by bot id=8813857960
2026-06-21 10:13:02,796 [INFO] Update id=200742524 is not handled. Duration 69 ms by bot id=8813857960
2026-06-21 10:13:02,796 [INFO] Update id=200742539 is not handled. Duration 68 ms by bot id=8813857960
2026-06-21 10:13:02,796 [INFO] Update id=200742540 is not handled. Duration 68 ms by bot id=8813857960
2026-06-21 10:13:02,797 [INFO] Update id=200742541 is not handled. Duration 68 ms by bot id=8813857960
2026-06-21 10:13:02,797 [INFO] Update id=200742542 is not handled. Duration 68 ms by bot id=8813857960
2026-06-21 10:13:02,797 [INFO] Update id=200742543 is not handled. Duration 68 ms by bot id=8813857960
2026-06-21 10:13:02,797 [INFO] Update id=200742544 is not handled. Duration 68 ms by bot id=8813857960
2026-06-21 10:13:02,797 [INFO] Update id=200742545 is not handled. Duration 68 ms by bot id=8813857960
2026-06-21 10:13:02,798 [INFO] Update id=200742546 is not handled. Duration 68 ms by bot id=8813857960
2026-06-21 10:13:02,798 [INFO] Update id=200742533 is not handled. Duration 70 ms by bot id=8813857960
2026-06-21 10:13:02,798 [INFO] Update id=200742547 is not handled. Duration 68 ms by bot id=8813857960
2026-06-21 10:13:02,800 [INFO] Update id=200742548 is not handled. Duration 70 ms by bot id=8813857960
2026-06-21 10:13:02,800 [INFO] Update id=200742549 is not handled. Duration 70 ms by bot id=8813857960
2026-06-21 10:13:02,800 [INFO] Update id=200742550 is not handled. Duration 70 ms by bot id=8813857960
2026-06-21 10:13:02,801 [INFO] Update id=200742551 is not handled. Duration 70 ms by bot id=8813857960
2026-06-21 10:13:02,801 [INFO] Update id=200742552 is not handled. Duration 71 ms by bot id=8813857960
2026-06-21 10:13:02,801 [INFO] Update id=200742553 is not handled. Duration 71 ms by bot id=8813857960
2026-06-21 10:13:02,801 [INFO] Update id=200742554 is not handled. Duration 71 ms by bot id=8813857960
2026-06-21 10:13:02,801 [INFO] Update id=200742555 is not handled. Duration 71 ms by bot id=8813857960
2026-06-21 10:13:02,802 [INFO] Update id=200742556 is not handled. Duration 71 ms by bot id=8813857960
2026-06-21 10:13:02,802 [INFO] Update id=200742557 is not handled. Duration 71 ms by bot id=8813857960
2026-06-21 10:13:02,802 [INFO] Update id=200742558 is not handled. Duration 71 ms by bot id=8813857960
2026-06-21 10:13:02,802 [INFO] Update id=200742514 is not handled. Duration 77 ms by bot id=8813857960
2026-06-21 10:13:02,803 [INFO] Update id=200742559 is not handled. Duration 71 ms by bot id=8813857960
2026-06-21 10:13:02,803 [INFO] Update id=200742560 is not handled. Duration 71 ms by bot id=8813857960
2026-06-21 10:13:02,803 [INFO] Update id=200742561 is not handled. Duration 71 ms by bot id=8813857960
2026-06-21 10:13:02,803 [INFO] Update id=200742562 is not handled. Duration 72 ms by bot id=8813857960
2026-06-21 10:13:02,803 [INFO] Update id=200742563 is not handled. Duration 72 ms by bot id=8813857960
2026-06-21 10:13:02,804 [INFO] Update id=200742564 is not handled. Duration 72 ms by bot id=8813857960
2026-06-21 10:13:02,804 [INFO] Update id=200742565 is not handled. Duration 71 ms by bot id=8813857960
2026-06-21 10:13:02,804 [INFO] Update id=200742566 is not handled. Duration 72 ms by bot id=8813857960
2026-06-21 10:13:02,804 [INFO] Update id=200742567 is not handled. Duration 72 ms by bot id=8813857960
2026-06-21 10:13:02,804 [INFO] Update id=200742568 is not handled. Duration 72 ms by bot id=8813857960
2026-06-21 10:13:02,953 [INFO] Update id=200742573 is not handled. Duration 49 ms by bot id=8813857960
2026-06-21 10:13:02,953 [INFO] Update id=200742585 is not handled. Duration 48 ms by bot id=8813857960
2026-06-21 10:13:02,954 [INFO] Update id=200742586 is not handled. Duration 48 ms by bot id=8813857960
2026-06-21 10:13:02,954 [INFO] Update id=200742587 is not handled. Duration 49 ms by bot id=8813857960
2026-06-21 10:13:02,955 [INFO] Update id=200742577 is not handled. Duration 50 ms by bot id=8813857960
2026-06-21 10:13:02,955 [INFO] Update id=200742578 is not handled. Duration 50 ms by bot id=8813857960
2026-06-21 10:13:02,955 [INFO] Update id=200742579 is not handled. Duration 50 ms by bot id=8813857960
2026-06-21 10:13:02,955 [INFO] Update id=200742581 is not handled. Duration 50 ms by bot id=8813857960
2026-06-21 10:13:02,956 [INFO] Update id=200742588 is not handled. Duration 50 ms by bot id=8813857960
2026-06-21 10:13:02,956 [INFO] Update id=200742589 is not handled. Duration 50 ms by bot id=8813857960
2026-06-21 10:13:02,956 [INFO] Update id=200742590 is not handled. Duration 50 ms by bot id=8813857960
2026-06-21 10:13:02,956 [INFO] Update id=200742591 is not handled. Duration 50 ms by bot id=8813857960
2026-06-21 10:13:02,956 [INFO] Update id=200742572 is not handled. Duration 53 ms by bot id=8813857960
2026-06-21 10:13:02,957 [INFO] Update id=200742569 is not handled. Duration 54 ms by bot id=8813857960
2026-06-21 10:13:02,957 [INFO] Update id=200742571 is not handled. Duration 53 ms by bot id=8813857960
2026-06-21 10:13:02,957 [INFO] Update id=200742570 is not handled. Duration 54 ms by bot id=8813857960
2026-06-21 10:13:02,957 [INFO] Update id=200742575 is not handled. Duration 53 ms by bot id=8813857960
2026-06-21 10:13:02,957 [INFO] Update id=200742576 is not handled. Duration 53 ms by bot id=8813857960
2026-06-21 10:13:02,958 [INFO] Update id=200742592 is not handled. Duration 51 ms by bot id=8813857960
2026-06-21 10:13:02,958 [INFO] Update id=200742593 is not handled. Duration 51 ms by bot id=8813857960
2026-06-21 10:13:02,958 [INFO] Update id=200742594 is not handled. Duration 51 ms by bot id=8813857960
2026-06-21 10:13:02,958 [INFO] Update id=200742595 is not handled. Duration 51 ms by bot id=8813857960
2026-06-21 10:13:02,959 [INFO] Update id=200742596 is not handled. Duration 51 ms by bot id=8813857960
2026-06-21 10:13:02,959 [INFO] Update id=200742597 is not handled. Duration 52 ms by bot id=8813857960
2026-06-21 10:13:02,959 [INFO] Update id=200742598 is not handled. Duration 51 ms by bot id=8813857960
2026-06-21 10:13:02,959 [INFO] Update id=200742599 is not handled. Duration 51 ms by bot id=8813857960
2026-06-21 10:13:02,959 [INFO] Update id=200742583 is not handled. Duration 54 ms by bot id=8813857960
2026-06-21 10:13:02,960 [INFO] Update id=200742600 is not handled. Duration 52 ms by bot id=8813857960
2026-06-21 10:13:02,960 [INFO] Update id=200742601 is not handled. Duration 52 ms by bot id=8813857960
2026-06-21 10:13:02,960 [INFO] Update id=200742602 is not handled. Duration 52 ms by bot id=8813857960
2026-06-21 10:13:02,960 [INFO] Update id=200742603 is not handled. Duration 52 ms by bot id=8813857960
2026-06-21 10:13:02,961 [INFO] Update id=200742604 is not handled. Duration 52 ms by bot id=8813857960
2026-06-21 10:13:02,961 [INFO] Update id=200742605 is not handled. Duration 52 ms by bot id=8813857960
2026-06-21 10:13:02,961 [INFO] Update id=200742606 is not handled. Duration 52 ms by bot id=8813857960
2026-06-21 10:13:02,961 [INFO] Update id=200742607 is not handled. Duration 52 ms by bot id=8813857960
2026-06-21 10:13:02,961 [INFO] Update id=200742608 is not handled. Duration 52 ms by bot id=8813857960
2026-06-21 10:13:02,962 [INFO] Update id=200742609 is not handled. Duration 53 ms by bot id=8813857960
2026-06-21 10:13:02,962 [INFO] Update id=200742584 is not handled. Duration 56 ms by bot id=8813857960
2026-06-21 10:13:02,962 [INFO] Update id=200742610 is not handled. Duration 53 ms by bot id=8813857960
2026-06-21 10:13:02,962 [INFO] Update id=200742611 is not handled. Duration 53 ms by bot id=8813857960
2026-06-21 10:13:02,962 [INFO] Update id=200742612 is not handled. Duration 53 ms by bot id=8813857960
2026-06-21 10:13:02,963 [INFO] Update id=200742613 is not handled. Duration 53 ms by bot id=8813857960
2026-06-21 10:13:02,963 [INFO] Update id=200742574 is not handled. Duration 59 ms by bot id=8813857960
2026-06-21 10:13:02,963 [INFO] Update id=200742614 is not handled. Duration 53 ms by bot id=8813857960
2026-06-21 10:13:02,963 [INFO] Update id=200742615 is not handled. Duration 54 ms by bot id=8813857960
2026-06-21 10:13:02,964 [INFO] Update id=200742616 is not handled. Duration 54 ms by bot id=8813857960
2026-06-21 10:13:02,964 [INFO] Update id=200742617 is not handled. Duration 54 ms by bot id=8813857960
2026-06-21 10:13:02,964 [INFO] Update id=200742618 is not handled. Duration 54 ms by bot id=8813857960
2026-06-21 10:13:02,964 [INFO] Update id=200742619 is not handled. Duration 54 ms by bot id=8813857960
2026-06-21 10:13:02,965 [INFO] Update id=200742620 is not handled. Duration 54 ms by bot id=8813857960
2026-06-21 10:13:02,965 [INFO] Update id=200742582 is not handled. Duration 60 ms by bot id=8813857960
2026-06-21 10:13:02,965 [INFO] Update id=200742621 is not handled. Duration 54 ms by bot id=8813857960
2026-06-21 10:13:02,965 [INFO] Update id=200742622 is not handled. Duration 54 ms by bot id=8813857960
2026-06-21 10:13:02,965 [INFO] Update id=200742623 is not handled. Duration 54 ms by bot id=8813857960
2026-06-21 10:13:02,966 [INFO] Update id=200742624 is not handled. Duration 54 ms by bot id=8813857960
2026-06-21 10:13:02,966 [INFO] Update id=200742625 is not handled. Duration 54 ms by bot id=8813857960
2026-06-21 10:13:02,966 [INFO] Update id=200742626 is not handled. Duration 55 ms by bot id=8813857960
2026-06-21 10:13:02,966 [INFO] Update id=200742627 is not handled. Duration 55 ms by bot id=8813857960
2026-06-21 10:13:02,966 [INFO] Update id=200742628 is not handled. Duration 55 ms by bot id=8813857960
2026-06-21 10:13:02,967 [INFO] Update id=200742580 is not handled. Duration 62 ms by bot id=8813857960
2026-06-21 10:13:02,969 [INFO] Update id=200742629 is not handled. Duration 57 ms by bot id=8813857960
2026-06-21 10:13:02,969 [INFO] Update id=200742630 is not handled. Duration 57 ms by bot id=8813857960
2026-06-21 10:13:02,969 [INFO] Update id=200742631 is not handled. Duration 57 ms by bot id=8813857960
2026-06-21 10:13:02,969 [INFO] Update id=200742632 is not handled. Duration 57 ms by bot id=8813857960
2026-06-21 10:13:02,970 [INFO] Update id=200742633 is not handled. Duration 57 ms by bot id=8813857960
2026-06-21 10:13:02,970 [INFO] Update id=200742648 is not handled. Duration 55 ms by bot id=8813857960
2026-06-21 10:13:02,970 [INFO] Update id=200742649 is not handled. Duration 55 ms by bot id=8813857960
2026-06-21 10:13:02,970 [INFO] Update id=200742650 is not handled. Duration 55 ms by bot id=8813857960
2026-06-21 10:13:02,970 [INFO] Update id=200742635 is not handled. Duration 58 ms by bot id=8813857960
2026-06-21 10:13:02,971 [INFO] Update id=200742636 is not handled. Duration 58 ms by bot id=8813857960
2026-06-21 10:13:02,971 [INFO] Update id=200742637 is not handled. Duration 58 ms by bot id=8813857960
2026-06-21 10:13:02,971 [INFO] Update id=200742638 is not handled. Duration 58 ms by bot id=8813857960
2026-06-21 10:13:02,971 [INFO] Update id=200742639 is not handled. Duration 58 ms by bot id=8813857960
2026-06-21 10:13:02,972 [INFO] Update id=200742640 is not handled. Duration 58 ms by bot id=8813857960
2026-06-21 10:13:02,972 [INFO] Update id=200742641 is not handled. Duration 58 ms by bot id=8813857960
2026-06-21 10:13:02,972 [INFO] Update id=200742642 is not handled. Duration 58 ms by bot id=8813857960
2026-06-21 10:13:02,972 [INFO] Update id=200742643 is not handled. Duration 58 ms by bot id=8813857960
2026-06-21 10:13:02,972 [INFO] Update id=200742644 is not handled. Duration 58 ms by bot id=8813857960
2026-06-21 10:13:02,973 [INFO] Update id=200742645 is not handled. Duration 59 ms by bot id=8813857960
2026-06-21 10:13:02,973 [INFO] Update id=200742646 is not handled. Duration 59 ms by bot id=8813857960
2026-06-21 10:13:02,973 [INFO] Update id=200742647 is not handled. Duration 59 ms by bot id=8813857960
2026-06-21 10:13:02,973 [INFO] Update id=200742651 is not handled. Duration 58 ms by bot id=8813857960
2026-06-21 10:13:02,973 [INFO] Update id=200742652 is not handled. Duration 58 ms by bot id=8813857960
2026-06-21 10:13:02,974 [INFO] Update id=200742653 is not handled. Duration 58 ms by bot id=8813857960
2026-06-21 10:13:02,974 [INFO] Update id=200742654 is not handled. Duration 58 ms by bot id=8813857960
2026-06-21 10:13:02,974 [INFO] Update id=200742655 is not handled. Duration 58 ms by bot id=8813857960
2026-06-21 10:13:02,974 [INFO] Update id=200742656 is not handled. Duration 59 ms by bot id=8813857960
2026-06-21 10:13:02,975 [INFO] Update id=200742657 is not handled. Duration 59 ms by bot id=8813857960
2026-06-21 10:13:02,975 [INFO] Update id=200742658 is not handled. Duration 59 ms by bot id=8813857960
2026-06-21 10:13:02,975 [INFO] Update id=200742659 is not handled. Duration 59 ms by bot id=8813857960
2026-06-21 10:13:02,975 [INFO] Update id=200742660 is not handled. Duration 59 ms by bot id=8813857960
2026-06-21 10:13:02,975 [INFO] Update id=200742661 is not handled. Duration 59 ms by bot id=8813857960
2026-06-21 10:13:02,976 [INFO] Update id=200742662 is not handled. Duration 59 ms by bot id=8813857960
2026-06-21 10:13:02,976 [INFO] Update id=200742663 is not handled. Duration 59 ms by bot id=8813857960
2026-06-21 10:13:02,976 [INFO] Update id=200742664 is not handled. Duration 59 ms by bot id=8813857960
2026-06-21 10:13:02,976 [INFO] Update id=200742665 is not handled. Duration 59 ms by bot id=8813857960
2026-06-21 10:13:02,977 [INFO] Update id=200742666 is not handled. Duration 59 ms by bot id=8813857960
2026-06-21 10:13:02,977 [INFO] Update id=200742667 is not handled. Duration 60 ms by bot id=8813857960
2026-06-21 10:13:02,977 [INFO] Update id=200742668 is not handled. Duration 60 ms by bot id=8813857960
2026-06-21 10:13:03,137 [INFO] Update id=200742672 is not handled. Duration 47 ms by bot id=8813857960
2026-06-21 10:13:03,138 [INFO] Update id=200742674 is not handled. Duration 48 ms by bot id=8813857960
2026-06-21 10:13:03,139 [INFO] Update id=200742680 is not handled. Duration 48 ms by bot id=8813857960
2026-06-21 10:13:03,140 [INFO] Update id=200742682 is not handled. Duration 48 ms by bot id=8813857960
2026-06-21 10:13:03,140 [INFO] Update id=200742685 is not handled. Duration 48 ms by bot id=8813857960
2026-06-21 10:13:03,141 [INFO] Update id=200742684 is not handled. Duration 49 ms by bot id=8813857960
2026-06-21 10:13:03,141 [INFO] Update id=200742686 is not handled. Duration 48 ms by bot id=8813857960
2026-06-21 10:13:03,141 [INFO] Update id=200742687 is not handled. Duration 49 ms by bot id=8813857960
2026-06-21 10:13:03,141 [INFO] Update id=200742669 is not handled. Duration 52 ms by bot id=8813857960
2026-06-21 10:13:03,141 [INFO] Update id=200742673 is not handled. Duration 51 ms by bot id=8813857960
2026-06-21 10:13:03,142 [INFO] Update id=200742688 is not handled. Duration 49 ms by bot id=8813857960
2026-06-21 10:13:03,142 [INFO] Update id=200742689 is not handled. Duration 49 ms by bot id=8813857960
2026-06-21 10:13:03,142 [INFO] Update id=200742690 is not handled. Duration 49 ms by bot id=8813857960
2026-06-21 10:13:03,142 [INFO] Update id=200742677 is not handled. Duration 51 ms by bot id=8813857960
2026-06-21 10:13:03,142 [INFO] Update id=200742675 is not handled. Duration 52 ms by bot id=8813857960
2026-06-21 10:13:03,143 [INFO] Update id=200742679 is not handled. Duration 51 ms by bot id=8813857960
2026-06-21 10:13:03,143 [INFO] Update id=200742691 is not handled. Duration 50 ms by bot id=8813857960
2026-06-21 10:13:03,143 [INFO] Update id=200742692 is not handled. Duration 50 ms by bot id=8813857960
2026-06-21 10:13:03,143 [INFO] Update id=200742693 is not handled. Duration 50 ms by bot id=8813857960
2026-06-21 10:13:03,144 [INFO] Update id=200742670 is not handled. Duration 54 ms by bot id=8813857960
2026-06-21 10:13:03,144 [INFO] Update id=200742671 is not handled. Duration 54 ms by bot id=8813857960
2026-06-21 10:13:03,144 [INFO] Update id=200742694 is not handled. Duration 51 ms by bot id=8813857960
2026-06-21 10:13:03,144 [INFO] Update id=200742696 is not handled. Duration 51 ms by bot id=8813857960
2026-06-21 10:13:03,145 [INFO] Update id=200742697 is not handled. Duration 51 ms by bot id=8813857960
2026-06-21 10:13:03,145 [INFO] Update id=200742676 is not handled. Duration 54 ms by bot id=8813857960
2026-06-21 10:13:03,146 [INFO] Update id=200742698 is not handled. Duration 52 ms by bot id=8813857960
2026-06-21 10:13:03,147 [INFO] Update id=200742699 is not handled. Duration 53 ms by bot id=8813857960
2026-06-21 10:13:03,148 [INFO] Update id=200742681 is not handled. Duration 56 ms by bot id=8813857960
2026-06-21 10:13:03,149 [INFO] Update id=200742700 is not handled. Duration 55 ms by bot id=8813857960
2026-06-21 10:13:03,149 [INFO] Update id=200742678 is not handled. Duration 58 ms by bot id=8813857960
2026-06-21 10:13:03,149 [INFO] Update id=200742683 is not handled. Duration 57 ms by bot id=8813857960
2026-06-21 10:13:03,149 [INFO] Update id=200742701 is not handled. Duration 55 ms by bot id=8813857960
2026-06-21 10:13:03,150 [INFO] Update id=200742702 is not handled. Duration 55 ms by bot id=8813857960
2026-06-21 10:13:03,150 [INFO] Update id=200742703 is not handled. Duration 55 ms by bot id=8813857960
2026-06-21 10:13:03,150 [INFO] Update id=200742704 is not handled. Duration 55 ms by bot id=8813857960
2026-06-21 10:13:03,150 [INFO] Update id=200742705 is not handled. Duration 55 ms by bot id=8813857960
2026-06-21 10:13:03,151 [INFO] Update id=200742706 is not handled. Duration 55 ms by bot id=8813857960
2026-06-21 10:13:03,151 [INFO] Update id=200742707 is not handled. Duration 56 ms by bot id=8813857960
2026-06-21 10:13:03,151 [INFO] Update id=200742708 is not handled. Duration 56 ms by bot id=8813857960
2026-06-21 10:13:03,151 [INFO] Update id=200742709 is not handled. Duration 56 ms by bot id=8813857960
2026-06-21 10:13:03,151 [INFO] Update id=200742710 is not handled. Duration 56 ms by bot id=8813857960
2026-06-21 10:13:03,152 [INFO] Update id=200742711 is not handled. Duration 56 ms by bot id=8813857960
2026-06-21 10:13:03,152 [INFO] Update id=200742712 is not handled. Duration 56 ms by bot id=8813857960
2026-06-21 10:13:03,152 [INFO] Update id=200742713 is not handled. Duration 56 ms by bot id=8813857960
2026-06-21 10:13:03,154 [INFO] Update id=200742714 is not handled. Duration 58 ms by bot id=8813857960
2026-06-21 10:13:03,154 [INFO] Update id=200742715 is not handled. Duration 58 ms by bot id=8813857960
2026-06-21 10:13:03,155 [INFO] Update id=200742716 is not handled. Duration 58 ms by bot id=8813857960
2026-06-21 10:13:03,155 [INFO] Update id=200742717 is not handled. Duration 58 ms by bot id=8813857960
2026-06-21 10:13:03,155 [INFO] Update id=200742718 is not handled. Duration 58 ms by bot id=8813857960
2026-06-21 10:13:03,155 [INFO] Update id=200742719 is not handled. Duration 59 ms by bot id=8813857960
2026-06-21 10:13:03,155 [INFO] Update id=200742720 is not handled. Duration 59 ms by bot id=8813857960
2026-06-21 10:13:03,156 [INFO] Update id=200742721 is not handled. Duration 59 ms by bot id=8813857960
2026-06-21 10:13:03,156 [INFO] Update id=200742722 is not handled. Duration 59 ms by bot id=8813857960
2026-06-21 10:13:03,156 [INFO] Update id=200742723 is not handled. Duration 59 ms by bot id=8813857960
2026-06-21 10:13:03,156 [INFO] Update id=200742724 is not handled. Duration 59 ms by bot id=8813857960
2026-06-21 10:13:03,157 [INFO] Update id=200742725 is not handled. Duration 59 ms by bot id=8813857960
2026-06-21 10:13:03,157 [INFO] Update id=200742726 is not handled. Duration 59 ms by bot id=8813857960
2026-06-21 10:13:03,157 [INFO] Update id=200742727 is not handled. Duration 59 ms by bot id=8813857960
2026-06-21 10:13:03,157 [INFO] Update id=200742728 is not handled. Duration 59 ms by bot id=8813857960
2026-06-21 10:13:03,157 [INFO] Update id=200742729 is not handled. Duration 59 ms by bot id=8813857960
2026-06-21 10:13:03,158 [INFO] Update id=200742730 is not handled. Duration 59 ms by bot id=8813857960
2026-06-21 10:13:03,158 [INFO] Update id=200742731 is not handled. Duration 59 ms by bot id=8813857960
2026-06-21 10:13:03,158 [INFO] Update id=200742732 is not handled. Duration 59 ms by bot id=8813857960
2026-06-21 10:13:03,158 [INFO] Update id=200742733 is not handled. Duration 60 ms by bot id=8813857960
2026-06-21 10:13:03,158 [INFO] Update id=200742734 is not handled. Duration 60 ms by bot id=8813857960
2026-06-21 10:13:03,159 [INFO] Update id=200742735 is not handled. Duration 60 ms by bot id=8813857960
2026-06-21 10:13:03,159 [INFO] Update id=200742736 is not handled. Duration 60 ms by bot id=8813857960
2026-06-21 10:13:03,159 [INFO] Update id=200742737 is not handled. Duration 60 ms by bot id=8813857960
2026-06-21 10:13:03,159 [INFO] Update id=200742738 is not handled. Duration 60 ms by bot id=8813857960
2026-06-21 10:13:03,160 [INFO] Update id=200742739 is not handled. Duration 60 ms by bot id=8813857960
2026-06-21 10:13:03,160 [INFO] Update id=200742740 is not handled. Duration 60 ms by bot id=8813857960
2026-06-21 10:13:03,160 [INFO] Update id=200742741 is not handled. Duration 60 ms by bot id=8813857960
2026-06-21 10:13:03,160 [INFO] Update id=200742742 is not handled. Duration 60 ms by bot id=8813857960
2026-06-21 10:13:03,160 [INFO] Update id=200742743 is not handled. Duration 60 ms by bot id=8813857960
2026-06-21 10:13:03,161 [INFO] Update id=200742744 is not handled. Duration 61 ms by bot id=8813857960
2026-06-21 10:13:03,161 [INFO] Update id=200742745 is not handled. Duration 61 ms by bot id=8813857960
2026-06-21 10:13:03,161 [INFO] Update id=200742746 is not handled. Duration 61 ms by bot id=8813857960
2026-06-21 10:13:03,161 [INFO] Update id=200742747 is not handled. Duration 61 ms by bot id=8813857960
2026-06-21 10:13:03,161 [INFO] Update id=200742748 is not handled. Duration 61 ms by bot id=8813857960
2026-06-21 10:13:03,162 [INFO] Update id=200742749 is not handled. Duration 61 ms by bot id=8813857960
2026-06-21 10:13:03,162 [INFO] Update id=200742750 is not handled. Duration 61 ms by bot id=8813857960
2026-06-21 10:13:03,162 [INFO] Update id=200742751 is not handled. Duration 61 ms by bot id=8813857960
2026-06-21 10:13:03,162 [INFO] Update id=200742752 is not handled. Duration 61 ms by bot id=8813857960
2026-06-21 10:13:03,163 [INFO] Update id=200742753 is not handled. Duration 61 ms by bot id=8813857960
2026-06-21 10:13:03,163 [INFO] Update id=200742754 is not handled. Duration 61 ms by bot id=8813857960
2026-06-21 10:13:03,163 [INFO] Update id=200742755 is not handled. Duration 61 ms by bot id=8813857960
2026-06-21 10:13:03,163 [INFO] Update id=200742756 is not handled. Duration 62 ms by bot id=8813857960
2026-06-21 10:13:03,163 [INFO] Update id=200742757 is not handled. Duration 62 ms by bot id=8813857960
2026-06-21 10:13:03,164 [INFO] Update id=200742758 is not handled. Duration 62 ms by bot id=8813857960
2026-06-21 10:13:03,164 [INFO] Update id=200742759 is not handled. Duration 62 ms by bot id=8813857960
2026-06-21 10:13:03,164 [INFO] Update id=200742760 is not handled. Duration 62 ms by bot id=8813857960
2026-06-21 10:13:03,164 [INFO] Update id=200742761 is not handled. Duration 62 ms by bot id=8813857960
2026-06-21 10:13:03,164 [INFO] Update id=200742762 is not handled. Duration 62 ms by bot id=8813857960
2026-06-21 10:13:03,165 [INFO] Update id=200742763 is not handled. Duration 62 ms by bot id=8813857960
2026-06-21 10:13:03,165 [INFO] Update id=200742764 is not handled. Duration 62 ms by bot id=8813857960
2026-06-21 10:13:03,165 [INFO] Update id=200742765 is not handled. Duration 62 ms by bot id=8813857960
2026-06-21 10:13:03,165 [INFO] Update id=200742766 is not handled. Duration 62 ms by bot id=8813857960
2026-06-21 10:13:03,166 [INFO] Update id=200742767 is not handled. Duration 62 ms by bot id=8813857960
2026-06-21 10:13:03,166 [INFO] Update id=200742768 is not handled. Duration 62 ms by bot id=8813857960
2026-06-21 10:13:03,166 [INFO] Update id=200742695 is not handled. Duration 73 ms by bot id=8813857960
2026-06-21 10:13:03,205 [INFO] Update id=200742634 is handled. Duration 292 ms by bot id=8813857960
2026-06-21 10:13:03,323 [INFO] Update id=200742769 is not handled. Duration 49 ms by bot id=8813857960
2026-06-21 10:13:03,324 [INFO] Update id=200742770 is not handled. Duration 49 ms by bot id=8813857960
2026-06-21 10:13:03,325 [INFO] Update id=200742771 is not handled. Duration 50 ms by bot id=8813857960
2026-06-21 10:13:03,325 [INFO] Update id=200742772 is not handled. Duration 50 ms by bot id=8813857960
2026-06-21 10:13:03,325 [INFO] Update id=200742773 is not handled. Duration 50 ms by bot id=8813857960
2026-06-21 10:13:03,325 [INFO] Update id=200742774 is not handled. Duration 50 ms by bot id=8813857960
2026-06-21 10:13:03,326 [INFO] Update id=200742775 is not handled. Duration 50 ms by bot id=8813857960
2026-06-21 10:13:03,326 [INFO] Update id=200742776 is not handled. Duration 50 ms by bot id=8813857960
2026-06-21 10:13:03,326 [INFO] Update id=200742785 is not handled. Duration 49 ms by bot id=8813857960
2026-06-21 10:13:03,326 [INFO] Update id=200742778 is not handled. Duration 50 ms by bot id=8813857960
2026-06-21 10:13:03,326 [INFO] Update id=200742777 is not handled. Duration 51 ms by bot id=8813857960
2026-06-21 10:13:03,327 [INFO] Update id=200742786 is not handled. Duration 50 ms by bot id=8813857960
2026-06-21 10:13:03,327 [INFO] Update id=200742781 is not handled. Duration 51 ms by bot id=8813857960
2026-06-21 10:13:03,327 [INFO] Update id=200742787 is not handled. Duration 50 ms by bot id=8813857960
2026-06-21 10:13:03,327 [INFO] Update id=200742783 is not handled. Duration 51 ms by bot id=8813857960
2026-06-21 10:13:03,327 [INFO] Update id=200742788 is not handled. Duration 50 ms by bot id=8813857960
2026-06-21 10:13:03,328 [INFO] Update id=200742789 is not handled. Duration 50 ms by bot id=8813857960
2026-06-21 10:13:03,328 [INFO] Update id=200742790 is not handled. Duration 51 ms by bot id=8813857960
2026-06-21 10:13:03,328 [INFO] Update id=200742791 is not handled. Duration 51 ms by bot id=8813857960
2026-06-21 10:13:03,328 [INFO] Update id=200742779 is not handled. Duration 52 ms by bot id=8813857960
2026-06-21 10:13:03,329 [INFO] Update id=200742792 is not handled. Duration 51 ms by bot id=8813857960
2026-06-21 10:13:03,329 [INFO] Update id=200742793 is not handled. Duration 51 ms by bot id=8813857960
2026-06-21 10:13:03,329 [INFO] Update id=200742794 is not handled. Duration 51 ms by bot id=8813857960
2026-06-21 10:13:03,329 [INFO] Update id=200742780 is not handled. Duration 53 ms by bot id=8813857960
2026-06-21 10:13:03,329 [INFO] Update id=200742795 is not handled. Duration 51 ms by bot id=8813857960
2026-06-21 10:13:03,330 [INFO] Update id=200742796 is not handled. Duration 51 ms by bot id=8813857960
2026-06-21 10:13:03,330 [INFO] Update id=200742797 is not handled. Duration 51 ms by bot id=8813857960
2026-06-21 10:13:03,330 [INFO] Update id=200742798 is not handled. Duration 52 ms by bot id=8813857960
2026-06-21 10:13:03,330 [INFO] Update id=200742784 is not handled. Duration 54 ms by bot id=8813857960
2026-06-21 10:13:03,330 [INFO] Update id=200742799 is not handled. Duration 52 ms by bot id=8813857960
2026-06-21 10:13:03,331 [INFO] Update id=200742800 is not handled. Duration 52 ms by bot id=8813857960
2026-06-21 10:13:03,331 [INFO] Update id=200742801 is not handled. Duration 52 ms by bot id=8813857960
2026-06-21 10:13:03,331 [INFO] Update id=200742802 is not handled. Duration 52 ms by bot id=8813857960
2026-06-21 10:13:03,331 [INFO] Update id=200742803 is not handled. Duration 52 ms by bot id=8813857960
2026-06-21 10:13:03,332 [INFO] Update id=200742804 is not handled. Duration 52 ms by bot id=8813857960
2026-06-21 10:13:03,332 [INFO] Update id=200742805 is not handled. Duration 52 ms by bot id=8813857960
2026-06-21 10:13:03,332 [INFO] Update id=200742806 is not handled. Duration 52 ms by bot id=8813857960
2026-06-21 10:13:03,332 [INFO] Update id=200742807 is not handled. Duration 52 ms by bot id=8813857960
2026-06-21 10:13:03,332 [INFO] Update id=200742808 is not handled. Duration 52 ms by bot id=8813857960
2026-06-21 10:13:03,333 [INFO] Update id=200742809 is not handled. Duration 52 ms by bot id=8813857960
2026-06-21 10:13:03,333 [INFO] Update id=200742810 is not handled. Duration 53 ms by bot id=8813857960
2026-06-21 10:13:03,333 [INFO] Update id=200742811 is not handled. Duration 53 ms by bot id=8813857960
2026-06-21 10:13:03,333 [INFO] Update id=200742812 is not handled. Duration 53 ms by bot id=8813857960
2026-06-21 10:13:03,334 [INFO] Update id=200742813 is not handled. Duration 53 ms by bot id=8813857960
2026-06-21 10:13:03,334 [INFO] Update id=200742814 is not handled. Duration 53 ms by bot id=8813857960
2026-06-21 10:13:03,334 [INFO] Update id=200742815 is not handled. Duration 53 ms by bot id=8813857960
2026-06-21 10:13:03,334 [INFO] Update id=200742816 is not handled. Duration 53 ms by bot id=8813857960
2026-06-21 10:13:03,334 [INFO] Update id=200742817 is not handled. Duration 53 ms by bot id=8813857960
2026-06-21 10:13:03,335 [INFO] Update id=200742818 is not handled. Duration 53 ms by bot id=8813857960
2026-06-21 10:13:03,335 [INFO] Update id=200742819 is not handled. Duration 53 ms by bot id=8813857960
2026-06-21 10:13:03,335 [INFO] Update id=200742820 is not handled. Duration 53 ms by bot id=8813857960
2026-06-21 10:13:03,335 [INFO] Update id=200742821 is not handled. Duration 54 ms by bot id=8813857960
2026-06-21 10:13:03,335 [INFO] Update id=200742822 is not handled. Duration 54 ms by bot id=8813857960
2026-06-21 10:13:03,336 [INFO] Update id=200742823 is not handled. Duration 54 ms by bot id=8813857960
2026-06-21 10:13:03,336 [INFO] Update id=200742824 is not handled. Duration 54 ms by bot id=8813857960
2026-06-21 10:13:03,336 [INFO] Update id=200742825 is not handled. Duration 54 ms by bot id=8813857960
2026-06-21 10:13:03,336 [INFO] Update id=200742826 is not handled. Duration 54 ms by bot id=8813857960
2026-06-21 10:13:03,337 [INFO] Update id=200742827 is not handled. Duration 54 ms by bot id=8813857960
2026-06-21 10:13:03,337 [INFO] Update id=200742828 is not handled. Duration 54 ms by bot id=8813857960
2026-06-21 10:13:03,337 [INFO] Update id=200742829 is not handled. Duration 54 ms by bot id=8813857960
2026-06-21 10:13:03,339 [INFO] Update id=200742830 is not handled. Duration 56 ms by bot id=8813857960
2026-06-21 10:13:03,339 [INFO] Update id=200742831 is not handled. Duration 56 ms by bot id=8813857960
2026-06-21 10:13:03,340 [INFO] Update id=200742832 is not handled. Duration 56 ms by bot id=8813857960
2026-06-21 10:13:03,340 [INFO] Update id=200742833 is not handled. Duration 57 ms by bot id=8813857960
2026-06-21 10:13:03,340 [INFO] Update id=200742834 is not handled. Duration 56 ms by bot id=8813857960
2026-06-21 10:13:03,340 [INFO] Update id=200742835 is not handled. Duration 56 ms by bot id=8813857960
2026-06-21 10:13:03,340 [INFO] Update id=200742836 is not handled. Duration 57 ms by bot id=8813857960
2026-06-21 10:13:03,341 [INFO] Update id=200742837 is not handled. Duration 57 ms by bot id=8813857960
2026-06-21 10:13:03,341 [INFO] Update id=200742850 is not handled. Duration 55 ms by bot id=8813857960
2026-06-21 10:13:03,341 [INFO] Update id=200742851 is not handled. Duration 55 ms by bot id=8813857960
2026-06-21 10:13:03,341 [INFO] Update id=200742852 is not handled. Duration 55 ms by bot id=8813857960
2026-06-21 10:13:03,341 [INFO] Update id=200742853 is not handled. Duration 55 ms by bot id=8813857960
2026-06-21 10:13:03,342 [INFO] Update id=200742838 is not handled. Duration 58 ms by bot id=8813857960
2026-06-21 10:13:03,342 [INFO] Update id=200742839 is not handled. Duration 58 ms by bot id=8813857960
2026-06-21 10:13:03,342 [INFO] Update id=200742840 is not handled. Duration 58 ms by bot id=8813857960
2026-06-21 10:13:03,342 [INFO] Update id=200742841 is not handled. Duration 58 ms by bot id=8813857960
2026-06-21 10:13:03,343 [INFO] Update id=200742842 is not handled. Duration 58 ms by bot id=8813857960
2026-06-21 10:13:03,343 [INFO] Update id=200742843 is not handled. Duration 58 ms by bot id=8813857960
2026-06-21 10:13:03,343 [INFO] Update id=200742844 is not handled. Duration 58 ms by bot id=8813857960
2026-06-21 10:13:03,343 [INFO] Update id=200742845 is not handled. Duration 58 ms by bot id=8813857960
2026-06-21 10:13:03,343 [INFO] Update id=200742846 is not handled. Duration 58 ms by bot id=8813857960
2026-06-21 10:13:03,344 [INFO] Update id=200742847 is not handled. Duration 58 ms by bot id=8813857960
2026-06-21 10:13:03,344 [INFO] Update id=200742848 is not handled. Duration 58 ms by bot id=8813857960
2026-06-21 10:13:03,344 [INFO] Update id=200742849 is not handled. Duration 59 ms by bot id=8813857960
2026-06-21 10:13:03,344 [INFO] Update id=200742854 is not handled. Duration 58 ms by bot id=8813857960
2026-06-21 10:13:03,345 [INFO] Update id=200742855 is not handled. Duration 58 ms by bot id=8813857960
2026-06-21 10:13:03,345 [INFO] Update id=200742856 is not handled. Duration 58 ms by bot id=8813857960
2026-06-21 10:13:03,345 [INFO] Update id=200742857 is not handled. Duration 58 ms by bot id=8813857960
2026-06-21 10:13:03,345 [INFO] Update id=200742858 is not handled. Duration 59 ms by bot id=8813857960
2026-06-21 10:13:03,345 [INFO] Update id=200742859 is not handled. Duration 59 ms by bot id=8813857960
2026-06-21 10:13:03,346 [INFO] Update id=200742860 is not handled. Duration 59 ms by bot id=8813857960
2026-06-21 10:13:03,346 [INFO] Update id=200742861 is not handled. Duration 59 ms by bot id=8813857960
2026-06-21 10:13:03,346 [INFO] Update id=200742862 is not handled. Duration 59 ms by bot id=8813857960
2026-06-21 10:13:03,346 [INFO] Update id=200742863 is not handled. Duration 59 ms by bot id=8813857960
2026-06-21 10:13:03,347 [INFO] Update id=200742864 is not handled. Duration 59 ms by bot id=8813857960
2026-06-21 10:13:03,347 [INFO] Update id=200742865 is not handled. Duration 59 ms by bot id=8813857960
2026-06-21 10:13:03,347 [INFO] Update id=200742866 is not handled. Duration 59 ms by bot id=8813857960
2026-06-21 10:13:03,347 [INFO] Update id=200742867 is not handled. Duration 59 ms by bot id=8813857960
2026-06-21 10:13:03,347 [INFO] Update id=200742868 is not handled. Duration 59 ms by bot id=8813857960
2026-06-21 10:13:03,502 [INFO] Update id=200742883 is not handled. Duration 45 ms by bot id=8813857960
2026-06-21 10:13:03,503 [INFO] Update id=200742882 is not handled. Duration 46 ms by bot id=8813857960
2026-06-21 10:13:03,504 [INFO] Update id=200742884 is not handled. Duration 47 ms by bot id=8813857960
2026-06-21 10:13:03,504 [INFO] Update id=200742885 is not handled. Duration 47 ms by bot id=8813857960
2026-06-21 10:13:03,504 [INFO] Update id=200742886 is not handled. Duration 47 ms by bot id=8813857960
2026-06-21 10:13:03,504 [INFO] Update id=200742879 is not handled. Duration 48 ms by bot id=8813857960
2026-06-21 10:13:03,505 [INFO] Update id=200742876 is not handled. Duration 49 ms by bot id=8813857960
2026-06-21 10:13:03,505 [INFO] Update id=200742881 is not handled. Duration 49 ms by bot id=8813857960
2026-06-21 10:13:03,505 [INFO] Update id=200742874 is not handled. Duration 50 ms by bot id=8813857960
2026-06-21 10:13:03,506 [INFO] Update id=200742875 is not handled. Duration 50 ms by bot id=8813857960
2026-06-21 10:13:03,506 [INFO] Update id=200742887 is not handled. Duration 49 ms by bot id=8813857960
2026-06-21 10:13:03,506 [INFO] Update id=200742888 is not handled. Duration 49 ms by bot id=8813857960
2026-06-21 10:13:03,506 [INFO] Update id=200742871 is not handled. Duration 52 ms by bot id=8813857960
2026-06-21 10:13:03,507 [INFO] Update id=200742869 is not handled. Duration 52 ms by bot id=8813857960
2026-06-21 10:13:03,507 [INFO] Update id=200742889 is not handled. Duration 49 ms by bot id=8813857960
2026-06-21 10:13:03,507 [INFO] Update id=200742870 is not handled. Duration 52 ms by bot id=8813857960
2026-06-21 10:13:03,507 [INFO] Update id=200742890 is not handled. Duration 50 ms by bot id=8813857960
2026-06-21 10:13:03,507 [INFO] Update id=200742891 is not handled. Duration 50 ms by bot id=8813857960
2026-06-21 10:13:03,508 [INFO] Update id=200742892 is not handled. Duration 50 ms by bot id=8813857960
2026-06-21 10:13:03,508 [INFO] Update id=200742893 is not handled. Duration 50 ms by bot id=8813857960
2026-06-21 10:13:03,508 [INFO] Update id=200742894 is not handled. Duration 50 ms by bot id=8813857960
2026-06-21 10:13:03,508 [INFO] Update id=200742872 is not handled. Duration 53 ms by bot id=8813857960
2026-06-21 10:13:03,509 [INFO] Update id=200742873 is not handled. Duration 54 ms by bot id=8813857960
2026-06-21 10:13:03,509 [INFO] Update id=200742895 is not handled. Duration 51 ms by bot id=8813857960
2026-06-21 10:13:03,509 [INFO] Update id=200742877 is not handled. Duration 53 ms by bot id=8813857960
2026-06-21 10:13:03,509 [INFO] Update id=200742896 is not handled. Duration 51 ms by bot id=8813857960
2026-06-21 10:13:03,509 [INFO] Update id=200742897 is not handled. Duration 51 ms by bot id=8813857960
2026-06-21 10:13:03,510 [INFO] Update id=200742898 is not handled. Duration 51 ms by bot id=8813857960
2026-06-21 10:13:03,510 [INFO] Update id=200742899 is not handled. Duration 51 ms by bot id=8813857960
2026-06-21 10:13:03,510 [INFO] Update id=200742880 is not handled. Duration 54 ms by bot id=8813857960
2026-06-21 10:13:03,510 [INFO] Update id=200742878 is not handled. Duration 54 ms by bot id=8813857960
2026-06-21 10:13:03,511 [INFO] Update id=200742900 is not handled. Duration 52 ms by bot id=8813857960
2026-06-21 10:13:03,511 [INFO] Update id=200742901 is not handled. Duration 52 ms by bot id=8813857960
2026-06-21 10:13:03,511 [INFO] Update id=200742902 is not handled. Duration 52 ms by bot id=8813857960
2026-06-21 10:13:03,511 [INFO] Update id=200742903 is not handled. Duration 52 ms by bot id=8813857960
2026-06-21 10:13:03,511 [INFO] Update id=200742904 is not handled. Duration 52 ms by bot id=8813857960
2026-06-21 10:13:03,512 [INFO] Update id=200742905 is not handled. Duration 52 ms by bot id=8813857960
2026-06-21 10:13:03,512 [INFO] Update id=200742906 is not handled. Duration 52 ms by bot id=8813857960
2026-06-21 10:13:03,512 [INFO] Update id=200742907 is not handled. Duration 52 ms by bot id=8813857960
2026-06-21 10:13:03,512 [INFO] Update id=200742908 is not handled. Duration 52 ms by bot id=8813857960
2026-06-21 10:13:03,512 [INFO] Update id=200742909 is not handled. Duration 52 ms by bot id=8813857960
2026-06-21 10:13:03,513 [INFO] Update id=200742910 is not handled. Duration 52 ms by bot id=8813857960
2026-06-21 10:13:03,513 [INFO] Update id=200742911 is not handled. Duration 52 ms by bot id=8813857960
2026-06-21 10:13:03,513 [INFO] Update id=200742912 is not handled. Duration 53 ms by bot id=8813857960
2026-06-21 10:13:03,513 [INFO] Update id=200742913 is not handled. Duration 53 ms by bot id=8813857960
2026-06-21 10:13:03,514 [INFO] Update id=200742914 is not handled. Duration 53 ms by bot id=8813857960
2026-06-21 10:13:03,514 [INFO] Update id=200742915 is not handled. Duration 53 ms by bot id=8813857960
2026-06-21 10:13:03,514 [INFO] Update id=200742916 is not handled. Duration 53 ms by bot id=8813857960
2026-06-21 10:13:03,514 [INFO] Update id=200742917 is not handled. Duration 53 ms by bot id=8813857960
2026-06-21 10:13:03,514 [INFO] Update id=200742918 is not handled. Duration 53 ms by bot id=8813857960
2026-06-21 10:13:03,515 [INFO] Update id=200742919 is not handled. Duration 53 ms by bot id=8813857960
2026-06-21 10:13:03,515 [INFO] Update id=200742920 is not handled. Duration 53 ms by bot id=8813857960
2026-06-21 10:13:03,515 [INFO] Update id=200742921 is not handled. Duration 53 ms by bot id=8813857960
2026-06-21 10:13:03,515 [INFO] Update id=200742922 is not handled. Duration 53 ms by bot id=8813857960
2026-06-21 10:13:03,515 [INFO] Update id=200742923 is not handled. Duration 53 ms by bot id=8813857960
2026-06-21 10:13:03,516 [INFO] Update id=200742924 is not handled. Duration 53 ms by bot id=8813857960
2026-06-21 10:13:03,516 [INFO] Update id=200742925 is not handled. Duration 53 ms by bot id=8813857960
2026-06-21 10:13:03,516 [INFO] Update id=200742926 is not handled. Duration 53 ms by bot id=8813857960
2026-06-21 10:13:03,516 [INFO] Update id=200742927 is not handled. Duration 54 ms by bot id=8813857960
2026-06-21 10:13:03,517 [INFO] Update id=200742928 is not handled. Duration 54 ms by bot id=8813857960
2026-06-21 10:13:03,517 [INFO] Update id=200742929 is not handled. Duration 54 ms by bot id=8813857960
2026-06-21 10:13:03,517 [INFO] Update id=200742930 is not handled. Duration 54 ms by bot id=8813857960
2026-06-21 10:13:03,517 [INFO] Update id=200742931 is not handled. Duration 54 ms by bot id=8813857960
2026-06-21 10:13:03,517 [INFO] Update id=200742932 is not handled. Duration 54 ms by bot id=8813857960
2026-06-21 10:13:03,518 [INFO] Update id=200742933 is not handled. Duration 54 ms by bot id=8813857960
2026-06-21 10:13:03,518 [INFO] Update id=200742934 is not handled. Duration 54 ms by bot id=8813857960
2026-06-21 10:13:03,518 [INFO] Update id=200742935 is not handled. Duration 54 ms by bot id=8813857960
2026-06-21 10:13:03,518 [INFO] Update id=200742936 is not handled. Duration 54 ms by bot id=8813857960
2026-06-21 10:13:03,518 [INFO] Update id=200742937 is not handled. Duration 54 ms by bot id=8813857960
2026-06-21 10:13:03,519 [INFO] Update id=200742938 is not handled. Duration 54 ms by bot id=8813857960
2026-06-21 10:13:03,519 [INFO] Update id=200742939 is not handled. Duration 54 ms by bot id=8813857960
2026-06-21 10:13:03,519 [INFO] Update id=200742940 is not handled. Duration 54 ms by bot id=8813857960
2026-06-21 10:13:03,519 [INFO] Update id=200742941 is not handled. Duration 54 ms by bot id=8813857960
2026-06-21 10:13:03,520 [INFO] Update id=200742942 is not handled. Duration 54 ms by bot id=8813857960
2026-06-21 10:13:03,520 [INFO] Update id=200742943 is not handled. Duration 55 ms by bot id=8813857960
2026-06-21 10:13:03,520 [INFO] Update id=200742944 is not handled. Duration 55 ms by bot id=8813857960
2026-06-21 10:13:03,520 [INFO] Update id=200742945 is not handled. Duration 55 ms by bot id=8813857960
2026-06-21 10:13:03,520 [INFO] Update id=200742946 is not handled. Duration 55 ms by bot id=8813857960
2026-06-21 10:13:03,521 [INFO] Update id=200742947 is not handled. Duration 55 ms by bot id=8813857960
2026-06-21 10:13:03,521 [INFO] Update id=200742948 is not handled. Duration 55 ms by bot id=8813857960
2026-06-21 10:13:03,521 [INFO] Update id=200742949 is not handled. Duration 55 ms by bot id=8813857960
2026-06-21 10:13:03,521 [INFO] Update id=200742950 is not handled. Duration 55 ms by bot id=8813857960
2026-06-21 10:13:03,521 [INFO] Update id=200742951 is not handled. Duration 55 ms by bot id=8813857960
2026-06-21 10:13:03,522 [INFO] Update id=200742952 is not handled. Duration 55 ms by bot id=8813857960
2026-06-21 10:13:03,522 [INFO] Update id=200742953 is not handled. Duration 55 ms by bot id=8813857960
2026-06-21 10:13:03,522 [INFO] Update id=200742954 is not handled. Duration 56 ms by bot id=8813857960
2026-06-21 10:13:03,522 [INFO] Update id=200742955 is not handled. Duration 56 ms by bot id=8813857960
2026-06-21 10:13:03,523 [INFO] Update id=200742956 is not handled. Duration 56 ms by bot id=8813857960
2026-06-21 10:13:03,523 [INFO] Update id=200742957 is not handled. Duration 56 ms by bot id=8813857960
2026-06-21 10:13:03,525 [INFO] Update id=200742958 is not handled. Duration 58 ms by bot id=8813857960
2026-06-21 10:13:03,525 [INFO] Update id=200742959 is not handled. Duration 58 ms by bot id=8813857960
2026-06-21 10:13:03,525 [INFO] Update id=200742960 is not handled. Duration 58 ms by bot id=8813857960
2026-06-21 10:13:03,526 [INFO] Update id=200742961 is not handled. Duration 58 ms by bot id=8813857960
2026-06-21 10:13:03,526 [INFO] Update id=200742962 is not handled. Duration 58 ms by bot id=8813857960
2026-06-21 10:13:03,526 [INFO] Update id=200742963 is not handled. Duration 58 ms by bot id=8813857960
2026-06-21 10:13:03,526 [INFO] Update id=200742964 is not handled. Duration 58 ms by bot id=8813857960
2026-06-21 10:13:03,526 [INFO] Update id=200742965 is not handled. Duration 58 ms by bot id=8813857960
2026-06-21 10:13:03,527 [INFO] Update id=200742966 is not handled. Duration 58 ms by bot id=8813857960
2026-06-21 10:13:03,527 [INFO] Update id=200742967 is not handled. Duration 58 ms by bot id=8813857960
2026-06-21 10:13:03,527 [INFO] Update id=200742968 is not handled. Duration 58 ms by bot id=8813857960
2026-06-21 10:13:03,554 [INFO] Update id=200742782 is handled. Duration 277 ms by bot id=8813857960
2026-06-21 10:13:03,660 [INFO] Update id=200743061 is not handled. Duration 0 ms by bot id=8813857960
2026-06-21 10:13:03,662 [INFO] Update id=200743062 is not handled. Duration 0 ms by bot id=8813857960
2026-06-21 10:13:03,697 [INFO] Update id=200742990 is not handled. Duration 46 ms by bot id=8813857960
2026-06-21 10:13:03,698 [INFO] Update id=200742969 is not handled. Duration 51 ms by bot id=8813857960
2026-06-21 10:13:03,698 [INFO] Update id=200742970 is not handled. Duration 51 ms by bot id=8813857960
2026-06-21 10:13:03,699 [INFO] Update id=200742971 is not handled. Duration 51 ms by bot id=8813857960
2026-06-21 10:13:03,699 [INFO] Update id=200742985 is not handled. Duration 49 ms by bot id=8813857960
2026-06-21 10:13:03,699 [INFO] Update id=200742986 is not handled. Duration 49 ms by bot id=8813857960
2026-06-21 10:13:03,699 [INFO] Update id=200742974 is not handled. Duration 51 ms by bot id=8813857960
2026-06-21 10:13:03,700 [INFO] Update id=200742987 is not handled. Duration 49 ms by bot id=8813857960
2026-06-21 10:13:03,700 [INFO] Update id=200742976 is not handled. Duration 51 ms by bot id=8813857960
2026-06-21 10:13:03,700 [INFO] Update id=200742977 is not handled. Duration 51 ms by bot id=8813857960
2026-06-21 10:13:03,700 [INFO] Update id=200742978 is not handled. Duration 51 ms by bot id=8813857960
2026-06-21 10:13:03,700 [INFO] Update id=200742988 is not handled. Duration 50 ms by bot id=8813857960
2026-06-21 10:13:03,701 [INFO] Update id=200742980 is not handled. Duration 51 ms by bot id=8813857960
2026-06-21 10:13:03,701 [INFO] Update id=200742989 is not handled. Duration 50 ms by bot id=8813857960
2026-06-21 10:13:03,701 [INFO] Update id=200742981 is not handled. Duration 52 ms by bot id=8813857960
2026-06-21 10:13:03,701 [INFO] Update id=200742983 is not handled. Duration 52 ms by bot id=8813857960
2026-06-21 10:13:03,702 [INFO] Update id=200742991 is not handled. Duration 51 ms by bot id=8813857960
2026-06-21 10:13:03,702 [INFO] Update id=200742984 is not handled. Duration 52 ms by bot id=8813857960
2026-06-21 10:13:03,702 [INFO] Update id=200742992 is not handled. Duration 51 ms by bot id=8813857960
2026-06-21 10:13:03,702 [INFO] Update id=200742973 is not handled. Duration 54 ms by bot id=8813857960
2026-06-21 10:13:03,702 [INFO] Update id=200742993 is not handled. Duration 51 ms by bot id=8813857960
2026-06-21 10:13:03,703 [INFO] Update id=200742994 is not handled. Duration 51 ms by bot id=8813857960
2026-06-21 10:13:03,703 [INFO] Update id=200742975 is not handled. Duration 54 ms by bot id=8813857960
2026-06-21 10:13:03,703 [INFO] Update id=200742995 is not handled. Duration 52 ms by bot id=8813857960
2026-06-21 10:13:03,703 [INFO] Update id=200742996 is not handled. Duration 52 ms by bot id=8813857960
2026-06-21 10:13:03,703 [INFO] Update id=200742997 is not handled. Duration 52 ms by bot id=8813857960
2026-06-21 10:13:03,704 [INFO] Update id=200742998 is not handled. Duration 52 ms by bot id=8813857960
2026-06-21 10:13:03,704 [INFO] Update id=200742999 is not handled. Duration 52 ms by bot id=8813857960
2026-06-21 10:13:03,704 [INFO] Update id=200743000 is not handled. Duration 52 ms by bot id=8813857960
2026-06-21 10:13:03,704 [INFO] Update id=200743001 is not handled. Duration 52 ms by bot id=8813857960
2026-06-21 10:13:03,705 [INFO] Update id=200743002 is not handled. Duration 52 ms by bot id=8813857960
2026-06-21 10:13:03,705 [INFO] Update id=200743003 is not handled. Duration 52 ms by bot id=8813857960
2026-06-21 10:13:03,705 [INFO] Update id=200743004 is not handled. Duration 52 ms by bot id=8813857960
2026-06-21 10:13:03,705 [INFO] Update id=200743005 is not handled. Duration 52 ms by bot id=8813857960
2026-06-21 10:13:03,705 [INFO] Update id=200743006 is not handled. Duration 53 ms by bot id=8813857960
2026-06-21 10:13:03,706 [INFO] Update id=200742972 is not handled. Duration 57 ms by bot id=8813857960
2026-06-21 10:13:03,706 [INFO] Update id=200743007 is not handled. Duration 53 ms by bot id=8813857960
2026-06-21 10:13:03,706 [INFO] Update id=200743008 is not handled. Duration 53 ms by bot id=8813857960
2026-06-21 10:13:03,706 [INFO] Update id=200743009 is not handled. Duration 53 ms by bot id=8813857960
2026-06-21 10:13:03,706 [INFO] Update id=200743010 is not handled. Duration 53 ms by bot id=8813857960
2026-06-21 10:13:03,707 [INFO] Update id=200743011 is not handled. Duration 53 ms by bot id=8813857960
2026-06-21 10:13:03,707 [INFO] Update id=200743012 is not handled. Duration 53 ms by bot id=8813857960
2026-06-21 10:13:03,707 [INFO] Update id=200743013 is not handled. Duration 53 ms by bot id=8813857960
2026-06-21 10:13:03,707 [INFO] Update id=200743014 is not handled. Duration 53 ms by bot id=8813857960
2026-06-21 10:13:03,708 [INFO] Update id=200743015 is not handled. Duration 54 ms by bot id=8813857960
2026-06-21 10:13:03,708 [INFO] Update id=200743017 is not handled. Duration 54 ms by bot id=8813857960
2026-06-21 10:13:03,710 [INFO] Update id=200743018 is not handled. Duration 56 ms by bot id=8813857960
2026-06-21 10:13:03,710 [INFO] Update id=200743019 is not handled. Duration 56 ms by bot id=8813857960
2026-06-21 10:13:03,711 [INFO] Update id=200743020 is not handled. Duration 56 ms by bot id=8813857960
2026-06-21 10:13:03,711 [INFO] Update id=200743021 is not handled. Duration 56 ms by bot id=8813857960
2026-06-21 10:13:03,711 [INFO] Update id=200743022 is not handled. Duration 56 ms by bot id=8813857960
2026-06-21 10:13:03,711 [INFO] Update id=200743023 is not handled. Duration 56 ms by bot id=8813857960
2026-06-21 10:13:03,712 [INFO] Update id=200743024 is not handled. Duration 56 ms by bot id=8813857960
2026-06-21 10:13:03,712 [INFO] Update id=200743025 is not handled. Duration 56 ms by bot id=8813857960
2026-06-21 10:13:03,712 [INFO] Update id=200743026 is not handled. Duration 57 ms by bot id=8813857960
2026-06-21 10:13:03,712 [INFO] Update id=200742982 is not handled. Duration 63 ms by bot id=8813857960
2026-06-21 10:13:03,712 [INFO] Update id=200743027 is not handled. Duration 57 ms by bot id=8813857960
2026-06-21 10:13:03,713 [INFO] Update id=200743028 is not handled. Duration 57 ms by bot id=8813857960
2026-06-21 10:13:03,713 [INFO] Update id=200743029 is not handled. Duration 57 ms by bot id=8813857960
2026-06-21 10:13:03,713 [INFO] Update id=200743030 is not handled. Duration 57 ms by bot id=8813857960
2026-06-21 10:13:03,713 [INFO] Update id=200743031 is not handled. Duration 57 ms by bot id=8813857960
2026-06-21 10:13:03,714 [INFO] Update id=200743032 is not handled. Duration 57 ms by bot id=8813857960
2026-06-21 10:13:03,714 [INFO] Update id=200743033 is not handled. Duration 57 ms by bot id=8813857960
2026-06-21 10:13:03,714 [INFO] Update id=200743034 is not handled. Duration 57 ms by bot id=8813857960
2026-06-21 10:13:03,714 [INFO] Update id=200743035 is not handled. Duration 57 ms by bot id=8813857960
2026-06-21 10:13:03,714 [INFO] Update id=200743036 is not handled. Duration 57 ms by bot id=8813857960
2026-06-21 10:13:03,715 [INFO] Update id=200743037 is not handled. Duration 58 ms by bot id=8813857960
2026-06-21 10:13:03,715 [INFO] Update id=200743038 is not handled. Duration 58 ms by bot id=8813857960
2026-06-21 10:13:03,715 [INFO] Update id=200743039 is not handled. Duration 58 ms by bot id=8813857960
2026-06-21 10:13:03,715 [INFO] Update id=200743040 is not handled. Duration 58 ms by bot id=8813857960
2026-06-21 10:13:03,715 [INFO] Update id=200743041 is not handled. Duration 58 ms by bot id=8813857960
2026-06-21 10:13:03,716 [INFO] Update id=200743042 is not handled. Duration 58 ms by bot id=8813857960
2026-06-21 10:13:03,716 [INFO] Update id=200743043 is not handled. Duration 58 ms by bot id=8813857960
2026-06-21 10:13:03,716 [INFO] Update id=200743044 is not handled. Duration 58 ms by bot id=8813857960
2026-06-21 10:13:03,716 [INFO] Update id=200743045 is not handled. Duration 58 ms by bot id=8813857960
2026-06-21 10:13:03,717 [INFO] Update id=200742979 is not handled. Duration 67 ms by bot id=8813857960
2026-06-21 10:13:03,717 [INFO] Update id=200743046 is not handled. Duration 59 ms by bot id=8813857960
2026-06-21 10:13:03,717 [INFO] Update id=200743047 is not handled. Duration 59 ms by bot id=8813857960
2026-06-21 10:13:03,717 [INFO] Update id=200743048 is not handled. Duration 59 ms by bot id=8813857960
2026-06-21 10:13:03,717 [INFO] Update id=200743049 is not handled. Duration 59 ms by bot id=8813857960
2026-06-21 10:13:03,718 [INFO] Update id=200743050 is not handled. Duration 59 ms by bot id=8813857960
2026-06-21 10:13:03,718 [INFO] Update id=200743051 is not handled. Duration 59 ms by bot id=8813857960
2026-06-21 10:13:03,718 [INFO] Update id=200743052 is not handled. Duration 59 ms by bot id=8813857960
2026-06-21 10:13:03,718 [INFO] Update id=200743053 is not handled. Duration 59 ms by bot id=8813857960
2026-06-21 10:13:03,718 [INFO] Update id=200743054 is not handled. Duration 59 ms by bot id=8813857960
2026-06-21 10:13:03,719 [INFO] Update id=200743055 is not handled. Duration 59 ms by bot id=8813857960
2026-06-21 10:13:03,719 [INFO] Update id=200743056 is not handled. Duration 59 ms by bot id=8813857960
2026-06-21 10:13:03,719 [INFO] Update id=200743057 is not handled. Duration 59 ms by bot id=8813857960
2026-06-21 10:13:03,719 [INFO] Update id=200743058 is not handled. Duration 59 ms by bot id=8813857960
2026-06-21 10:13:03,720 [INFO] Update id=200743059 is not handled. Duration 59 ms by bot id=8813857960
2026-06-21 10:13:03,720 [INFO] Update id=200743060 is not handled. Duration 60 ms by bot id=8813857960
2026-06-21 10:13:03,720 [INFO] Update id=200743063 is not handled. Duration 57 ms by bot id=8813857960
2026-06-21 10:13:03,720 [INFO] Update id=200743068 is not handled. Duration 56 ms by bot id=8813857960
2026-06-21 10:13:03,720 [INFO] Update id=200743065 is not handled. Duration 57 ms by bot id=8813857960
2026-06-21 10:13:03,721 [INFO] Update id=200743067 is not handled. Duration 57 ms by bot id=8813857960
2026-06-21 10:13:03,721 [INFO] Update id=200743064 is not handled. Duration 57 ms by bot id=8813857960
2026-06-21 10:13:03,721 [INFO] Update id=200743066 is not handled. Duration 57 ms by bot id=8813857960
2026-06-21 10:13:03,870 [INFO] Update id=200743082 is not handled. Duration 45 ms by bot id=8813857960
2026-06-21 10:13:03,871 [INFO] Update id=200743083 is not handled. Duration 46 ms by bot id=8813857960
2026-06-21 10:13:03,872 [INFO] Update id=200743085 is not handled. Duration 46 ms by bot id=8813857960
2026-06-21 10:13:03,873 [INFO] Update id=200743086 is not handled. Duration 47 ms by bot id=8813857960
2026-06-21 10:13:03,873 [INFO] Update id=200743078 is not handled. Duration 48 ms by bot id=8813857960
2026-06-21 10:13:03,873 [INFO] Update id=200743075 is not handled. Duration 49 ms by bot id=8813857960
2026-06-21 10:13:03,873 [INFO] Update id=200743074 is not handled. Duration 49 ms by bot id=8813857960
2026-06-21 10:13:03,873 [INFO] Update id=200743076 is not handled. Duration 49 ms by bot id=8813857960
2026-06-21 10:13:03,874 [INFO] Update id=200743087 is not handled. Duration 48 ms by bot id=8813857960
2026-06-21 10:13:03,874 [INFO] Update id=200743070 is not handled. Duration 50 ms by bot id=8813857960
2026-06-21 10:13:03,874 [INFO] Update id=200743073 is not handled. Duration 50 ms by bot id=8813857960
2026-06-21 10:13:03,875 [INFO] Update id=200743072 is not handled. Duration 51 ms by bot id=8813857960
2026-06-21 10:13:03,875 [INFO] Update id=200743077 is not handled. Duration 51 ms by bot id=8813857960
2026-06-21 10:13:03,875 [INFO] Update id=200743084 is not handled. Duration 50 ms by bot id=8813857960
2026-06-21 10:13:03,875 [INFO] Update id=200743069 is not handled. Duration 52 ms by bot id=8813857960
2026-06-21 10:13:03,876 [INFO] Update id=200743088 is not handled. Duration 49 ms by bot id=8813857960
2026-06-21 10:13:03,876 [INFO] Update id=200743089 is not handled. Duration 50 ms by bot id=8813857960
2026-06-21 10:13:03,876 [INFO] Update id=200743090 is not handled. Duration 50 ms by bot id=8813857960
2026-06-21 10:13:03,876 [INFO] Update id=200743091 is not handled. Duration 50 ms by bot id=8813857960
2026-06-21 10:13:03,876 [INFO] Update id=200743071 is not handled. Duration 53 ms by bot id=8813857960
2026-06-21 10:13:03,877 [INFO] Update id=200743092 is not handled. Duration 50 ms by bot id=8813857960
2026-06-21 10:13:03,877 [INFO] Update id=200743093 is not handled. Duration 50 ms by bot id=8813857960
2026-06-21 10:13:03,877 [INFO] Update id=200743094 is not handled. Duration 50 ms by bot id=8813857960
2026-06-21 10:13:03,877 [INFO] Update id=200743095 is not handled. Duration 50 ms by bot id=8813857960
2026-06-21 10:13:03,877 [INFO] Update id=200743096 is not handled. Duration 50 ms by bot id=8813857960
2026-06-21 10:13:03,878 [INFO] Update id=200743097 is not handled. Duration 50 ms by bot id=8813857960
2026-06-21 10:13:03,878 [INFO] Update id=200743079 is not handled. Duration 53 ms by bot id=8813857960
2026-06-21 10:13:03,878 [INFO] Update id=200743081 is not handled. Duration 53 ms by bot id=8813857960
2026-06-21 10:13:03,878 [INFO] Update id=200743098 is not handled. Duration 51 ms by bot id=8813857960
2026-06-21 10:13:03,879 [INFO] Update id=200743080 is not handled. Duration 54 ms by bot id=8813857960
2026-06-21 10:13:03,879 [INFO] Update id=200743099 is not handled. Duration 52 ms by bot id=8813857960
2026-06-21 10:13:03,879 [INFO] Update id=200743100 is not handled. Duration 52 ms by bot id=8813857960
2026-06-21 10:13:03,879 [INFO] Update id=200743101 is not handled. Duration 52 ms by bot id=8813857960
2026-06-21 10:13:03,880 [INFO] Update id=200743102 is not handled. Duration 52 ms by bot id=8813857960
2026-06-21 10:13:03,880 [INFO] Update id=200743103 is not handled. Duration 52 ms by bot id=8813857960
2026-06-21 10:13:03,880 [INFO] Update id=200743104 is not handled. Duration 52 ms by bot id=8813857960
2026-06-21 10:13:03,880 [INFO] Update id=200743105 is not handled. Duration 52 ms by bot id=8813857960
2026-06-21 10:13:03,881 [INFO] Update id=200743106 is not handled. Duration 52 ms by bot id=8813857960
2026-06-21 10:13:03,881 [INFO] Update id=200743107 is not handled. Duration 52 ms by bot id=8813857960
2026-06-21 10:13:03,881 [INFO] Update id=200743108 is not handled. Duration 52 ms by bot id=8813857960
2026-06-21 10:13:03,881 [INFO] Update id=200743109 is not handled. Duration 52 ms by bot id=8813857960
2026-06-21 10:13:03,881 [INFO] Update id=200743110 is not handled. Duration 52 ms by bot id=8813857960
2026-06-21 10:13:03,882 [INFO] Update id=200743111 is not handled. Duration 52 ms by bot id=8813857960
2026-06-21 10:13:03,882 [INFO] Update id=200743112 is not handled. Duration 52 ms by bot id=8813857960
2026-06-21 10:13:03,882 [INFO] Update id=200743113 is not handled. Duration 53 ms by bot id=8813857960
2026-06-21 10:13:03,882 [INFO] Update id=200743114 is not handled. Duration 53 ms by bot id=8813857960
2026-06-21 10:13:03,882 [INFO] Update id=200743115 is not handled. Duration 53 ms by bot id=8813857960
2026-06-21 10:13:03,883 [INFO] Update id=200743116 is not handled. Duration 53 ms by bot id=8813857960
2026-06-21 10:13:03,883 [INFO] Update id=200743117 is not handled. Duration 53 ms by bot id=8813857960
2026-06-21 10:13:03,883 [INFO] Update id=200743118 is not handled. Duration 53 ms by bot id=8813857960
2026-06-21 10:13:03,883 [INFO] Update id=200743119 is not handled. Duration 53 ms by bot id=8813857960
2026-06-21 10:13:03,884 [INFO] Update id=200743120 is not handled. Duration 53 ms by bot id=8813857960
2026-06-21 10:13:03,884 [INFO] Update id=200743121 is not handled. Duration 53 ms by bot id=8813857960
2026-06-21 10:13:03,884 [INFO] Update id=200743122 is not handled. Duration 53 ms by bot id=8813857960
2026-06-21 10:13:03,884 [INFO] Update id=200743123 is not handled. Duration 53 ms by bot id=8813857960
2026-06-21 10:13:03,884 [INFO] Update id=200743124 is not handled. Duration 54 ms by bot id=8813857960
2026-06-21 10:13:03,885 [INFO] Update id=200743125 is not handled. Duration 54 ms by bot id=8813857960
2026-06-21 10:13:03,885 [INFO] Update id=200743126 is not handled. Duration 54 ms by bot id=8813857960
2026-06-21 10:13:03,885 [INFO] Update id=200743127 is not handled. Duration 54 ms by bot id=8813857960
2026-06-21 10:13:03,885 [INFO] Update id=200743128 is not handled. Duration 54 ms by bot id=8813857960
2026-06-21 10:13:03,885 [INFO] Update id=200743129 is not handled. Duration 54 ms by bot id=8813857960
2026-06-21 10:13:03,886 [INFO] Update id=200743130 is not handled. Duration 54 ms by bot id=8813857960
2026-06-21 10:13:03,886 [INFO] Update id=200743131 is not handled. Duration 54 ms by bot id=8813857960
2026-06-21 10:13:03,886 [INFO] Update id=200743132 is not handled. Duration 54 ms by bot id=8813857960
2026-06-21 10:13:03,886 [INFO] Update id=200743133 is not handled. Duration 54 ms by bot id=8813857960
2026-06-21 10:13:03,887 [INFO] Update id=200743134 is not handled. Duration 54 ms by bot id=8813857960
2026-06-21 10:13:03,887 [INFO] Update id=200743135 is not handled. Duration 54 ms by bot id=8813857960
2026-06-21 10:13:03,887 [INFO] Update id=200743136 is not handled. Duration 54 ms by bot id=8813857960
2026-06-21 10:13:03,887 [INFO] Update id=200743137 is not handled. Duration 54 ms by bot id=8813857960
2026-06-21 10:13:03,887 [INFO] Update id=200743138 is not handled. Duration 55 ms by bot id=8813857960
2026-06-21 10:13:03,888 [INFO] Update id=200743139 is not handled. Duration 55 ms by bot id=8813857960
2026-06-21 10:13:03,888 [INFO] Update id=200743140 is not handled. Duration 55 ms by bot id=8813857960
2026-06-21 10:13:03,888 [INFO] Update id=200743141 is not handled. Duration 54 ms by bot id=8813857960
2026-06-21 10:13:03,888 [INFO] Update id=200743142 is not handled. Duration 54 ms by bot id=8813857960
2026-06-21 10:13:03,888 [INFO] Update id=200743143 is not handled. Duration 55 ms by bot id=8813857960
2026-06-21 10:13:03,889 [INFO] Update id=200743144 is not handled. Duration 55 ms by bot id=8813857960
2026-06-21 10:13:03,889 [INFO] Update id=200743145 is not handled. Duration 55 ms by bot id=8813857960
2026-06-21 10:13:03,889 [INFO] Update id=200743146 is not handled. Duration 55 ms by bot id=8813857960
2026-06-21 10:13:03,889 [INFO] Update id=200743147 is not handled. Duration 55 ms by bot id=8813857960
2026-06-21 10:13:03,890 [INFO] Update id=200743148 is not handled. Duration 55 ms by bot id=8813857960
2026-06-21 10:13:03,890 [INFO] Update id=200743149 is not handled. Duration 55 ms by bot id=8813857960
2026-06-21 10:13:03,890 [INFO] Update id=200743150 is not handled. Duration 55 ms by bot id=8813857960
2026-06-21 10:13:03,890 [INFO] Update id=200743151 is not handled. Duration 55 ms by bot id=8813857960
2026-06-21 10:13:03,890 [INFO] Update id=200743152 is not handled. Duration 55 ms by bot id=8813857960
2026-06-21 10:13:03,891 [INFO] Update id=200743153 is not handled. Duration 55 ms by bot id=8813857960
2026-06-21 10:13:03,891 [INFO] Update id=200743154 is not handled. Duration 55 ms by bot id=8813857960
2026-06-21 10:13:03,891 [INFO] Update id=200743155 is not handled. Duration 55 ms by bot id=8813857960
2026-06-21 10:13:03,891 [INFO] Update id=200743156 is not handled. Duration 56 ms by bot id=8813857960
2026-06-21 10:13:03,892 [INFO] Update id=200743157 is not handled. Duration 56 ms by bot id=8813857960
2026-06-21 10:13:03,892 [INFO] Update id=200743158 is not handled. Duration 56 ms by bot id=8813857960
2026-06-21 10:13:03,892 [INFO] Update id=200743159 is not handled. Duration 56 ms by bot id=8813857960
2026-06-21 10:13:03,892 [INFO] Update id=200743160 is not handled. Duration 56 ms by bot id=8813857960
2026-06-21 10:13:03,892 [INFO] Update id=200743161 is not handled. Duration 56 ms by bot id=8813857960
2026-06-21 10:13:03,893 [INFO] Update id=200743162 is not handled. Duration 56 ms by bot id=8813857960
2026-06-21 10:13:03,893 [INFO] Update id=200743163 is not handled. Duration 56 ms by bot id=8813857960
2026-06-21 10:13:03,893 [INFO] Update id=200743164 is not handled. Duration 56 ms by bot id=8813857960
2026-06-21 10:13:03,893 [INFO] Update id=200743165 is not handled. Duration 56 ms by bot id=8813857960
2026-06-21 10:13:03,893 [INFO] Update id=200743166 is not handled. Duration 56 ms by bot id=8813857960
2026-06-21 10:13:03,894 [INFO] Update id=200743167 is not handled. Duration 56 ms by bot id=8813857960
2026-06-21 10:13:03,894 [INFO] Update id=200743168 is not handled. Duration 56 ms by bot id=8813857960
2026-06-21 10:13:04,055 [INFO] Update id=200743181 is not handled. Duration 46 ms by bot id=8813857960
2026-06-21 10:13:04,055 [INFO] Update id=200743180 is not handled. Duration 47 ms by bot id=8813857960
2026-06-21 10:13:04,056 [INFO] Update id=200743185 is not handled. Duration 47 ms by bot id=8813857960
2026-06-21 10:13:04,057 [INFO] Update id=200743186 is not handled. Duration 47 ms by bot id=8813857960
2026-06-21 10:13:04,057 [INFO] Update id=200743187 is not handled. Duration 48 ms by bot id=8813857960
2026-06-21 10:13:04,057 [INFO] Update id=200743188 is not handled. Duration 48 ms by bot id=8813857960
2026-06-21 10:13:04,057 [INFO] Update id=200743189 is not handled. Duration 48 ms by bot id=8813857960
2026-06-21 10:13:04,058 [INFO] Update id=200743190 is not handled. Duration 48 ms by bot id=8813857960
2026-06-21 10:13:04,058 [INFO] Update id=200743175 is not handled. Duration 51 ms by bot id=8813857960
2026-06-21 10:13:04,058 [INFO] Update id=200743169 is not handled. Duration 52 ms by bot id=8813857960
2026-06-21 10:13:04,058 [INFO] Update id=200743191 is not handled. Duration 49 ms by bot id=8813857960
2026-06-21 10:13:04,058 [INFO] Update id=200743192 is not handled. Duration 49 ms by bot id=8813857960
2026-06-21 10:13:04,059 [INFO] Update id=200743193 is not handled. Duration 49 ms by bot id=8813857960
2026-06-21 10:13:04,059 [INFO] Update id=200743194 is not handled. Duration 49 ms by bot id=8813857960
2026-06-21 10:13:04,059 [INFO] Update id=200743179 is not handled. Duration 51 ms by bot id=8813857960
2026-06-21 10:13:04,060 [INFO] Update id=200743176 is not handled. Duration 52 ms by bot id=8813857960
2026-06-21 10:13:04,060 [INFO] Update id=200743178 is not handled. Duration 52 ms by bot id=8813857960
2026-06-21 10:13:04,060 [INFO] Update id=200743177 is not handled. Duration 53 ms by bot id=8813857960
2026-06-21 10:13:04,061 [INFO] Update id=200743195 is not handled. Duration 50 ms by bot id=8813857960
2026-06-21 10:13:04,061 [INFO] Update id=200743170 is not handled. Duration 54 ms by bot id=8813857960
2026-06-21 10:13:04,061 [INFO] Update id=200743196 is not handled. Duration 51 ms by bot id=8813857960
2026-06-21 10:13:04,061 [INFO] Update id=200743197 is not handled. Duration 51 ms by bot id=8813857960
2026-06-21 10:13:04,061 [INFO] Update id=200743171 is not handled. Duration 55 ms by bot id=8813857960
2026-06-21 10:13:04,062 [INFO] Update id=200743198 is not handled. Duration 51 ms by bot id=8813857960
2026-06-21 10:13:04,062 [INFO] Update id=200743184 is not handled. Duration 53 ms by bot id=8813857960
2026-06-21 10:13:04,062 [INFO] Update id=200743199 is not handled. Duration 51 ms by bot id=8813857960
2026-06-21 10:13:04,062 [INFO] Update id=200743200 is not handled. Duration 51 ms by bot id=8813857960
2026-06-21 10:13:04,063 [INFO] Update id=200743201 is not handled. Duration 52 ms by bot id=8813857960
2026-06-21 10:13:04,063 [INFO] Update id=200743202 is not handled. Duration 52 ms by bot id=8813857960
2026-06-21 10:13:04,063 [INFO] Update id=200743203 is not handled. Duration 52 ms by bot id=8813857960
2026-06-21 10:13:04,063 [INFO] Update id=200743204 is not handled. Duration 52 ms by bot id=8813857960
2026-06-21 10:13:04,064 [INFO] Update id=200743205 is not handled. Duration 52 ms by bot id=8813857960
2026-06-21 10:13:04,064 [INFO] Update id=200743206 is not handled. Duration 52 ms by bot id=8813857960
2026-06-21 10:13:04,064 [INFO] Update id=200743207 is not handled. Duration 52 ms by bot id=8813857960
2026-06-21 10:13:04,064 [INFO] Update id=200743208 is not handled. Duration 52 ms by bot id=8813857960
2026-06-21 10:13:04,064 [INFO] Update id=200743209 is not handled. Duration 52 ms by bot id=8813857960
2026-06-21 10:13:04,065 [INFO] Update id=200743210 is not handled. Duration 52 ms by bot id=8813857960
2026-06-21 10:13:04,065 [INFO] Update id=200743211 is not handled. Duration 52 ms by bot id=8813857960
2026-06-21 10:13:04,065 [INFO] Update id=200743212 is not handled. Duration 52 ms by bot id=8813857960
2026-06-21 10:13:04,065 [INFO] Update id=200743213 is not handled. Duration 52 ms by bot id=8813857960
2026-06-21 10:13:04,066 [INFO] Update id=200743214 is not handled. Duration 53 ms by bot id=8813857960
2026-06-21 10:13:04,066 [INFO] Update id=200743215 is not handled. Duration 53 ms by bot id=8813857960
2026-06-21 10:13:04,066 [INFO] Update id=200743173 is not handled. Duration 59 ms by bot id=8813857960
2026-06-21 10:13:04,066 [INFO] Update id=200743216 is not handled. Duration 53 ms by bot id=8813857960
2026-06-21 10:13:04,066 [INFO] Update id=200743217 is not handled. Duration 53 ms by bot id=8813857960
2026-06-21 10:13:04,067 [INFO] Update id=200743218 is not handled. Duration 53 ms by bot id=8813857960
2026-06-21 10:13:04,067 [INFO] Update id=200743219 is not handled. Duration 53 ms by bot id=8813857960
2026-06-21 10:13:04,067 [INFO] Update id=200743220 is not handled. Duration 53 ms by bot id=8813857960
2026-06-21 10:13:04,067 [INFO] Update id=200743221 is not handled. Duration 53 ms by bot id=8813857960
2026-06-21 10:13:04,068 [INFO] Update id=200743222 is not handled. Duration 54 ms by bot id=8813857960
2026-06-21 10:13:04,068 [INFO] Update id=200743223 is not handled. Duration 54 ms by bot id=8813857960
2026-06-21 10:13:04,068 [INFO] Update id=200743224 is not handled. Duration 54 ms by bot id=8813857960
2026-06-21 10:13:04,068 [INFO] Update id=200743225 is not handled. Duration 54 ms by bot id=8813857960
2026-06-21 10:13:04,068 [INFO] Update id=200743226 is not handled. Duration 54 ms by bot id=8813857960
2026-06-21 10:13:04,069 [INFO] Update id=200743227 is not handled. Duration 54 ms by bot id=8813857960
2026-06-21 10:13:04,069 [INFO] Update id=200743228 is not handled. Duration 54 ms by bot id=8813857960
2026-06-21 10:13:04,069 [INFO] Update id=200743174 is not handled. Duration 62 ms by bot id=8813857960
2026-06-21 10:13:04,069 [INFO] Update id=200743229 is not handled. Duration 54 ms by bot id=8813857960
2026-06-21 10:13:04,070 [INFO] Update id=200743230 is not handled. Duration 54 ms by bot id=8813857960
2026-06-21 10:13:04,070 [INFO] Update id=200743231 is not handled. Duration 55 ms by bot id=8813857960
2026-06-21 10:13:04,070 [INFO] Update id=200743232 is not handled. Duration 55 ms by bot id=8813857960
2026-06-21 10:13:04,070 [INFO] Update id=200743233 is not handled. Duration 55 ms by bot id=8813857960
2026-06-21 10:13:04,070 [INFO] Update id=200743234 is not handled. Duration 55 ms by bot id=8813857960
2026-06-21 10:13:04,071 [INFO] Update id=200743235 is not handled. Duration 55 ms by bot id=8813857960
2026-06-21 10:13:04,071 [INFO] Update id=200743182 is not handled. Duration 62 ms by bot id=8813857960
2026-06-21 10:13:04,071 [INFO] Update id=200743236 is not handled. Duration 55 ms by bot id=8813857960
2026-06-21 10:13:04,071 [INFO] Update id=200743237 is not handled. Duration 55 ms by bot id=8813857960
2026-06-21 10:13:04,071 [INFO] Update id=200743183 is not handled. Duration 63 ms by bot id=8813857960
2026-06-21 10:13:04,072 [INFO] Update id=200743238 is not handled. Duration 55 ms by bot id=8813857960
2026-06-21 10:13:04,072 [INFO] Update id=200743239 is not handled. Duration 55 ms by bot id=8813857960
2026-06-21 10:13:04,072 [INFO] Update id=200743240 is not handled. Duration 56 ms by bot id=8813857960
2026-06-21 10:13:04,072 [INFO] Update id=200743172 is not handled. Duration 65 ms by bot id=8813857960
2026-06-21 10:13:04,072 [INFO] Update id=200743241 is not handled. Duration 56 ms by bot id=8813857960
2026-06-21 10:13:04,073 [INFO] Update id=200743242 is not handled. Duration 56 ms by bot id=8813857960
2026-06-21 10:13:04,073 [INFO] Update id=200743243 is not handled. Duration 56 ms by bot id=8813857960
2026-06-21 10:13:04,073 [INFO] Update id=200743244 is not handled. Duration 56 ms by bot id=8813857960
2026-06-21 10:13:04,073 [INFO] Update id=200743245 is not handled. Duration 56 ms by bot id=8813857960
2026-06-21 10:13:04,074 [INFO] Update id=200743246 is not handled. Duration 56 ms by bot id=8813857960
2026-06-21 10:13:04,074 [INFO] Update id=200743247 is not handled. Duration 56 ms by bot id=8813857960
2026-06-21 10:13:04,074 [INFO] Update id=200743248 is not handled. Duration 56 ms by bot id=8813857960
2026-06-21 10:13:04,074 [INFO] Update id=200743249 is not handled. Duration 56 ms by bot id=8813857960
2026-06-21 10:13:04,074 [INFO] Update id=200743250 is not handled. Duration 56 ms by bot id=8813857960
2026-06-21 10:13:04,075 [INFO] Update id=200743251 is not handled. Duration 56 ms by bot id=8813857960
2026-06-21 10:13:04,075 [INFO] Update id=200743252 is not handled. Duration 56 ms by bot id=8813857960
2026-06-21 10:13:04,075 [INFO] Update id=200743253 is not handled. Duration 56 ms by bot id=8813857960
2026-06-21 10:13:04,075 [INFO] Update id=200743254 is not handled. Duration 56 ms by bot id=8813857960
2026-06-21 10:13:04,075 [INFO] Update id=200743255 is not handled. Duration 56 ms by bot id=8813857960
2026-06-21 10:13:04,076 [INFO] Update id=200743256 is not handled. Duration 57 ms by bot id=8813857960
2026-06-21 10:13:04,076 [INFO] Update id=200743257 is not handled. Duration 57 ms by bot id=8813857960
2026-06-21 10:13:04,076 [INFO] Update id=200743258 is not handled. Duration 57 ms by bot id=8813857960
2026-06-21 10:13:04,076 [INFO] Update id=200743259 is not handled. Duration 57 ms by bot id=8813857960
2026-06-21 10:13:04,077 [INFO] Update id=200743260 is not handled. Duration 57 ms by bot id=8813857960
2026-06-21 10:13:04,077 [INFO] Update id=200743261 is not handled. Duration 57 ms by bot id=8813857960
2026-06-21 10:13:04,077 [INFO] Update id=200743262 is not handled. Duration 57 ms by bot id=8813857960
2026-06-21 10:13:04,077 [INFO] Update id=200743263 is not handled. Duration 57 ms by bot id=8813857960
2026-06-21 10:13:04,077 [INFO] Update id=200743264 is not handled. Duration 57 ms by bot id=8813857960
2026-06-21 10:13:04,078 [INFO] Update id=200743265 is not handled. Duration 57 ms by bot id=8813857960
2026-06-21 10:13:04,078 [INFO] Update id=200743266 is not handled. Duration 57 ms by bot id=8813857960
2026-06-21 10:13:04,078 [INFO] Update id=200743267 is not handled. Duration 57 ms by bot id=8813857960
2026-06-21 10:13:04,078 [INFO] Update id=200743268 is not handled. Duration 57 ms by bot id=8813857960
2026-06-21 10:13:04,321 [INFO] Update id=200743282 is not handled. Duration 135 ms by bot id=8813857960
2026-06-21 10:13:04,322 [INFO] Update id=200743273 is not handled. Duration 137 ms by bot id=8813857960
2026-06-21 10:13:04,323 [INFO] Update id=200743286 is not handled. Duration 136 ms by bot id=8813857960
2026-06-21 10:13:04,323 [INFO] Update id=200743287 is not handled. Duration 136 ms by bot id=8813857960
2026-06-21 10:13:04,323 [INFO] Update id=200743295 is not handled. Duration 135 ms by bot id=8813857960
2026-06-21 10:13:04,324 [INFO] Update id=200743288 is not handled. Duration 136 ms by bot id=8813857960
2026-06-21 10:13:04,324 [INFO] Update id=200743272 is not handled. Duration 139 ms by bot id=8813857960
2026-06-21 10:13:04,324 [INFO] Update id=200743289 is not handled. Duration 137 ms by bot id=8813857960
2026-06-21 10:13:04,324 [INFO] Update id=200743290 is not handled. Duration 137 ms by bot id=8813857960
2026-06-21 10:13:04,325 [INFO] Update id=200743269 is not handled. Duration 140 ms by bot id=8813857960
2026-06-21 10:13:04,325 [INFO] Update id=200743281 is not handled. Duration 138 ms by bot id=8813857960
2026-06-21 10:13:04,325 [INFO] Update id=200743291 is not handled. Duration 137 ms by bot id=8813857960
2026-06-21 10:13:04,325 [INFO] Update id=200743292 is not handled. Duration 137 ms by bot id=8813857960
2026-06-21 10:13:04,325 [INFO] Update id=200743293 is not handled. Duration 138 ms by bot id=8813857960
2026-06-21 10:13:04,326 [INFO] Update id=200743284 is not handled. Duration 139 ms by bot id=8813857960
2026-06-21 10:13:04,326 [INFO] Update id=200743275 is not handled. Duration 140 ms by bot id=8813857960
2026-06-21 10:13:04,326 [INFO] Update id=200743296 is not handled. Duration 138 ms by bot id=8813857960
2026-06-21 10:13:04,326 [INFO] Update id=200743297 is not handled. Duration 138 ms by bot id=8813857960
2026-06-21 10:13:04,327 [INFO] Update id=200743276 is not handled. Duration 141 ms by bot id=8813857960
2026-06-21 10:13:04,327 [INFO] Update id=200743274 is not handled. Duration 141 ms by bot id=8813857960
2026-06-21 10:13:04,327 [INFO] Update id=200743298 is not handled. Duration 138 ms by bot id=8813857960
2026-06-21 10:13:04,327 [INFO] Update id=200743299 is not handled. Duration 139 ms by bot id=8813857960
2026-06-21 10:13:04,327 [INFO] Update id=200743300 is not handled. Duration 139 ms by bot id=8813857960
2026-06-21 10:13:04,328 [INFO] Update id=200743301 is not handled. Duration 137 ms by bot id=8813857960
2026-06-21 10:13:04,328 [INFO] Update id=200743285 is not handled. Duration 141 ms by bot id=8813857960
2026-06-21 10:13:04,328 [INFO] Update id=200743302 is not handled. Duration 138 ms by bot id=8813857960
2026-06-21 10:13:04,329 [INFO] Update id=200743277 is not handled. Duration 143 ms by bot id=8813857960
2026-06-21 10:13:04,329 [INFO] Update id=200743303 is not handled. Duration 138 ms by bot id=8813857960
2026-06-21 10:13:04,329 [INFO] Update id=200743278 is not handled. Duration 143 ms by bot id=8813857960
2026-06-21 10:13:04,329 [INFO] Update id=200743304 is not handled. Duration 139 ms by bot id=8813857960
2026-06-21 10:13:04,329 [INFO] Update id=200743294 is not handled. Duration 141 ms by bot id=8813857960
2026-06-21 10:13:04,330 [INFO] Update id=200743305 is not handled. Duration 139 ms by bot id=8813857960
2026-06-21 10:13:04,330 [INFO] Update id=200743306 is not handled. Duration 139 ms by bot id=8813857960
2026-06-21 10:13:04,330 [INFO] Update id=200743307 is not handled. Duration 139 ms by bot id=8813857960
2026-06-21 10:13:04,330 [INFO] Update id=200743270 is not handled. Duration 146 ms by bot id=8813857960
2026-06-21 10:13:04,330 [INFO] Update id=200743308 is not handled. Duration 139 ms by bot id=8813857960
2026-06-21 10:13:04,331 [INFO] Update id=200743309 is not handled. Duration 139 ms by bot id=8813857960
2026-06-21 10:13:04,331 [INFO] Update id=200743310 is not handled. Duration 140 ms by bot id=8813857960
2026-06-21 10:13:04,331 [INFO] Update id=200743311 is not handled. Duration 140 ms by bot id=8813857960
2026-06-21 10:13:04,331 [INFO] Update id=200743312 is not handled. Duration 140 ms by bot id=8813857960
2026-06-21 10:13:04,332 [INFO] Update id=200743313 is not handled. Duration 140 ms by bot id=8813857960
2026-06-21 10:13:04,332 [INFO] Update id=200743280 is not handled. Duration 146 ms by bot id=8813857960
2026-06-21 10:13:04,332 [INFO] Update id=200743279 is not handled. Duration 146 ms by bot id=8813857960
2026-06-21 10:13:04,332 [INFO] Update id=200743314 is not handled. Duration 140 ms by bot id=8813857960
2026-06-21 10:13:04,332 [INFO] Update id=200743315 is not handled. Duration 140 ms by bot id=8813857960
2026-06-21 10:13:04,333 [INFO] Update id=200743316 is not handled. Duration 140 ms by bot id=8813857960
2026-06-21 10:13:04,333 [INFO] Update id=200743283 is not handled. Duration 146 ms by bot id=8813857960
2026-06-21 10:13:04,333 [INFO] Update id=200743317 is not handled. Duration 141 ms by bot id=8813857960
2026-06-21 10:13:04,333 [INFO] Update id=200743318 is not handled. Duration 141 ms by bot id=8813857960
2026-06-21 10:13:04,333 [INFO] Update id=200743319 is not handled. Duration 141 ms by bot id=8813857960
2026-06-21 10:13:04,334 [INFO] Update id=200743320 is not handled. Duration 141 ms by bot id=8813857960
2026-06-21 10:13:04,334 [INFO] Update id=200743321 is not handled. Duration 141 ms by bot id=8813857960
2026-06-21 10:13:04,334 [INFO] Update id=200743322 is not handled. Duration 141 ms by bot id=8813857960
2026-06-21 10:13:04,334 [INFO] Update id=200743323 is not handled. Duration 141 ms by bot id=8813857960
2026-06-21 10:13:04,335 [INFO] Update id=200743324 is not handled. Duration 141 ms by bot id=8813857960
2026-06-21 10:13:04,335 [INFO] Update id=200743325 is not handled. Duration 142 ms by bot id=8813857960
2026-06-21 10:13:04,335 [INFO] Update id=200743326 is not handled. Duration 142 ms by bot id=8813857960
2026-06-21 10:13:04,335 [INFO] Update id=200743327 is not handled. Duration 142 ms by bot id=8813857960
2026-06-21 10:13:04,335 [INFO] Update id=200743328 is not handled. Duration 142 ms by bot id=8813857960
2026-06-21 10:13:04,336 [INFO] Update id=200743329 is not handled. Duration 60 ms by bot id=8813857960
2026-06-21 10:13:04,336 [INFO] Update id=200743330 is not handled. Duration 60 ms by bot id=8813857960
2026-06-21 10:13:04,336 [INFO] Update id=200743331 is not handled. Duration 60 ms by bot id=8813857960
2026-06-21 10:13:04,336 [INFO] Update id=200743332 is not handled. Duration 60 ms by bot id=8813857960
2026-06-21 10:13:04,337 [INFO] Update id=200743333 is not handled. Duration 60 ms by bot id=8813857960
2026-06-21 10:13:04,337 [INFO] Update id=200743271 is not handled. Duration 152 ms by bot id=8813857960
2026-06-21 10:13:04,337 [INFO] Update id=200743334 is not handled. Duration 60 ms by bot id=8813857960
2026-06-21 10:13:04,337 [INFO] Update id=200743335 is not handled. Duration 60 ms by bot id=8813857960
2026-06-21 10:13:04,337 [INFO] Update id=200743336 is not handled. Duration 60 ms by bot id=8813857960
2026-06-21 10:13:04,338 [INFO] Update id=200743337 is not handled. Duration 60 ms by bot id=8813857960
2026-06-21 10:13:04,338 [INFO] Update id=200743338 is not handled. Duration 60 ms by bot id=8813857960
2026-06-21 10:13:04,338 [INFO] Update id=200743339 is not handled. Duration 60 ms by bot id=8813857960
2026-06-21 10:13:04,338 [INFO] Update id=200743340 is not handled. Duration 61 ms by bot id=8813857960
2026-06-21 10:13:04,338 [INFO] Update id=200743341 is not handled. Duration 61 ms by bot id=8813857960
2026-06-21 10:13:04,339 [INFO] Update id=200743342 is not handled. Duration 61 ms by bot id=8813857960
2026-06-21 10:13:04,339 [INFO] Update id=200743343 is not handled. Duration 61 ms by bot id=8813857960
2026-06-21 10:13:04,339 [INFO] Update id=200743344 is not handled. Duration 61 ms by bot id=8813857960
2026-06-21 10:13:04,339 [INFO] Update id=200743345 is not handled. Duration 61 ms by bot id=8813857960
2026-06-21 10:13:04,340 [INFO] Update id=200743346 is not handled. Duration 61 ms by bot id=8813857960
2026-06-21 10:13:04,340 [INFO] Update id=200743347 is not handled. Duration 61 ms by bot id=8813857960
2026-06-21 10:13:04,340 [INFO] Update id=200743348 is not handled. Duration 61 ms by bot id=8813857960
2026-06-21 10:13:04,340 [INFO] Update id=200743349 is not handled. Duration 61 ms by bot id=8813857960
2026-06-21 10:13:04,340 [INFO] Update id=200743350 is not handled. Duration 61 ms by bot id=8813857960
2026-06-21 10:13:04,341 [INFO] Update id=200743351 is not handled. Duration 62 ms by bot id=8813857960
2026-06-21 10:13:04,341 [INFO] Update id=200743352 is not handled. Duration 61 ms by bot id=8813857960
2026-06-21 10:13:04,341 [INFO] Update id=200743353 is not handled. Duration 62 ms by bot id=8813857960
2026-06-21 10:13:04,341 [INFO] Update id=200743354 is not handled. Duration 62 ms by bot id=8813857960
2026-06-21 10:13:04,341 [INFO] Update id=200743355 is not handled. Duration 62 ms by bot id=8813857960
2026-06-21 10:13:04,342 [INFO] Update id=200743356 is not handled. Duration 62 ms by bot id=8813857960
2026-06-21 10:13:04,342 [INFO] Update id=200743357 is not handled. Duration 62 ms by bot id=8813857960
2026-06-21 10:13:04,345 [INFO] Update id=200743358 is not handled. Duration 65 ms by bot id=8813857960
2026-06-21 10:13:04,345 [INFO] Update id=200743359 is not handled. Duration 64 ms by bot id=8813857960
2026-06-21 10:13:04,345 [INFO] Update id=200743360 is not handled. Duration 64 ms by bot id=8813857960
2026-06-21 10:13:04,345 [INFO] Update id=200743361 is not handled. Duration 64 ms by bot id=8813857960
2026-06-21 10:13:04,346 [INFO] Update id=200743362 is not handled. Duration 64 ms by bot id=8813857960
2026-06-21 10:13:04,346 [INFO] Update id=200743363 is not handled. Duration 64 ms by bot id=8813857960
2026-06-21 10:13:04,346 [INFO] Update id=200743364 is not handled. Duration 64 ms by bot id=8813857960
2026-06-21 10:13:04,346 [INFO] Update id=200743365 is not handled. Duration 64 ms by bot id=8813857960
2026-06-21 10:13:04,347 [INFO] Update id=200743366 is not handled. Duration 64 ms by bot id=8813857960
2026-06-21 10:13:04,347 [INFO] Update id=200743367 is not handled. Duration 64 ms by bot id=8813857960
2026-06-21 10:13:04,347 [INFO] Update id=200743368 is not handled. Duration 65 ms by bot id=8813857960
2026-06-21 10:13:04,530 [INFO] Update id=200743381 is not handled. Duration 45 ms by bot id=8813857960
2026-06-21 10:13:04,531 [INFO] Update id=200743369 is not handled. Duration 47 ms by bot id=8813857960
2026-06-21 10:13:04,532 [INFO] Update id=200743378 is not handled. Duration 47 ms by bot id=8813857960
2026-06-21 10:13:04,533 [INFO] Update id=200743377 is not handled. Duration 47 ms by bot id=8813857960
2026-06-21 10:13:04,533 [INFO] Update id=200743379 is not handled. Duration 47 ms by bot id=8813857960
2026-06-21 10:13:04,533 [INFO] Update id=200743373 is not handled. Duration 48 ms by bot id=8813857960
2026-06-21 10:13:04,533 [INFO] Update id=200743385 is not handled. Duration 47 ms by bot id=8813857960
2026-06-21 10:13:04,534 [INFO] Update id=200743386 is not handled. Duration 47 ms by bot id=8813857960
2026-06-21 10:13:04,534 [INFO] Update id=200743371 is not handled. Duration 49 ms by bot id=8813857960
2026-06-21 10:13:04,534 [INFO] Update id=200743382 is not handled. Duration 48 ms by bot id=8813857960
2026-06-21 10:13:04,534 [INFO] Update id=200743370 is not handled. Duration 50 ms by bot id=8813857960
2026-06-21 10:13:04,534 [INFO] Update id=200743383 is not handled. Duration 48 ms by bot id=8813857960
2026-06-21 10:13:04,535 [INFO] Update id=200743387 is not handled. Duration 48 ms by bot id=8813857960
2026-06-21 10:13:04,535 [INFO] Update id=200743388 is not handled. Duration 48 ms by bot id=8813857960
2026-06-21 10:13:04,536 [INFO] Update id=200743389 is not handled. Duration 48 ms by bot id=8813857960
2026-06-21 10:13:04,536 [INFO] Update id=200743390 is not handled. Duration 48 ms by bot id=8813857960
2026-06-21 10:13:04,536 [INFO] Update id=200743391 is not handled. Duration 48 ms by bot id=8813857960
2026-06-21 10:13:04,536 [INFO] Update id=200743392 is not handled. Duration 48 ms by bot id=8813857960
2026-06-21 10:13:04,536 [INFO] Update id=200743372 is not handled. Duration 52 ms by bot id=8813857960
2026-06-21 10:13:04,537 [INFO] Update id=200743393 is not handled. Duration 49 ms by bot id=8813857960
2026-06-21 10:13:04,537 [INFO] Update id=200743374 is not handled. Duration 52 ms by bot id=8813857960
2026-06-21 10:13:04,537 [INFO] Update id=200743394 is not handled. Duration 49 ms by bot id=8813857960
2026-06-21 10:13:04,537 [INFO] Update id=200743395 is not handled. Duration 49 ms by bot id=8813857960
2026-06-21 10:13:04,537 [INFO] Update id=200743396 is not handled. Duration 49 ms by bot id=8813857960
2026-06-21 10:13:04,538 [INFO] Update id=200743375 is not handled. Duration 53 ms by bot id=8813857960
2026-06-21 10:13:04,538 [INFO] Update id=200743384 is not handled. Duration 51 ms by bot id=8813857960
2026-06-21 10:13:04,538 [INFO] Update id=200743397 is not handled. Duration 50 ms by bot id=8813857960
2026-06-21 10:13:04,538 [INFO] Update id=200743398 is not handled. Duration 50 ms by bot id=8813857960
2026-06-21 10:13:04,539 [INFO] Update id=200743399 is not handled. Duration 50 ms by bot id=8813857960
2026-06-21 10:13:04,539 [INFO] Update id=200743380 is not handled. Duration 53 ms by bot id=8813857960
2026-06-21 10:13:04,539 [INFO] Update id=200743400 is not handled. Duration 50 ms by bot id=8813857960
2026-06-21 10:13:04,539 [INFO] Update id=200743401 is not handled. Duration 50 ms by bot id=8813857960
2026-06-21 10:13:04,539 [INFO] Update id=200743402 is not handled. Duration 50 ms by bot id=8813857960
2026-06-21 10:13:04,540 [INFO] Update id=200743403 is not handled. Duration 50 ms by bot id=8813857960
2026-06-21 10:13:04,540 [INFO] Update id=200743404 is not handled. Duration 51 ms by bot id=8813857960
2026-06-21 10:13:04,540 [INFO] Update id=200743405 is not handled. Duration 51 ms by bot id=8813857960
2026-06-21 10:13:04,540 [INFO] Update id=200743406 is not handled. Duration 51 ms by bot id=8813857960
2026-06-21 10:13:04,540 [INFO] Update id=200743407 is not handled. Duration 51 ms by bot id=8813857960
2026-06-21 10:13:04,541 [INFO] Update id=200743408 is not handled. Duration 51 ms by bot id=8813857960
2026-06-21 10:13:04,541 [INFO] Update id=200743409 is not handled. Duration 51 ms by bot id=8813857960
2026-06-21 10:13:04,541 [INFO] Update id=200743410 is not handled. Duration 51 ms by bot id=8813857960
2026-06-21 10:13:04,541 [INFO] Update id=200743411 is not handled. Duration 51 ms by bot id=8813857960
2026-06-21 10:13:04,542 [INFO] Update id=200743412 is not handled. Duration 51 ms by bot id=8813857960
2026-06-21 10:13:04,542 [INFO] Update id=200743413 is not handled. Duration 51 ms by bot id=8813857960
2026-06-21 10:13:04,542 [INFO] Update id=200743414 is not handled. Duration 51 ms by bot id=8813857960
2026-06-21 10:13:04,542 [INFO] Update id=200743415 is not handled. Duration 51 ms by bot id=8813857960
2026-06-21 10:13:04,542 [INFO] Update id=200743416 is not handled. Duration 51 ms by bot id=8813857960
2026-06-21 10:13:04,543 [INFO] Update id=200743417 is not handled. Duration 51 ms by bot id=8813857960
2026-06-21 10:13:04,543 [INFO] Update id=200743418 is not handled. Duration 52 ms by bot id=8813857960
2026-06-21 10:13:04,543 [INFO] Update id=200743419 is not handled. Duration 52 ms by bot id=8813857960
2026-06-21 10:13:04,545 [INFO] Update id=200743420 is not handled. Duration 54 ms by bot id=8813857960
2026-06-21 10:13:04,546 [INFO] Update id=200743421 is not handled. Duration 54 ms by bot id=8813857960
2026-06-21 10:13:04,546 [INFO] Update id=200743422 is not handled. Duration 54 ms by bot id=8813857960
2026-06-21 10:13:04,546 [INFO] Update id=200743423 is not handled. Duration 54 ms by bot id=8813857960
2026-06-21 10:13:04,546 [INFO] Update id=200743424 is not handled. Duration 54 ms by bot id=8813857960
2026-06-21 10:13:04,546 [INFO] Update id=200743425 is not handled. Duration 54 ms by bot id=8813857960
2026-06-21 10:13:04,547 [INFO] Update id=200743426 is not handled. Duration 54 ms by bot id=8813857960
2026-06-21 10:13:04,547 [INFO] Update id=200743427 is not handled. Duration 54 ms by bot id=8813857960
2026-06-21 10:13:04,547 [INFO] Update id=200743428 is not handled. Duration 55 ms by bot id=8813857960
2026-06-21 10:13:04,547 [INFO] Update id=200743429 is not handled. Duration 55 ms by bot id=8813857960
2026-06-21 10:13:04,548 [INFO] Update id=200743430 is not handled. Duration 55 ms by bot id=8813857960
2026-06-21 10:13:04,548 [INFO] Update id=200743431 is not handled. Duration 55 ms by bot id=8813857960
2026-06-21 10:13:04,548 [INFO] Update id=200743432 is not handled. Duration 55 ms by bot id=8813857960
2026-06-21 10:13:04,548 [INFO] Update id=200743433 is not handled. Duration 55 ms by bot id=8813857960
2026-06-21 10:13:04,548 [INFO] Update id=200743434 is not handled. Duration 55 ms by bot id=8813857960
2026-06-21 10:13:04,549 [INFO] Update id=200743435 is not handled. Duration 55 ms by bot id=8813857960
2026-06-21 10:13:04,549 [INFO] Update id=200743436 is not handled. Duration 55 ms by bot id=8813857960
2026-06-21 10:13:04,549 [INFO] Update id=200743437 is not handled. Duration 55 ms by bot id=8813857960
2026-06-21 10:13:04,549 [INFO] Update id=200743438 is not handled. Duration 55 ms by bot id=8813857960
2026-06-21 10:13:04,549 [INFO] Update id=200743439 is not handled. Duration 55 ms by bot id=8813857960
2026-06-21 10:13:04,550 [INFO] Update id=200743376 is not handled. Duration 65 ms by bot id=8813857960
2026-06-21 10:13:04,550 [INFO] Update id=200743440 is not handled. Duration 56 ms by bot id=8813857960
2026-06-21 10:13:04,550 [INFO] Update id=200743441 is not handled. Duration 56 ms by bot id=8813857960
2026-06-21 10:13:04,550 [INFO] Update id=200743442 is not handled. Duration 56 ms by bot id=8813857960
2026-06-21 10:13:04,551 [INFO] Update id=200743443 is not handled. Duration 56 ms by bot id=8813857960
2026-06-21 10:13:04,551 [INFO] Update id=200743444 is not handled. Duration 56 ms by bot id=8813857960
2026-06-21 10:13:04,551 [INFO] Update id=200743445 is not handled. Duration 56 ms by bot id=8813857960
2026-06-21 10:13:04,551 [INFO] Update id=200743446 is not handled. Duration 56 ms by bot id=8813857960
2026-06-21 10:13:04,551 [INFO] Update id=200743447 is not handled. Duration 56 ms by bot id=8813857960
2026-06-21 10:13:04,552 [INFO] Update id=200743448 is not handled. Duration 56 ms by bot id=8813857960
2026-06-21 10:13:04,552 [INFO] Update id=200743449 is not handled. Duration 56 ms by bot id=8813857960
2026-06-21 10:13:04,552 [INFO] Update id=200743450 is not handled. Duration 56 ms by bot id=8813857960
2026-06-21 10:13:04,552 [INFO] Update id=200743451 is not handled. Duration 57 ms by bot id=8813857960
2026-06-21 10:13:04,552 [INFO] Update id=200743452 is not handled. Duration 57 ms by bot id=8813857960
2026-06-21 10:13:04,553 [INFO] Update id=200743453 is not handled. Duration 57 ms by bot id=8813857960
2026-06-21 10:13:04,553 [INFO] Update id=200743454 is not handled. Duration 57 ms by bot id=8813857960
2026-06-21 10:13:04,553 [INFO] Update id=200743455 is not handled. Duration 57 ms by bot id=8813857960
2026-06-21 10:13:04,553 [INFO] Update id=200743456 is not handled. Duration 57 ms by bot id=8813857960
2026-06-21 10:13:04,554 [INFO] Update id=200743457 is not handled. Duration 57 ms by bot id=8813857960
2026-06-21 10:13:04,554 [INFO] Update id=200743458 is not handled. Duration 57 ms by bot id=8813857960
2026-06-21 10:13:04,554 [INFO] Update id=200743459 is not handled. Duration 57 ms by bot id=8813857960
2026-06-21 10:13:04,554 [INFO] Update id=200743460 is not handled. Duration 57 ms by bot id=8813857960
2026-06-21 10:13:04,554 [INFO] Update id=200743461 is not handled. Duration 57 ms by bot id=8813857960
2026-06-21 10:13:04,555 [INFO] Update id=200743462 is not handled. Duration 57 ms by bot id=8813857960
2026-06-21 10:13:04,555 [INFO] Update id=200743463 is not handled. Duration 57 ms by bot id=8813857960
2026-06-21 10:13:04,555 [INFO] Update id=200743464 is not handled. Duration 57 ms by bot id=8813857960
2026-06-21 10:13:04,555 [INFO] Update id=200743465 is not handled. Duration 57 ms by bot id=8813857960
2026-06-21 10:13:04,555 [INFO] Update id=200743466 is not handled. Duration 57 ms by bot id=8813857960
2026-06-21 10:13:04,556 [INFO] Update id=200743467 is not handled. Duration 57 ms by bot id=8813857960
2026-06-21 10:13:04,556 [INFO] Update id=200743468 is not handled. Duration 57 ms by bot id=8813857960
2026-06-21 10:13:04,702 [INFO] Update id=200743483 is not handled. Duration 47 ms by bot id=8813857960
2026-06-21 10:13:04,703 [INFO] Update id=200743475 is not handled. Duration 50 ms by bot id=8813857960
2026-06-21 10:13:04,703 [INFO] Update id=200743485 is not handled. Duration 48 ms by bot id=8813857960
2026-06-21 10:13:04,704 [INFO] Update id=200743486 is not handled. Duration 49 ms by bot id=8813857960
2026-06-21 10:13:04,704 [INFO] Update id=200743487 is not handled. Duration 49 ms by bot id=8813857960
2026-06-21 10:13:04,704 [INFO] Update id=200743488 is not handled. Duration 49 ms by bot id=8813857960
2026-06-21 10:13:04,704 [INFO] Update id=200743489 is not handled. Duration 49 ms by bot id=8813857960
2026-06-21 10:13:04,705 [INFO] Update id=200743470 is not handled. Duration 52 ms by bot id=8813857960
2026-06-21 10:13:04,705 [INFO] Update id=200743471 is not handled. Duration 52 ms by bot id=8813857960
2026-06-21 10:13:04,705 [INFO] Update id=200743469 is not handled. Duration 53 ms by bot id=8813857960
2026-06-21 10:13:04,705 [INFO] Update id=200743480 is not handled. Duration 51 ms by bot id=8813857960
2026-06-21 10:13:04,706 [INFO] Update id=200743484 is not handled. Duration 51 ms by bot id=8813857960
2026-06-21 10:13:04,706 [INFO] Update id=200743490 is not handled. Duration 50 ms by bot id=8813857960
2026-06-21 10:13:04,706 [INFO] Update id=200743474 is not handled. Duration 53 ms by bot id=8813857960
2026-06-21 10:13:04,706 [INFO] Update id=200743479 is not handled. Duration 52 ms by bot id=8813857960
2026-06-21 10:13:04,706 [INFO] Update id=200743491 is not handled. Duration 51 ms by bot id=8813857960
2026-06-21 10:13:04,707 [INFO] Update id=200743492 is not handled. Duration 51 ms by bot id=8813857960
2026-06-21 10:13:04,707 [INFO] Update id=200743493 is not handled. Duration 51 ms by bot id=8813857960
2026-06-21 10:13:04,707 [INFO] Update id=200743494 is not handled. Duration 51 ms by bot id=8813857960
2026-06-21 10:13:04,708 [INFO] Update id=200743495 is not handled. Duration 52 ms by bot id=8813857960
2026-06-21 10:13:04,708 [INFO] Update id=200743496 is not handled. Duration 52 ms by bot id=8813857960
2026-06-21 10:13:04,708 [INFO] Update id=200743497 is not handled. Duration 52 ms by bot id=8813857960
2026-06-21 10:13:04,708 [INFO] Update id=200743498 is not handled. Duration 52 ms by bot id=8813857960
2026-06-21 10:13:04,708 [INFO] Update id=200743477 is not handled. Duration 55 ms by bot id=8813857960
2026-06-21 10:13:04,709 [INFO] Update id=200743478 is not handled. Duration 55 ms by bot id=8813857960
2026-06-21 10:13:04,709 [INFO] Update id=200743499 is not handled. Duration 52 ms by bot id=8813857960
2026-06-21 10:13:04,709 [INFO] Update id=200743476 is not handled. Duration 56 ms by bot id=8813857960
2026-06-21 10:13:04,709 [INFO] Update id=200743500 is not handled. Duration 53 ms by bot id=8813857960
2026-06-21 10:13:04,710 [INFO] Update id=200743501 is not handled. Duration 53 ms by bot id=8813857960
2026-06-21 10:13:04,710 [INFO] Update id=200743502 is not handled. Duration 53 ms by bot id=8813857960
2026-06-21 10:13:04,710 [INFO] Update id=200743503 is not handled. Duration 53 ms by bot id=8813857960
2026-06-21 10:13:04,710 [INFO] Update id=200743504 is not handled. Duration 53 ms by bot id=8813857960
2026-06-21 10:13:04,710 [INFO] Update id=200743505 is not handled. Duration 53 ms by bot id=8813857960
2026-06-21 10:13:04,711 [INFO] Update id=200743506 is not handled. Duration 53 ms by bot id=8813857960
2026-06-21 10:13:04,711 [INFO] Update id=200743507 is not handled. Duration 53 ms by bot id=8813857960
2026-06-21 10:13:04,711 [INFO] Update id=200743508 is not handled. Duration 53 ms by bot id=8813857960
2026-06-21 10:13:04,711 [INFO] Update id=200743509 is not handled. Duration 54 ms by bot id=8813857960
2026-06-21 10:13:04,711 [INFO] Update id=200743510 is not handled. Duration 50 ms by bot id=8813857960
2026-06-21 10:13:04,712 [INFO] Update id=200743511 is not handled. Duration 50 ms by bot id=8813857960
2026-06-21 10:13:04,712 [INFO] Update id=200743512 is not handled. Duration 50 ms by bot id=8813857960
2026-06-21 10:13:04,712 [INFO] Update id=200743513 is not handled. Duration 50 ms by bot id=8813857960
2026-06-21 10:13:04,712 [INFO] Update id=200743514 is not handled. Duration 51 ms by bot id=8813857960
2026-06-21 10:13:04,713 [INFO] Update id=200743515 is not handled. Duration 51 ms by bot id=8813857960
2026-06-21 10:13:04,713 [INFO] Update id=200743516 is not handled. Duration 51 ms by bot id=8813857960
2026-06-21 10:13:04,713 [INFO] Update id=200743517 is not handled. Duration 51 ms by bot id=8813857960
2026-06-21 10:13:04,713 [INFO] Update id=200743518 is not handled. Duration 51 ms by bot id=8813857960
2026-06-21 10:13:04,713 [INFO] Update id=200743519 is not handled. Duration 51 ms by bot id=8813857960
2026-06-21 10:13:04,714 [INFO] Update id=200743520 is not handled. Duration 51 ms by bot id=8813857960
2026-06-21 10:13:04,714 [INFO] Update id=200743521 is not handled. Duration 51 ms by bot id=8813857960
2026-06-21 10:13:04,714 [INFO] Update id=200743522 is not handled. Duration 51 ms by bot id=8813857960
2026-06-21 10:13:04,716 [INFO] Update id=200743482 is not handled. Duration 62 ms by bot id=8813857960
2026-06-21 10:13:04,717 [INFO] Update id=200743523 is not handled. Duration 54 ms by bot id=8813857960
2026-06-21 10:13:04,717 [INFO] Update id=200743473 is not handled. Duration 64 ms by bot id=8813857960
2026-06-21 10:13:04,717 [INFO] Update id=200743524 is not handled. Duration 54 ms by bot id=8813857960
2026-06-21 10:13:04,717 [INFO] Update id=200743525 is not handled. Duration 54 ms by bot id=8813857960
2026-06-21 10:13:04,717 [INFO] Update id=200743472 is not handled. Duration 65 ms by bot id=8813857960
2026-06-21 10:13:04,718 [INFO] Update id=200743526 is not handled. Duration 54 ms by bot id=8813857960
2026-06-21 10:13:04,718 [INFO] Update id=200743527 is not handled. Duration 54 ms by bot id=8813857960
2026-06-21 10:13:04,718 [INFO] Update id=200743481 is not handled. Duration 64 ms by bot id=8813857960
2026-06-21 10:13:04,718 [INFO] Update id=200743528 is not handled. Duration 55 ms by bot id=8813857960
2026-06-21 10:13:04,718 [INFO] Update id=200743529 is not handled. Duration 55 ms by bot id=8813857960
2026-06-21 10:13:04,719 [INFO] Update id=200743530 is not handled. Duration 55 ms by bot id=8813857960
2026-06-21 10:13:04,719 [INFO] Update id=200743531 is not handled. Duration 55 ms by bot id=8813857960
2026-06-21 10:13:04,719 [INFO] Update id=200743532 is not handled. Duration 55 ms by bot id=8813857960
2026-06-21 10:13:04,719 [INFO] Update id=200743533 is not handled. Duration 55 ms by bot id=8813857960
2026-06-21 10:13:04,720 [INFO] Update id=200743534 is not handled. Duration 55 ms by bot id=8813857960
2026-06-21 10:13:04,720 [INFO] Update id=200743535 is not handled. Duration 55 ms by bot id=8813857960
2026-06-21 10:13:04,720 [INFO] Update id=200743536 is not handled. Duration 55 ms by bot id=8813857960
2026-06-21 10:13:04,720 [INFO] Update id=200743537 is not handled. Duration 55 ms by bot id=8813857960
2026-06-21 10:13:04,720 [INFO] Update id=200743538 is not handled. Duration 56 ms by bot id=8813857960
2026-06-21 10:13:04,721 [INFO] Update id=200743539 is not handled. Duration 56 ms by bot id=8813857960
2026-06-21 10:13:04,721 [INFO] Update id=200743540 is not handled. Duration 56 ms by bot id=8813857960
2026-06-21 10:13:04,721 [INFO] Update id=200743541 is not handled. Duration 56 ms by bot id=8813857960
2026-06-21 10:13:04,721 [INFO] Update id=200743542 is not handled. Duration 56 ms by bot id=8813857960
2026-06-21 10:13:04,721 [INFO] Update id=200743543 is not handled. Duration 56 ms by bot id=8813857960
2026-06-21 10:13:04,722 [INFO] Update id=200743544 is not handled. Duration 56 ms by bot id=8813857960
2026-06-21 10:13:04,722 [INFO] Update id=200743545 is not handled. Duration 56 ms by bot id=8813857960
2026-06-21 10:13:04,722 [INFO] Update id=200743546 is not handled. Duration 56 ms by bot id=8813857960
2026-06-21 10:13:04,722 [INFO] Update id=200743547 is not handled. Duration 56 ms by bot id=8813857960
2026-06-21 10:13:04,723 [INFO] Update id=200743548 is not handled. Duration 56 ms by bot id=8813857960
2026-06-21 10:13:04,723 [INFO] Update id=200743549 is not handled. Duration 56 ms by bot id=8813857960
2026-06-21 10:13:04,723 [INFO] Update id=200743550 is not handled. Duration 56 ms by bot id=8813857960
2026-06-21 10:13:04,723 [INFO] Update id=200743551 is not handled. Duration 56 ms by bot id=8813857960
2026-06-21 10:13:04,723 [INFO] Update id=200743552 is not handled. Duration 57 ms by bot id=8813857960
2026-06-21 10:13:04,724 [INFO] Update id=200743553 is not handled. Duration 57 ms by bot id=8813857960
2026-06-21 10:13:04,724 [INFO] Update id=200743554 is not handled. Duration 57 ms by bot id=8813857960
2026-06-21 10:13:04,724 [INFO] Update id=200743555 is not handled. Duration 57 ms by bot id=8813857960
2026-06-21 10:13:04,724 [INFO] Update id=200743556 is not handled. Duration 57 ms by bot id=8813857960
2026-06-21 10:13:04,725 [INFO] Update id=200743557 is not handled. Duration 57 ms by bot id=8813857960
2026-06-21 10:13:04,725 [INFO] Update id=200743558 is not handled. Duration 57 ms by bot id=8813857960
2026-06-21 10:13:04,725 [INFO] Update id=200743559 is not handled. Duration 57 ms by bot id=8813857960
2026-06-21 10:13:04,725 [INFO] Update id=200743560 is not handled. Duration 57 ms by bot id=8813857960
2026-06-21 10:13:04,725 [INFO] Update id=200743561 is not handled. Duration 57 ms by bot id=8813857960
2026-06-21 10:13:04,726 [INFO] Update id=200743562 is not handled. Duration 57 ms by bot id=8813857960
2026-06-21 10:13:04,726 [INFO] Update id=200743563 is not handled. Duration 57 ms by bot id=8813857960
2026-06-21 10:13:04,726 [INFO] Update id=200743564 is not handled. Duration 57 ms by bot id=8813857960
2026-06-21 10:13:04,726 [INFO] Update id=200743565 is not handled. Duration 57 ms by bot id=8813857960
2026-06-21 10:13:04,726 [INFO] Update id=200743566 is not handled. Duration 57 ms by bot id=8813857960
2026-06-21 10:13:04,727 [INFO] Update id=200743567 is not handled. Duration 58 ms by bot id=8813857960
2026-06-21 10:13:04,727 [INFO] Update id=200743568 is not handled. Duration 58 ms by bot id=8813857960
2026-06-21 10:13:04,892 [INFO] Update id=200743582 is not handled. Duration 45 ms by bot id=8813857960
2026-06-21 10:13:04,893 [INFO] Update id=200743585 is not handled. Duration 45 ms by bot id=8813857960
2026-06-21 10:13:04,893 [INFO] Update id=200743569 is not handled. Duration 48 ms by bot id=8813857960
2026-06-21 10:13:04,894 [INFO] Update id=200743583 is not handled. Duration 46 ms by bot id=8813857960
2026-06-21 10:13:04,894 [INFO] Update id=200743578 is not handled. Duration 48 ms by bot id=8813857960
2026-06-21 10:13:04,895 [INFO] Update id=200743580 is not handled. Duration 48 ms by bot id=8813857960
2026-06-21 10:13:04,895 [INFO] Update id=200743581 is not handled. Duration 48 ms by bot id=8813857960
2026-06-21 10:13:04,895 [INFO] Update id=200743577 is not handled. Duration 49 ms by bot id=8813857960
2026-06-21 10:13:04,895 [INFO] Update id=200743586 is not handled. Duration 47 ms by bot id=8813857960
2026-06-21 10:13:04,895 [INFO] Update id=200743584 is not handled. Duration 48 ms by bot id=8813857960
2026-06-21 10:13:04,896 [INFO] Update id=200743587 is not handled. Duration 48 ms by bot id=8813857960
2026-06-21 10:13:04,896 [INFO] Update id=200743588 is not handled. Duration 48 ms by bot id=8813857960
2026-06-21 10:13:04,896 [INFO] Update id=200743576 is not handled. Duration 50 ms by bot id=8813857960
2026-06-21 10:13:04,897 [INFO] Update id=200743572 is not handled. Duration 51 ms by bot id=8813857960
2026-06-21 10:13:04,897 [INFO] Update id=200743579 is not handled. Duration 50 ms by bot id=8813857960
2026-06-21 10:13:04,897 [INFO] Update id=200743575 is not handled. Duration 51 ms by bot id=8813857960
2026-06-21 10:13:04,897 [INFO] Update id=200743589 is not handled. Duration 49 ms by bot id=8813857960
2026-06-21 10:13:04,898 [INFO] Update id=200743590 is not handled. Duration 49 ms by bot id=8813857960
2026-06-21 10:13:04,898 [INFO] Update id=200743591 is not handled. Duration 49 ms by bot id=8813857960
2026-06-21 10:13:04,898 [INFO] Update id=200743592 is not handled. Duration 49 ms by bot id=8813857960
2026-06-21 10:13:04,898 [INFO] Update id=200743593 is not handled. Duration 49 ms by bot id=8813857960
2026-06-21 10:13:04,898 [INFO] Update id=200743594 is not handled. Duration 50 ms by bot id=8813857960
2026-06-21 10:13:04,899 [INFO] Update id=200743595 is not handled. Duration 50 ms by bot id=8813857960
2026-06-21 10:13:04,899 [INFO] Update id=200743596 is not handled. Duration 50 ms by bot id=8813857960
2026-06-21 10:13:04,899 [INFO] Update id=200743597 is not handled. Duration 50 ms by bot id=8813857960
2026-06-21 10:13:04,899 [INFO] Update id=200743598 is not handled. Duration 50 ms by bot id=8813857960
2026-06-21 10:13:04,899 [INFO] Update id=200743571 is not handled. Duration 54 ms by bot id=8813857960
2026-06-21 10:13:04,900 [INFO] Update id=200743573 is not handled. Duration 54 ms by bot id=8813857960
2026-06-21 10:13:04,900 [INFO] Update id=200743599 is not handled. Duration 50 ms by bot id=8813857960
2026-06-21 10:13:04,900 [INFO] Update id=200743600 is not handled. Duration 50 ms by bot id=8813857960
2026-06-21 10:13:04,900 [INFO] Update id=200743601 is not handled. Duration 51 ms by bot id=8813857960
2026-06-21 10:13:04,901 [INFO] Update id=200743602 is not handled. Duration 51 ms by bot id=8813857960
2026-06-21 10:13:04,901 [INFO] Update id=200743603 is not handled. Duration 51 ms by bot id=8813857960
2026-06-21 10:13:04,901 [INFO] Update id=200743604 is not handled. Duration 51 ms by bot id=8813857960
2026-06-21 10:13:04,902 [INFO] Update id=200743605 is not handled. Duration 51 ms by bot id=8813857960
2026-06-21 10:13:04,902 [INFO] Update id=200743606 is not handled. Duration 51 ms by bot id=8813857960
2026-06-21 10:13:04,902 [INFO] Update id=200743607 is not handled. Duration 51 ms by bot id=8813857960
2026-06-21 10:13:04,902 [INFO] Update id=200743608 is not handled. Duration 51 ms by bot id=8813857960
2026-06-21 10:13:04,902 [INFO] Update id=200743609 is not handled. Duration 52 ms by bot id=8813857960
2026-06-21 10:13:04,903 [INFO] Update id=200743610 is not handled. Duration 52 ms by bot id=8813857960
2026-06-21 10:13:04,903 [INFO] Update id=200743611 is not handled. Duration 52 ms by bot id=8813857960
2026-06-21 10:13:04,903 [INFO] Update id=200743612 is not handled. Duration 52 ms by bot id=8813857960
2026-06-21 10:13:04,903 [INFO] Update id=200743613 is not handled. Duration 52 ms by bot id=8813857960
2026-06-21 10:13:04,903 [INFO] Update id=200743614 is not handled. Duration 52 ms by bot id=8813857960
2026-06-21 10:13:04,904 [INFO] Update id=200743615 is not handled. Duration 52 ms by bot id=8813857960
2026-06-21 10:13:04,904 [INFO] Update id=200743616 is not handled. Duration 52 ms by bot id=8813857960
2026-06-21 10:13:04,904 [INFO] Update id=200743617 is not handled. Duration 52 ms by bot id=8813857960
2026-06-21 10:13:04,904 [INFO] Update id=200743618 is not handled. Duration 52 ms by bot id=8813857960
2026-06-21 10:13:04,905 [INFO] Update id=200743619 is not handled. Duration 52 ms by bot id=8813857960
2026-06-21 10:13:04,905 [INFO] Update id=200743620 is not handled. Duration 52 ms by bot id=8813857960
2026-06-21 10:13:04,905 [INFO] Update id=200743621 is not handled. Duration 52 ms by bot id=8813857960
2026-06-21 10:13:04,905 [INFO] Update id=200743622 is not handled. Duration 52 ms by bot id=8813857960
2026-06-21 10:13:04,905 [INFO] Update id=200743623 is not handled. Duration 53 ms by bot id=8813857960
2026-06-21 10:13:04,906 [INFO] Update id=200743574 is not handled. Duration 60 ms by bot id=8813857960
2026-06-21 10:13:04,906 [INFO] Update id=200743624 is not handled. Duration 53 ms by bot id=8813857960
2026-06-21 10:13:04,906 [INFO] Update id=200743625 is not handled. Duration 53 ms by bot id=8813857960
2026-06-21 10:13:04,906 [INFO] Update id=200743626 is not handled. Duration 53 ms by bot id=8813857960
2026-06-21 10:13:04,906 [INFO] Update id=200743627 is not handled. Duration 53 ms by bot id=8813857960
2026-06-21 10:13:04,907 [INFO] Update id=200743628 is not handled. Duration 53 ms by bot id=8813857960
2026-06-21 10:13:04,907 [INFO] Update id=200743629 is not handled. Duration 53 ms by bot id=8813857960
2026-06-21 10:13:04,907 [INFO] Update id=200743630 is not handled. Duration 53 ms by bot id=8813857960
2026-06-21 10:13:04,907 [INFO] Update id=200743631 is not handled. Duration 53 ms by bot id=8813857960
2026-06-21 10:13:04,908 [INFO] Update id=200743632 is not handled. Duration 53 ms by bot id=8813857960
2026-06-21 10:13:04,908 [INFO] Update id=200743570 is not handled. Duration 62 ms by bot id=8813857960
2026-06-21 10:13:04,908 [INFO] Update id=200743633 is not handled. Duration 53 ms by bot id=8813857960
2026-06-21 10:13:04,908 [INFO] Update id=200743634 is not handled. Duration 53 ms by bot id=8813857960
2026-06-21 10:13:04,908 [INFO] Update id=200743635 is not handled. Duration 54 ms by bot id=8813857960
2026-06-21 10:13:04,909 [INFO] Update id=200743636 is not handled. Duration 54 ms by bot id=8813857960
2026-06-21 10:13:04,909 [INFO] Update id=200743637 is not handled. Duration 53 ms by bot id=8813857960
2026-06-21 10:13:04,909 [INFO] Update id=200743638 is not handled. Duration 53 ms by bot id=8813857960
2026-06-21 10:13:04,909 [INFO] Update id=200743639 is not handled. Duration 54 ms by bot id=8813857960
2026-06-21 10:13:04,909 [INFO] Update id=200743640 is not handled. Duration 54 ms by bot id=8813857960
2026-06-21 10:13:04,910 [INFO] Update id=200743641 is not handled. Duration 54 ms by bot id=8813857960
2026-06-21 10:13:04,910 [INFO] Update id=200743642 is not handled. Duration 54 ms by bot id=8813857960
2026-06-21 10:13:04,910 [INFO] Update id=200743643 is not handled. Duration 54 ms by bot id=8813857960
2026-06-21 10:13:04,910 [INFO] Update id=200743644 is not handled. Duration 54 ms by bot id=8813857960
2026-06-21 10:13:04,911 [INFO] Update id=200743645 is not handled. Duration 54 ms by bot id=8813857960
2026-06-21 10:13:04,911 [INFO] Update id=200743646 is not handled. Duration 54 ms by bot id=8813857960
2026-06-21 10:13:04,911 [INFO] Update id=200743647 is not handled. Duration 54 ms by bot id=8813857960
2026-06-21 10:13:04,911 [INFO] Update id=200743648 is not handled. Duration 54 ms by bot id=8813857960
2026-06-21 10:13:04,911 [INFO] Update id=200743649 is not handled. Duration 54 ms by bot id=8813857960
2026-06-21 10:13:04,912 [INFO] Update id=200743650 is not handled. Duration 54 ms by bot id=8813857960
2026-06-21 10:13:04,912 [INFO] Update id=200743651 is not handled. Duration 55 ms by bot id=8813857960
2026-06-21 10:13:04,912 [INFO] Update id=200743652 is not handled. Duration 55 ms by bot id=8813857960
2026-06-21 10:13:04,912 [INFO] Update id=200743653 is not handled. Duration 55 ms by bot id=8813857960
2026-06-21 10:13:04,912 [INFO] Update id=200743654 is not handled. Duration 55 ms by bot id=8813857960
2026-06-21 10:13:04,913 [INFO] Update id=200743655 is not handled. Duration 55 ms by bot id=8813857960
2026-06-21 10:13:04,913 [INFO] Update id=200743656 is not handled. Duration 55 ms by bot id=8813857960
2026-06-21 10:13:04,913 [INFO] Update id=200743657 is not handled. Duration 55 ms by bot id=8813857960
2026-06-21 10:13:04,913 [INFO] Update id=200743658 is not handled. Duration 55 ms by bot id=8813857960
2026-06-21 10:13:04,914 [INFO] Update id=200743659 is not handled. Duration 55 ms by bot id=8813857960
2026-06-21 10:13:04,914 [INFO] Update id=200743660 is not handled. Duration 55 ms by bot id=8813857960
2026-06-21 10:13:04,914 [INFO] Update id=200743661 is not handled. Duration 55 ms by bot id=8813857960
2026-06-21 10:13:04,914 [INFO] Update id=200743662 is not handled. Duration 55 ms by bot id=8813857960
2026-06-21 10:13:04,914 [INFO] Update id=200743663 is not handled. Duration 56 ms by bot id=8813857960
2026-06-21 10:13:04,915 [INFO] Update id=200743664 is not handled. Duration 55 ms by bot id=8813857960
2026-06-21 10:13:04,915 [INFO] Update id=200743665 is not handled. Duration 55 ms by bot id=8813857960
2026-06-21 10:13:04,917 [INFO] Update id=200743666 is not handled. Duration 57 ms by bot id=8813857960
2026-06-21 10:13:04,917 [INFO] Update id=200743667 is not handled. Duration 58 ms by bot id=8813857960
2026-06-21 10:13:04,917 [INFO] Update id=200743668 is not handled. Duration 58 ms by bot id=8813857960
2026-06-21 10:13:05,077 [INFO] Update id=200743673 is not handled. Duration 52 ms by bot id=8813857960
2026-06-21 10:13:05,078 [INFO] Update id=200743677 is not handled. Duration 51 ms by bot id=8813857960
2026-06-21 10:13:05,078 [INFO] Update id=200743685 is not handled. Duration 51 ms by bot id=8813857960
2026-06-21 10:13:05,079 [INFO] Update id=200743675 is not handled. Duration 53 ms by bot id=8813857960
2026-06-21 10:13:05,079 [INFO] Update id=200743686 is not handled. Duration 52 ms by bot id=8813857960
2026-06-21 10:13:05,080 [INFO] Update id=200743687 is not handled. Duration 52 ms by bot id=8813857960
2026-06-21 10:13:05,080 [INFO] Update id=200743684 is not handled. Duration 53 ms by bot id=8813857960
2026-06-21 10:13:05,080 [INFO] Update id=200743682 is not handled. Duration 53 ms by bot id=8813857960
2026-06-21 10:13:05,080 [INFO] Update id=200743688 is not handled. Duration 53 ms by bot id=8813857960
2026-06-21 10:13:05,080 [INFO] Update id=200743680 is not handled. Duration 54 ms by bot id=8813857960
2026-06-21 10:13:05,081 [INFO] Update id=200743678 is not handled. Duration 54 ms by bot id=8813857960
2026-06-21 10:13:05,081 [INFO] Update id=200743689 is not handled. Duration 53 ms by bot id=8813857960
2026-06-21 10:13:05,081 [INFO] Update id=200743679 is not handled. Duration 55 ms by bot id=8813857960
2026-06-21 10:13:05,082 [INFO] Update id=200743672 is not handled. Duration 57 ms by bot id=8813857960
2026-06-21 10:13:05,082 [INFO] Update id=200743674 is not handled. Duration 56 ms by bot id=8813857960
2026-06-21 10:13:05,082 [INFO] Update id=200743690 is not handled. Duration 54 ms by bot id=8813857960
2026-06-21 10:13:05,082 [INFO] Update id=200743691 is not handled. Duration 54 ms by bot id=8813857960
2026-06-21 10:13:05,083 [INFO] Update id=200743670 is not handled. Duration 58 ms by bot id=8813857960
2026-06-21 10:13:05,083 [INFO] Update id=200743683 is not handled. Duration 56 ms by bot id=8813857960
2026-06-21 10:13:05,083 [INFO] Update id=200743703 is not handled. Duration 53 ms by bot id=8813857960
2026-06-21 10:13:05,083 [INFO] Update id=200743704 is not handled. Duration 54 ms by bot id=8813857960
2026-06-21 10:13:05,083 [INFO] Update id=200743692 is not handled. Duration 55 ms by bot id=8813857960
2026-06-21 10:13:05,084 [INFO] Update id=200743693 is not handled. Duration 55 ms by bot id=8813857960
2026-06-21 10:13:05,084 [INFO] Update id=200743694 is not handled. Duration 55 ms by bot id=8813857960
2026-06-21 10:13:05,084 [INFO] Update id=200743695 is not handled. Duration 56 ms by bot id=8813857960
2026-06-21 10:13:05,084 [INFO] Update id=200743696 is not handled. Duration 56 ms by bot id=8813857960
2026-06-21 10:13:05,085 [INFO] Update id=200743697 is not handled. Duration 56 ms by bot id=8813857960
2026-06-21 10:13:05,085 [INFO] Update id=200743698 is not handled. Duration 56 ms by bot id=8813857960
2026-06-21 10:13:05,085 [INFO] Update id=200743699 is not handled. Duration 56 ms by bot id=8813857960
2026-06-21 10:13:05,085 [INFO] Update id=200743700 is not handled. Duration 56 ms by bot id=8813857960
2026-06-21 10:13:05,085 [INFO] Update id=200743701 is not handled. Duration 56 ms by bot id=8813857960
2026-06-21 10:13:05,086 [INFO] Update id=200743702 is not handled. Duration 56 ms by bot id=8813857960
2026-06-21 10:13:05,086 [INFO] Update id=200743705 is not handled. Duration 53 ms by bot id=8813857960
2026-06-21 10:13:05,086 [INFO] Update id=200743671 is not handled. Duration 61 ms by bot id=8813857960
2026-06-21 10:13:05,086 [INFO] Update id=200743706 is not handled. Duration 53 ms by bot id=8813857960
2026-06-21 10:13:05,086 [INFO] Update id=200743707 is not handled. Duration 53 ms by bot id=8813857960
2026-06-21 10:13:05,087 [INFO] Update id=200743708 is not handled. Duration 53 ms by bot id=8813857960
2026-06-21 10:13:05,087 [INFO] Update id=200743709 is not handled. Duration 53 ms by bot id=8813857960
2026-06-21 10:13:05,087 [INFO] Update id=200743681 is not handled. Duration 60 ms by bot id=8813857960
2026-06-21 10:13:05,087 [INFO] Update id=200743710 is not handled. Duration 53 ms by bot id=8813857960
2026-06-21 10:13:05,088 [INFO] Update id=200743711 is not handled. Duration 54 ms by bot id=8813857960
2026-06-21 10:13:05,088 [INFO] Update id=200743712 is not handled. Duration 54 ms by bot id=8813857960
2026-06-21 10:13:05,088 [INFO] Update id=200743713 is not handled. Duration 54 ms by bot id=8813857960
2026-06-21 10:13:05,088 [INFO] Update id=200743714 is not handled. Duration 54 ms by bot id=8813857960
2026-06-21 10:13:05,088 [INFO] Update id=200743715 is not handled. Duration 54 ms by bot id=8813857960
2026-06-21 10:13:05,089 [INFO] Update id=200743716 is not handled. Duration 54 ms by bot id=8813857960
2026-06-21 10:13:05,089 [INFO] Update id=200743717 is not handled. Duration 54 ms by bot id=8813857960
2026-06-21 10:13:05,089 [INFO] Update id=200743669 is not handled. Duration 64 ms by bot id=8813857960
2026-06-21 10:13:05,089 [INFO] Update id=200743718 is not handled. Duration 54 ms by bot id=8813857960
2026-06-21 10:13:05,090 [INFO] Update id=200743719 is not handled. Duration 54 ms by bot id=8813857960
2026-06-21 10:13:05,090 [INFO] Update id=200743720 is not handled. Duration 55 ms by bot id=8813857960
2026-06-21 10:13:05,090 [INFO] Update id=200743721 is not handled. Duration 55 ms by bot id=8813857960
2026-06-21 10:13:05,090 [INFO] Update id=200743722 is not handled. Duration 55 ms by bot id=8813857960
2026-06-21 10:13:05,090 [INFO] Update id=200743676 is not handled. Duration 64 ms by bot id=8813857960
2026-06-21 10:13:05,091 [INFO] Update id=200743723 is not handled. Duration 55 ms by bot id=8813857960
2026-06-21 10:13:05,091 [INFO] Update id=200743724 is not handled. Duration 55 ms by bot id=8813857960
2026-06-21 10:13:05,091 [INFO] Update id=200743725 is not handled. Duration 55 ms by bot id=8813857960
2026-06-21 10:13:05,091 [INFO] Update id=200743726 is not handled. Duration 55 ms by bot id=8813857960
2026-06-21 10:13:05,091 [INFO] Update id=200743727 is not handled. Duration 55 ms by bot id=8813857960
2026-06-21 10:13:05,092 [INFO] Update id=200743728 is not handled. Duration 55 ms by bot id=8813857960
2026-06-21 10:13:05,092 [INFO] Update id=200743729 is not handled. Duration 56 ms by bot id=8813857960
2026-06-21 10:13:05,092 [INFO] Update id=200743730 is not handled. Duration 56 ms by bot id=8813857960
2026-06-21 10:13:05,092 [INFO] Update id=200743731 is not handled. Duration 56 ms by bot id=8813857960
2026-06-21 10:13:05,092 [INFO] Update id=200743732 is not handled. Duration 56 ms by bot id=8813857960
2026-06-21 10:13:05,093 [INFO] Update id=200743733 is not handled. Duration 56 ms by bot id=8813857960
2026-06-21 10:13:05,093 [INFO] Update id=200743734 is not handled. Duration 56 ms by bot id=8813857960
2026-06-21 10:13:05,093 [INFO] Update id=200743735 is not handled. Duration 56 ms by bot id=8813857960
2026-06-21 10:13:05,093 [INFO] Update id=200743736 is not handled. Duration 56 ms by bot id=8813857960
2026-06-21 10:13:05,094 [INFO] Update id=200743737 is not handled. Duration 56 ms by bot id=8813857960
2026-06-21 10:13:05,094 [INFO] Update id=200743738 is not handled. Duration 56 ms by bot id=8813857960
2026-06-21 10:13:05,094 [INFO] Update id=200743739 is not handled. Duration 56 ms by bot id=8813857960
2026-06-21 10:13:05,094 [INFO] Update id=200743740 is not handled. Duration 56 ms by bot id=8813857960
2026-06-21 10:13:05,094 [INFO] Update id=200743741 is not handled. Duration 56 ms by bot id=8813857960
2026-06-21 10:13:05,095 [INFO] Update id=200743742 is not handled. Duration 56 ms by bot id=8813857960
2026-06-21 10:13:05,095 [INFO] Update id=200743743 is not handled. Duration 56 ms by bot id=8813857960
2026-06-21 10:13:05,095 [INFO] Update id=200743744 is not handled. Duration 56 ms by bot id=8813857960
2026-06-21 10:13:05,095 [INFO] Update id=200743745 is not handled. Duration 56 ms by bot id=8813857960
2026-06-21 10:13:05,095 [INFO] Update id=200743746 is not handled. Duration 56 ms by bot id=8813857960
2026-06-21 10:13:05,096 [INFO] Update id=200743747 is not handled. Duration 56 ms by bot id=8813857960
2026-06-21 10:13:05,096 [INFO] Update id=200743748 is not handled. Duration 56 ms by bot id=8813857960
2026-06-21 10:13:05,096 [INFO] Update id=200743749 is not handled. Duration 57 ms by bot id=8813857960
2026-06-21 10:13:05,096 [INFO] Update id=200743750 is not handled. Duration 57 ms by bot id=8813857960
2026-06-21 10:13:05,097 [INFO] Update id=200743751 is not handled. Duration 57 ms by bot id=8813857960
2026-06-21 10:13:05,097 [INFO] Update id=200743752 is not handled. Duration 57 ms by bot id=8813857960
2026-06-21 10:13:05,097 [INFO] Update id=200743753 is not handled. Duration 57 ms by bot id=8813857960
2026-06-21 10:13:05,097 [INFO] Update id=200743754 is not handled. Duration 57 ms by bot id=8813857960
2026-06-21 10:13:05,097 [INFO] Update id=200743755 is not handled. Duration 57 ms by bot id=8813857960
2026-06-21 10:13:05,098 [INFO] Update id=200743756 is not handled. Duration 57 ms by bot id=8813857960
2026-06-21 10:13:05,098 [INFO] Update id=200743757 is not handled. Duration 57 ms by bot id=8813857960
2026-06-21 10:13:05,098 [INFO] Update id=200743758 is not handled. Duration 57 ms by bot id=8813857960
2026-06-21 10:13:05,098 [INFO] Update id=200743759 is not handled. Duration 57 ms by bot id=8813857960
2026-06-21 10:13:05,098 [INFO] Update id=200743760 is not handled. Duration 57 ms by bot id=8813857960
2026-06-21 10:13:05,099 [INFO] Update id=200743761 is not handled. Duration 58 ms by bot id=8813857960
2026-06-21 10:13:05,099 [INFO] Update id=200743762 is not handled. Duration 58 ms by bot id=8813857960
2026-06-21 10:13:05,099 [INFO] Update id=200743763 is not handled. Duration 58 ms by bot id=8813857960
2026-06-21 10:13:05,099 [INFO] Update id=200743764 is not handled. Duration 58 ms by bot id=8813857960
2026-06-21 10:13:05,100 [INFO] Update id=200743766 is not handled. Duration 58 ms by bot id=8813857960
2026-06-21 10:13:05,100 [INFO] Update id=200743767 is not handled. Duration 58 ms by bot id=8813857960
2026-06-21 10:13:05,102 [INFO] Update id=200743768 is not handled. Duration 59 ms by bot id=8813857960
2026-06-21 10:13:05,102 [INFO] Update id=200743765 is not handled. Duration 60 ms by bot id=8813857960
2026-06-21 10:13:05,218 [INFO] Update id=200743783 is not handled. Duration 45 ms by bot id=8813857960
2026-06-21 10:13:05,219 [INFO] Update id=200743771 is not handled. Duration 48 ms by bot id=8813857960
2026-06-21 10:13:05,220 [INFO] Update id=200743780 is not handled. Duration 47 ms by bot id=8813857960
2026-06-21 10:13:05,220 [INFO] Update id=200743785 is not handled. Duration 47 ms by bot id=8813857960
2026-06-21 10:13:05,220 [INFO] Update id=200743786 is not handled. Duration 47 ms by bot id=8813857960
2026-06-21 10:13:05,221 [INFO] Update id=200743787 is not handled. Duration 47 ms by bot id=8813857960
2026-06-21 10:13:05,221 [INFO] Update id=200743788 is not handled. Duration 47 ms by bot id=8813857960
2026-06-21 10:13:05,221 [INFO] Update id=200743776 is not handled. Duration 49 ms by bot id=8813857960
2026-06-21 10:13:05,221 [INFO] Update id=200743774 is not handled. Duration 50 ms by bot id=8813857960
2026-06-21 10:13:05,221 [INFO] Update id=200743789 is not handled. Duration 48 ms by bot id=8813857960
2026-06-21 10:13:05,222 [INFO] Update id=200743782 is not handled. Duration 49 ms by bot id=8813857960
2026-06-21 10:13:05,222 [INFO] Update id=200743790 is not handled. Duration 48 ms by bot id=8813857960
2026-06-21 10:13:05,222 [INFO] Update id=200743791 is not handled. Duration 48 ms by bot id=8813857960
2026-06-21 10:13:05,222 [INFO] Update id=200743777 is not handled. Duration 50 ms by bot id=8813857960
2026-06-21 10:13:05,223 [INFO] Update id=200743775 is not handled. Duration 51 ms by bot id=8813857960
2026-06-21 10:13:05,223 [INFO] Update id=200743792 is not handled. Duration 48 ms by bot id=8813857960
2026-06-21 10:13:05,223 [INFO] Update id=200743793 is not handled. Duration 49 ms by bot id=8813857960
2026-06-21 10:13:05,224 [INFO] Update id=200743794 is not handled. Duration 49 ms by bot id=8813857960
2026-06-21 10:13:05,224 [INFO] Update id=200743795 is not handled. Duration 49 ms by bot id=8813857960
2026-06-21 10:13:05,224 [INFO] Update id=200743796 is not handled. Duration 49 ms by bot id=8813857960
2026-06-21 10:13:05,224 [INFO] Update id=200743797 is not handled. Duration 49 ms by bot id=8813857960
2026-06-21 10:13:05,224 [INFO] Update id=200743772 is not handled. Duration 53 ms by bot id=8813857960
2026-06-21 10:13:05,225 [INFO] Update id=200743798 is not handled. Duration 50 ms by bot id=8813857960
2026-06-21 10:13:05,225 [INFO] Update id=200743799 is not handled. Duration 50 ms by bot id=8813857960
2026-06-21 10:13:05,225 [INFO] Update id=200743769 is not handled. Duration 54 ms by bot id=8813857960
2026-06-21 10:13:05,225 [INFO] Update id=200743779 is not handled. Duration 53 ms by bot id=8813857960
2026-06-21 10:13:05,225 [INFO] Update id=200743800 is not handled. Duration 50 ms by bot id=8813857960
2026-06-21 10:13:05,226 [INFO] Update id=200743801 is not handled. Duration 50 ms by bot id=8813857960
2026-06-21 10:13:05,226 [INFO] Update id=200743802 is not handled. Duration 50 ms by bot id=8813857960
2026-06-21 10:13:05,226 [INFO] Update id=200743803 is not handled. Duration 50 ms by bot id=8813857960
2026-06-21 10:13:05,226 [INFO] Update id=200743804 is not handled. Duration 51 ms by bot id=8813857960
2026-06-21 10:13:05,226 [INFO] Update id=200743784 is not handled. Duration 53 ms by bot id=8813857960
2026-06-21 10:13:05,227 [INFO] Update id=200743805 is not handled. Duration 51 ms by bot id=8813857960
2026-06-21 10:13:05,227 [INFO] Update id=200743806 is not handled. Duration 51 ms by bot id=8813857960
2026-06-21 10:13:05,227 [INFO] Update id=200743773 is not handled. Duration 56 ms by bot id=8813857960
2026-06-21 10:13:05,227 [INFO] Update id=200743807 is not handled. Duration 51 ms by bot id=8813857960
2026-06-21 10:13:05,228 [INFO] Update id=200743808 is not handled. Duration 51 ms by bot id=8813857960
2026-06-21 10:13:05,228 [INFO] Update id=200743809 is not handled. Duration 51 ms by bot id=8813857960
2026-06-21 10:13:05,228 [INFO] Update id=200743810 is not handled. Duration 51 ms by bot id=8813857960
2026-06-21 10:13:05,228 [INFO] Update id=200743778 is not handled. Duration 56 ms by bot id=8813857960
2026-06-21 10:13:05,228 [INFO] Update id=200743811 is not handled. Duration 52 ms by bot id=8813857960
2026-06-21 10:13:05,229 [INFO] Update id=200743812 is not handled. Duration 52 ms by bot id=8813857960
2026-06-21 10:13:05,229 [INFO] Update id=200743813 is not handled. Duration 52 ms by bot id=8813857960
2026-06-21 10:13:05,229 [INFO] Update id=200743814 is not handled. Duration 52 ms by bot id=8813857960
2026-06-21 10:13:05,229 [INFO] Update id=200743815 is not handled. Duration 52 ms by bot id=8813857960
2026-06-21 10:13:05,229 [INFO] Update id=200743816 is not handled. Duration 52 ms by bot id=8813857960
2026-06-21 10:13:05,230 [INFO] Update id=200743817 is not handled. Duration 52 ms by bot id=8813857960
2026-06-21 10:13:05,230 [INFO] Update id=200743818 is not handled. Duration 52 ms by bot id=8813857960
2026-06-21 10:13:05,230 [INFO] Update id=200743819 is not handled. Duration 52 ms by bot id=8813857960
2026-06-21 10:13:05,230 [INFO] Update id=200743820 is not handled. Duration 52 ms by bot id=8813857960
2026-06-21 10:13:05,231 [INFO] Update id=200743821 is not handled. Duration 52 ms by bot id=8813857960
2026-06-21 10:13:05,231 [INFO] Update id=200743822 is not handled. Duration 52 ms by bot id=8813857960
2026-06-21 10:13:05,231 [INFO] Update id=200743823 is not handled. Duration 52 ms by bot id=8813857960
2026-06-21 10:13:05,231 [INFO] Update id=200743770 is not handled. Duration 60 ms by bot id=8813857960
2026-06-21 10:13:05,231 [INFO] Update id=200743824 is not handled. Duration 52 ms by bot id=8813857960
2026-06-21 10:13:05,232 [INFO] Update id=200743825 is not handled. Duration 52 ms by bot id=8813857960
2026-06-21 10:13:05,232 [INFO] Update id=200743826 is not handled. Duration 53 ms by bot id=8813857960
2026-06-21 10:13:05,232 [INFO] Update id=200743827 is not handled. Duration 53 ms by bot id=8813857960
2026-06-21 10:13:05,232 [INFO] Update id=200743828 is not handled. Duration 53 ms by bot id=8813857960
2026-06-21 10:13:05,232 [INFO] Update id=200743829 is not handled. Duration 53 ms by bot id=8813857960
2026-06-21 10:13:05,233 [INFO] Update id=200743830 is not handled. Duration 53 ms by bot id=8813857960
2026-06-21 10:13:05,233 [INFO] Update id=200743831 is not handled. Duration 53 ms by bot id=8813857960
2026-06-21 10:13:05,233 [INFO] Update id=200743832 is not handled. Duration 53 ms by bot id=8813857960
2026-06-21 10:13:05,233 [INFO] Update id=200743833 is not handled. Duration 53 ms by bot id=8813857960
2026-06-21 10:13:05,234 [INFO] Update id=200743834 is not handled. Duration 53 ms by bot id=8813857960
2026-06-21 10:13:05,234 [INFO] Update id=200743835 is not handled. Duration 53 ms by bot id=8813857960
2026-06-21 10:13:05,234 [INFO] Update id=200743836 is not handled. Duration 53 ms by bot id=8813857960
2026-06-21 10:13:05,234 [INFO] Update id=200743837 is not handled. Duration 53 ms by bot id=8813857960
2026-06-21 10:13:05,234 [INFO] Update id=200743838 is not handled. Duration 53 ms by bot id=8813857960
2026-06-21 10:13:05,235 [INFO] Update id=200743839 is not handled. Duration 53 ms by bot id=8813857960
2026-06-21 10:13:05,235 [INFO] Update id=200743840 is not handled. Duration 53 ms by bot id=8813857960
2026-06-21 10:13:05,235 [INFO] Update id=200743841 is not handled. Duration 53 ms by bot id=8813857960
2026-06-21 10:13:05,235 [INFO] Update id=200743842 is not handled. Duration 53 ms by bot id=8813857960
2026-06-21 10:13:05,235 [INFO] Update id=200743781 is not handled. Duration 63 ms by bot id=8813857960
2026-06-21 10:13:05,236 [INFO] Update id=200743843 is not handled. Duration 54 ms by bot id=8813857960
2026-06-21 10:13:05,236 [INFO] Update id=200743844 is not handled. Duration 54 ms by bot id=8813857960
2026-06-21 10:13:05,236 [INFO] Update id=200743845 is not handled. Duration 54 ms by bot id=8813857960
2026-06-21 10:13:05,236 [INFO] Update id=200743846 is not handled. Duration 54 ms by bot id=8813857960
2026-06-21 10:13:05,237 [INFO] Update id=200743847 is not handled. Duration 54 ms by bot id=8813857960
2026-06-21 10:13:05,237 [INFO] Update id=200743848 is not handled. Duration 54 ms by bot id=8813857960
2026-06-21 10:13:05,237 [INFO] Update id=200743849 is not handled. Duration 54 ms by bot id=8813857960
2026-06-21 10:13:05,237 [INFO] Update id=200743850 is not handled. Duration 54 ms by bot id=8813857960
2026-06-21 10:13:05,237 [INFO] Update id=200743851 is not handled. Duration 54 ms by bot id=8813857960
2026-06-21 10:13:05,238 [INFO] Update id=200743852 is not handled. Duration 54 ms by bot id=8813857960
2026-06-21 10:13:05,238 [INFO] Update id=200743853 is not handled. Duration 54 ms by bot id=8813857960
2026-06-21 10:13:05,238 [INFO] Update id=200743854 is not handled. Duration 54 ms by bot id=8813857960
2026-06-21 10:13:05,238 [INFO] Update id=200743855 is not handled. Duration 55 ms by bot id=8813857960
2026-06-21 10:13:05,238 [INFO] Update id=200743856 is not handled. Duration 55 ms by bot id=8813857960
2026-06-21 10:13:05,239 [INFO] Update id=200743857 is not handled. Duration 55 ms by bot id=8813857960
2026-06-21 10:13:05,239 [INFO] Update id=200743858 is not handled. Duration 55 ms by bot id=8813857960
2026-06-21 10:13:05,239 [INFO] Update id=200743859 is not handled. Duration 55 ms by bot id=8813857960
2026-06-21 10:13:05,239 [INFO] Update id=200743860 is not handled. Duration 55 ms by bot id=8813857960
2026-06-21 10:13:05,240 [INFO] Update id=200743861 is not handled. Duration 55 ms by bot id=8813857960
2026-06-21 10:13:05,240 [INFO] Update id=200743862 is not handled. Duration 55 ms by bot id=8813857960
2026-06-21 10:13:05,240 [INFO] Update id=200743863 is not handled. Duration 55 ms by bot id=8813857960
2026-06-21 10:13:05,240 [INFO] Update id=200743864 is not handled. Duration 55 ms by bot id=8813857960
2026-06-21 10:13:05,240 [INFO] Update id=200743865 is not handled. Duration 55 ms by bot id=8813857960
2026-06-21 10:13:05,242 [INFO] Update id=200743866 is not handled. Duration 57 ms by bot id=8813857960
2026-06-21 10:13:05,243 [INFO] Update id=200743867 is not handled. Duration 57 ms by bot id=8813857960
2026-06-21 10:13:05,243 [INFO] Update id=200743868 is not handled. Duration 57 ms by bot id=8813857960
2026-06-21 10:13:05,407 [INFO] Update id=200743884 is not handled. Duration 48 ms by bot id=8813857960
2026-06-21 10:13:05,408 [INFO] Update id=200743876 is not handled. Duration 50 ms by bot id=8813857960
2026-06-21 10:13:05,408 [INFO] Update id=200743885 is not handled. Duration 50 ms by bot id=8813857960
2026-06-21 10:13:05,409 [INFO] Update id=200743886 is not handled. Duration 50 ms by bot id=8813857960
2026-06-21 10:13:05,409 [INFO] Update id=200743887 is not handled. Duration 50 ms by bot id=8813857960
2026-06-21 10:13:05,409 [INFO] Update id=200743869 is not handled. Duration 53 ms by bot id=8813857960
2026-06-21 10:13:05,409 [INFO] Update id=200743872 is not handled. Duration 53 ms by bot id=8813857960
2026-06-21 10:13:05,409 [INFO] Update id=200743888 is not handled. Duration 50 ms by bot id=8813857960
2026-06-21 10:13:05,410 [INFO] Update id=200743889 is not handled. Duration 51 ms by bot id=8813857960
2026-06-21 10:13:05,410 [INFO] Update id=200743880 is not handled. Duration 52 ms by bot id=8813857960
2026-06-21 10:13:05,410 [INFO] Update id=200743877 is not handled. Duration 53 ms by bot id=8813857960
2026-06-21 10:13:05,410 [INFO] Update id=200743881 is not handled. Duration 52 ms by bot id=8813857960
2026-06-21 10:13:05,411 [INFO] Update id=200743890 is not handled. Duration 51 ms by bot id=8813857960
2026-06-21 10:13:05,411 [INFO] Update id=200743891 is not handled. Duration 51 ms by bot id=8813857960
2026-06-21 10:13:05,411 [INFO] Update id=200743874 is not handled. Duration 54 ms by bot id=8813857960
2026-06-21 10:13:05,411 [INFO] Update id=200743892 is not handled. Duration 52 ms by bot id=8813857960
2026-06-21 10:13:05,411 [INFO] Update id=200743893 is not handled. Duration 52 ms by bot id=8813857960
2026-06-21 10:13:05,412 [INFO] Update id=200743894 is not handled. Duration 52 ms by bot id=8813857960
2026-06-21 10:13:05,412 [INFO] Update id=200743870 is not handled. Duration 56 ms by bot id=8813857960
2026-06-21 10:13:05,412 [INFO] Update id=200743895 is not handled. Duration 52 ms by bot id=8813857960
2026-06-21 10:13:05,413 [INFO] Update id=200743879 is not handled. Duration 55 ms by bot id=8813857960
2026-06-21 10:13:05,413 [INFO] Update id=200743871 is not handled. Duration 57 ms by bot id=8813857960
2026-06-21 10:13:05,413 [INFO] Update id=200743878 is not handled. Duration 56 ms by bot id=8813857960
2026-06-21 10:13:05,413 [INFO] Update id=200743896 is not handled. Duration 53 ms by bot id=8813857960
2026-06-21 10:13:05,414 [INFO] Update id=200743897 is not handled. Duration 54 ms by bot id=8813857960
2026-06-21 10:13:05,414 [INFO] Update id=200743898 is not handled. Duration 54 ms by bot id=8813857960
2026-06-21 10:13:05,414 [INFO] Update id=200743875 is not handled. Duration 57 ms by bot id=8813857960
2026-06-21 10:13:05,414 [INFO] Update id=200743882 is not handled. Duration 56 ms by bot id=8813857960
2026-06-21 10:13:05,415 [INFO] Update id=200743899 is not handled. Duration 54 ms by bot id=8813857960
2026-06-21 10:13:05,415 [INFO] Update id=200743900 is not handled. Duration 54 ms by bot id=8813857960
2026-06-21 10:13:05,415 [INFO] Update id=200743901 is not handled. Duration 54 ms by bot id=8813857960
2026-06-21 10:13:05,415 [INFO] Update id=200743902 is not handled. Duration 54 ms by bot id=8813857960
2026-06-21 10:13:05,415 [INFO] Update id=200743903 is not handled. Duration 51 ms by bot id=8813857960
2026-06-21 10:13:05,416 [INFO] Update id=200743904 is not handled. Duration 51 ms by bot id=8813857960
2026-06-21 10:13:05,416 [INFO] Update id=200743905 is not handled. Duration 51 ms by bot id=8813857960
2026-06-21 10:13:05,416 [INFO] Update id=200743906 is not handled. Duration 51 ms by bot id=8813857960
2026-06-21 10:13:05,416 [INFO] Update id=200743907 is not handled. Duration 51 ms by bot id=8813857960
2026-06-21 10:13:05,416 [INFO] Update id=200743908 is not handled. Duration 51 ms by bot id=8813857960
2026-06-21 10:13:05,417 [INFO] Update id=200743909 is not handled. Duration 51 ms by bot id=8813857960
2026-06-21 10:13:05,417 [INFO] Update id=200743910 is not handled. Duration 51 ms by bot id=8813857960
2026-06-21 10:13:05,417 [INFO] Update id=200743911 is not handled. Duration 51 ms by bot id=8813857960
2026-06-21 10:13:05,417 [INFO] Update id=200743912 is not handled. Duration 51 ms by bot id=8813857960
2026-06-21 10:13:05,417 [INFO] Update id=200743913 is not handled. Duration 51 ms by bot id=8813857960
2026-06-21 10:13:05,418 [INFO] Update id=200743914 is not handled. Duration 51 ms by bot id=8813857960
2026-06-21 10:13:05,418 [INFO] Update id=200743915 is not handled. Duration 52 ms by bot id=8813857960
2026-06-21 10:13:05,418 [INFO] Update id=200743916 is not handled. Duration 52 ms by bot id=8813857960
2026-06-21 10:13:05,418 [INFO] Update id=200743917 is not handled. Duration 52 ms by bot id=8813857960
2026-06-21 10:13:05,419 [INFO] Update id=200743918 is not handled. Duration 52 ms by bot id=8813857960
2026-06-21 10:13:05,419 [INFO] Update id=200743919 is not handled. Duration 52 ms by bot id=8813857960
2026-06-21 10:13:05,419 [INFO] Update id=200743920 is not handled. Duration 52 ms by bot id=8813857960
2026-06-21 10:13:05,419 [INFO] Update id=200743921 is not handled. Duration 52 ms by bot id=8813857960
2026-06-21 10:13:05,419 [INFO] Update id=200743922 is not handled. Duration 52 ms by bot id=8813857960
2026-06-21 10:13:05,420 [INFO] Update id=200743923 is not handled. Duration 52 ms by bot id=8813857960
2026-06-21 10:13:05,420 [INFO] Update id=200743924 is not handled. Duration 52 ms by bot id=8813857960
2026-06-21 10:13:05,420 [INFO] Update id=200743925 is not handled. Duration 52 ms by bot id=8813857960
2026-06-21 10:13:05,420 [INFO] Update id=200743926 is not handled. Duration 53 ms by bot id=8813857960
2026-06-21 10:13:05,420 [INFO] Update id=200743927 is not handled. Duration 53 ms by bot id=8813857960
2026-06-21 10:13:05,421 [INFO] Update id=200743928 is not handled. Duration 53 ms by bot id=8813857960
2026-06-21 10:13:05,421 [INFO] Update id=200743929 is not handled. Duration 53 ms by bot id=8813857960
2026-06-21 10:13:05,421 [INFO] Update id=200743930 is not handled. Duration 53 ms by bot id=8813857960
2026-06-21 10:13:05,421 [INFO] Update id=200743931 is not handled. Duration 53 ms by bot id=8813857960
2026-06-21 10:13:05,422 [INFO] Update id=200743883 is not handled. Duration 63 ms by bot id=8813857960
2026-06-21 10:13:05,422 [INFO] Update id=200743932 is not handled. Duration 53 ms by bot id=8813857960
2026-06-21 10:13:05,422 [INFO] Update id=200743933 is not handled. Duration 53 ms by bot id=8813857960
2026-06-21 10:13:05,422 [INFO] Update id=200743934 is not handled. Duration 53 ms by bot id=8813857960
2026-06-21 10:13:05,422 [INFO] Update id=200743935 is not handled. Duration 53 ms by bot id=8813857960
2026-06-21 10:13:05,423 [INFO] Update id=200743936 is not handled. Duration 53 ms by bot id=8813857960
2026-06-21 10:13:05,423 [INFO] Update id=200743873 is not handled. Duration 66 ms by bot id=8813857960
2026-06-21 10:13:05,423 [INFO] Update id=200743937 is not handled. Duration 54 ms by bot id=8813857960
2026-06-21 10:13:05,423 [INFO] Update id=200743938 is not handled. Duration 54 ms by bot id=8813857960
2026-06-21 10:13:05,423 [INFO] Update id=200743939 is not handled. Duration 54 ms by bot id=8813857960
2026-06-21 10:13:05,424 [INFO] Update id=200743940 is not handled. Duration 54 ms by bot id=8813857960
2026-06-21 10:13:05,424 [INFO] Update id=200743941 is not handled. Duration 54 ms by bot id=8813857960
2026-06-21 10:13:05,424 [INFO] Update id=200743942 is not handled. Duration 54 ms by bot id=8813857960
2026-06-21 10:13:05,424 [INFO] Update id=200743943 is not handled. Duration 54 ms by bot id=8813857960
2026-06-21 10:13:05,425 [INFO] Update id=200743944 is not handled. Duration 54 ms by bot id=8813857960
2026-06-21 10:13:05,425 [INFO] Update id=200743945 is not handled. Duration 54 ms by bot id=8813857960
2026-06-21 10:13:05,425 [INFO] Update id=200743946 is not handled. Duration 54 ms by bot id=8813857960
2026-06-21 10:13:05,425 [INFO] Update id=200743947 is not handled. Duration 55 ms by bot id=8813857960
2026-06-21 10:13:05,425 [INFO] Update id=200743948 is not handled. Duration 55 ms by bot id=8813857960
2026-06-21 10:13:05,426 [INFO] Update id=200743949 is not handled. Duration 55 ms by bot id=8813857960
2026-06-21 10:13:05,426 [INFO] Update id=200743950 is not handled. Duration 55 ms by bot id=8813857960
2026-06-21 10:13:05,426 [INFO] Update id=200743951 is not handled. Duration 55 ms by bot id=8813857960
2026-06-21 10:13:05,426 [INFO] Update id=200743952 is not handled. Duration 55 ms by bot id=8813857960
2026-06-21 10:13:05,426 [INFO] Update id=200743953 is not handled. Duration 55 ms by bot id=8813857960
2026-06-21 10:13:05,429 [INFO] Update id=200743954 is not handled. Duration 58 ms by bot id=8813857960
2026-06-21 10:13:05,429 [INFO] Update id=200743955 is not handled. Duration 58 ms by bot id=8813857960
2026-06-21 10:13:05,430 [INFO] Update id=200743956 is not handled. Duration 58 ms by bot id=8813857960
2026-06-21 10:13:05,430 [INFO] Update id=200743957 is not handled. Duration 58 ms by bot id=8813857960
2026-06-21 10:13:05,430 [INFO] Update id=200743958 is not handled. Duration 58 ms by bot id=8813857960
2026-06-21 10:13:05,430 [INFO] Update id=200743959 is not handled. Duration 58 ms by bot id=8813857960
2026-06-21 10:13:05,430 [INFO] Update id=200743960 is not handled. Duration 58 ms by bot id=8813857960
2026-06-21 10:13:05,431 [INFO] Update id=200743961 is not handled. Duration 58 ms by bot id=8813857960
2026-06-21 10:13:05,431 [INFO] Update id=200743962 is not handled. Duration 58 ms by bot id=8813857960
2026-06-21 10:13:05,431 [INFO] Update id=200743963 is not handled. Duration 58 ms by bot id=8813857960
2026-06-21 10:13:05,431 [INFO] Update id=200743964 is not handled. Duration 58 ms by bot id=8813857960
2026-06-21 10:13:05,431 [INFO] Update id=200743965 is not handled. Duration 58 ms by bot id=8813857960
2026-06-21 10:13:05,432 [INFO] Update id=200743966 is not handled. Duration 58 ms by bot id=8813857960
2026-06-21 10:13:05,432 [INFO] Update id=200743967 is not handled. Duration 59 ms by bot id=8813857960
2026-06-21 10:13:05,432 [INFO] Update id=200743968 is not handled. Duration 59 ms by bot id=8813857960
2026-06-21 10:13:05,583 [INFO] Update id=200743969 is not handled. Duration 47 ms by bot id=8813857960
2026-06-21 10:13:05,584 [INFO] Update id=200743970 is not handled. Duration 48 ms by bot id=8813857960
2026-06-21 10:13:05,585 [INFO] Update id=200743985 is not handled. Duration 46 ms by bot id=8813857960
2026-06-21 10:13:05,585 [INFO] Update id=200743972 is not handled. Duration 48 ms by bot id=8813857960
2026-06-21 10:13:05,585 [INFO] Update id=200743971 is not handled. Duration 49 ms by bot id=8813857960
2026-06-21 10:13:05,586 [INFO] Update id=200743986 is not handled. Duration 47 ms by bot id=8813857960
2026-06-21 10:13:05,586 [INFO] Update id=200743987 is not handled. Duration 47 ms by bot id=8813857960
2026-06-21 10:13:05,586 [INFO] Update id=200743974 is not handled. Duration 49 ms by bot id=8813857960
2026-06-21 10:13:05,586 [INFO] Update id=200743977 is not handled. Duration 49 ms by bot id=8813857960
2026-06-21 10:13:05,586 [INFO] Update id=200743978 is not handled. Duration 49 ms by bot id=8813857960
2026-06-21 10:13:05,587 [INFO] Update id=200743979 is not handled. Duration 49 ms by bot id=8813857960
2026-06-21 10:13:05,587 [INFO] Update id=200743980 is not handled. Duration 49 ms by bot id=8813857960
2026-06-21 10:13:05,588 [INFO] Update id=200743981 is not handled. Duration 50 ms by bot id=8813857960
2026-06-21 10:13:05,588 [INFO] Update id=200743988 is not handled. Duration 49 ms by bot id=8813857960
2026-06-21 10:13:05,588 [INFO] Update id=200743983 is not handled. Duration 50 ms by bot id=8813857960
2026-06-21 10:13:05,588 [INFO] Update id=200743989 is not handled. Duration 49 ms by bot id=8813857960
2026-06-21 10:13:05,588 [INFO] Update id=200743990 is not handled. Duration 49 ms by bot id=8813857960
2026-06-21 10:13:05,589 [INFO] Update id=200743991 is not handled. Duration 49 ms by bot id=8813857960
2026-06-21 10:13:05,589 [INFO] Update id=200743992 is not handled. Duration 49 ms by bot id=8813857960
2026-06-21 10:13:05,589 [INFO] Update id=200743993 is not handled. Duration 49 ms by bot id=8813857960
2026-06-21 10:13:05,589 [INFO] Update id=200743994 is not handled. Duration 49 ms by bot id=8813857960
2026-06-21 10:13:05,589 [INFO] Update id=200743995 is not handled. Duration 49 ms by bot id=8813857960
2026-06-21 10:13:05,590 [INFO] Update id=200743996 is not handled. Duration 49 ms by bot id=8813857960
2026-06-21 10:13:05,590 [INFO] Update id=200743997 is not handled. Duration 50 ms by bot id=8813857960
2026-06-21 10:13:05,590 [INFO] Update id=200743998 is not handled. Duration 50 ms by bot id=8813857960
2026-06-21 10:13:05,590 [INFO] Update id=200743999 is not handled. Duration 50 ms by bot id=8813857960
2026-06-21 10:13:05,590 [INFO] Update id=200743973 is not handled. Duration 54 ms by bot id=8813857960
2026-06-21 10:13:05,591 [INFO] Update id=200744000 is not handled. Duration 50 ms by bot id=8813857960
2026-06-21 10:13:05,591 [INFO] Update id=200744001 is not handled. Duration 50 ms by bot id=8813857960
2026-06-21 10:13:05,591 [INFO] Update id=200744002 is not handled. Duration 50 ms by bot id=8813857960
2026-06-21 10:13:05,591 [INFO] Update id=200743976 is not handled. Duration 54 ms by bot id=8813857960
2026-06-21 10:13:05,592 [INFO] Update id=200744003 is not handled. Duration 50 ms by bot id=8813857960
2026-06-21 10:13:05,592 [INFO] Update id=200744004 is not handled. Duration 51 ms by bot id=8813857960
2026-06-21 10:13:05,592 [INFO] Update id=200744005 is not handled. Duration 51 ms by bot id=8813857960
2026-06-21 10:13:05,592 [INFO] Update id=200744006 is not handled. Duration 51 ms by bot id=8813857960
2026-06-21 10:13:05,592 [INFO] Update id=200744007 is not handled. Duration 51 ms by bot id=8813857960
2026-06-21 10:13:05,593 [INFO] Update id=200744008 is not handled. Duration 51 ms by bot id=8813857960
2026-06-21 10:13:05,593 [INFO] Update id=200743975 is not handled. Duration 56 ms by bot id=8813857960
2026-06-21 10:13:05,593 [INFO] Update id=200744009 is not handled. Duration 51 ms by bot id=8813857960
2026-06-21 10:13:05,593 [INFO] Update id=200744010 is not handled. Duration 51 ms by bot id=8813857960
2026-06-21 10:13:05,593 [INFO] Update id=200744011 is not handled. Duration 51 ms by bot id=8813857960
2026-06-21 10:13:05,594 [INFO] Update id=200744012 is not handled. Duration 51 ms by bot id=8813857960
2026-06-21 10:13:05,594 [INFO] Update id=200744013 is not handled. Duration 52 ms by bot id=8813857960
2026-06-21 10:13:05,594 [INFO] Update id=200744014 is not handled. Duration 52 ms by bot id=8813857960
2026-06-21 10:13:05,594 [INFO] Update id=200744015 is not handled. Duration 52 ms by bot id=8813857960
2026-06-21 10:13:05,595 [INFO] Update id=200744016 is not handled. Duration 52 ms by bot id=8813857960
2026-06-21 10:13:05,595 [INFO] Update id=200743982 is not handled. Duration 57 ms by bot id=8813857960
2026-06-21 10:13:05,595 [INFO] Update id=200743984 is not handled. Duration 57 ms by bot id=8813857960
2026-06-21 10:13:05,595 [INFO] Update id=200744017 is not handled. Duration 52 ms by bot id=8813857960
2026-06-21 10:13:05,595 [INFO] Update id=200744018 is not handled. Duration 52 ms by bot id=8813857960
2026-06-21 10:13:05,596 [INFO] Update id=200744019 is not handled. Duration 52 ms by bot id=8813857960
2026-06-21 10:13:05,596 [INFO] Update id=200744020 is not handled. Duration 52 ms by bot id=8813857960
2026-06-21 10:13:05,596 [INFO] Update id=200744021 is not handled. Duration 52 ms by bot id=8813857960
2026-06-21 10:13:05,596 [INFO] Update id=200744022 is not handled. Duration 52 ms by bot id=8813857960
2026-06-21 10:13:05,596 [INFO] Update id=200744023 is not handled. Duration 53 ms by bot id=8813857960
2026-06-21 10:13:05,597 [INFO] Update id=200744024 is not handled. Duration 53 ms by bot id=8813857960
2026-06-21 10:13:05,597 [INFO] Update id=200744025 is not handled. Duration 53 ms by bot id=8813857960
2026-06-21 10:13:05,597 [INFO] Update id=200744026 is not handled. Duration 53 ms by bot id=8813857960
2026-06-21 10:13:05,597 [INFO] Update id=200744027 is not handled. Duration 53 ms by bot id=8813857960
2026-06-21 10:13:05,597 [INFO] Update id=200744028 is not handled. Duration 53 ms by bot id=8813857960
2026-06-21 10:13:05,598 [INFO] Update id=200744029 is not handled. Duration 53 ms by bot id=8813857960
2026-06-21 10:13:05,598 [INFO] Update id=200744030 is not handled. Duration 53 ms by bot id=8813857960
2026-06-21 10:13:05,598 [INFO] Update id=200744031 is not handled. Duration 53 ms by bot id=8813857960
2026-06-21 10:13:05,600 [INFO] Update id=200744032 is not handled. Duration 55 ms by bot id=8813857960
2026-06-21 10:13:05,600 [INFO] Update id=200744033 is not handled. Duration 55 ms by bot id=8813857960
2026-06-21 10:13:05,600 [INFO] Update id=200744034 is not handled. Duration 55 ms by bot id=8813857960
2026-06-21 10:13:05,601 [INFO] Update id=200744035 is not handled. Duration 55 ms by bot id=8813857960
2026-06-21 10:13:05,601 [INFO] Update id=200744036 is not handled. Duration 55 ms by bot id=8813857960
2026-06-21 10:13:05,601 [INFO] Update id=200744037 is not handled. Duration 55 ms by bot id=8813857960
2026-06-21 10:13:05,601 [INFO] Update id=200744038 is not handled. Duration 56 ms by bot id=8813857960
2026-06-21 10:13:05,602 [INFO] Update id=200744039 is not handled. Duration 56 ms by bot id=8813857960
2026-06-21 10:13:05,602 [INFO] Update id=200744040 is not handled. Duration 56 ms by bot id=8813857960
2026-06-21 10:13:05,602 [INFO] Update id=200744041 is not handled. Duration 56 ms by bot id=8813857960
2026-06-21 10:13:05,602 [INFO] Update id=200744042 is not handled. Duration 56 ms by bot id=8813857960
2026-06-21 10:13:05,602 [INFO] Update id=200744043 is not handled. Duration 56 ms by bot id=8813857960
2026-06-21 10:13:05,603 [INFO] Update id=200744044 is not handled. Duration 56 ms by bot id=8813857960
2026-06-21 10:13:05,603 [INFO] Update id=200744045 is not handled. Duration 56 ms by bot id=8813857960
2026-06-21 10:13:05,603 [INFO] Update id=200744046 is not handled. Duration 56 ms by bot id=8813857960
2026-06-21 10:13:05,603 [INFO] Update id=200744047 is not handled. Duration 56 ms by bot id=8813857960
2026-06-21 10:13:05,603 [INFO] Update id=200744048 is not handled. Duration 56 ms by bot id=8813857960
2026-06-21 10:13:05,604 [INFO] Update id=200744049 is not handled. Duration 56 ms by bot id=8813857960
2026-06-21 10:13:05,604 [INFO] Update id=200744050 is not handled. Duration 56 ms by bot id=8813857960
2026-06-21 10:13:05,604 [INFO] Update id=200744051 is not handled. Duration 56 ms by bot id=8813857960
2026-06-21 10:13:05,604 [INFO] Update id=200744052 is not handled. Duration 56 ms by bot id=8813857960
2026-06-21 10:13:05,605 [INFO] Update id=200744053 is not handled. Duration 57 ms by bot id=8813857960
2026-06-21 10:13:05,605 [INFO] Update id=200744054 is not handled. Duration 57 ms by bot id=8813857960
2026-06-21 10:13:05,605 [INFO] Update id=200744055 is not handled. Duration 57 ms by bot id=8813857960
2026-06-21 10:13:05,605 [INFO] Update id=200744056 is not handled. Duration 57 ms by bot id=8813857960
2026-06-21 10:13:05,605 [INFO] Update id=200744057 is not handled. Duration 57 ms by bot id=8813857960
2026-06-21 10:13:05,606 [INFO] Update id=200744058 is not handled. Duration 57 ms by bot id=8813857960
2026-06-21 10:13:05,606 [INFO] Update id=200744059 is not handled. Duration 57 ms by bot id=8813857960
2026-06-21 10:13:05,606 [INFO] Update id=200744060 is not handled. Duration 57 ms by bot id=8813857960
2026-06-21 10:13:05,606 [INFO] Update id=200744061 is not handled. Duration 57 ms by bot id=8813857960
2026-06-21 10:13:05,606 [INFO] Update id=200744062 is not handled. Duration 57 ms by bot id=8813857960
2026-06-21 10:13:05,607 [INFO] Update id=200744063 is not handled. Duration 57 ms by bot id=8813857960
2026-06-21 10:13:05,607 [INFO] Update id=200744064 is not handled. Duration 57 ms by bot id=8813857960
2026-06-21 10:13:05,607 [INFO] Update id=200744065 is not handled. Duration 58 ms by bot id=8813857960
2026-06-21 10:13:05,607 [INFO] Update id=200744066 is not handled. Duration 58 ms by bot id=8813857960
2026-06-21 10:13:05,608 [INFO] Update id=200744067 is not handled. Duration 58 ms by bot id=8813857960
2026-06-21 10:13:05,608 [INFO] Update id=200744068 is not handled. Duration 58 ms by bot id=8813857960
2026-06-21 10:13:05,770 [INFO] Update id=200744069 is not handled. Duration 51 ms by bot id=8813857960
2026-06-21 10:13:05,771 [INFO] Update id=200744070 is not handled. Duration 52 ms by bot id=8813857960
2026-06-21 10:13:05,772 [INFO] Update id=200744085 is not handled. Duration 50 ms by bot id=8813857960
2026-06-21 10:13:05,772 [INFO] Update id=200744086 is not handled. Duration 50 ms by bot id=8813857960
2026-06-21 10:13:05,773 [INFO] Update id=200744071 is not handled. Duration 53 ms by bot id=8813857960
2026-06-21 10:13:05,773 [INFO] Update id=200744087 is not handled. Duration 50 ms by bot id=8813857960
2026-06-21 10:13:05,773 [INFO] Update id=200744074 is not handled. Duration 53 ms by bot id=8813857960
2026-06-21 10:13:05,773 [INFO] Update id=200744088 is not handled. Duration 51 ms by bot id=8813857960
2026-06-21 10:13:05,774 [INFO] Update id=200744089 is not handled. Duration 51 ms by bot id=8813857960
2026-06-21 10:13:05,774 [INFO] Update id=200744090 is not handled. Duration 51 ms by bot id=8813857960
2026-06-21 10:13:05,774 [INFO] Update id=200744077 is not handled. Duration 54 ms by bot id=8813857960
2026-06-21 10:13:05,775 [INFO] Update id=200744078 is not handled. Duration 54 ms by bot id=8813857960
2026-06-21 10:13:05,775 [INFO] Update id=200744080 is not handled. Duration 53 ms by bot id=8813857960
2026-06-21 10:13:05,775 [INFO] Update id=200744081 is not handled. Duration 53 ms by bot id=8813857960
2026-06-21 10:13:05,775 [INFO] Update id=200744082 is not handled. Duration 53 ms by bot id=8813857960
2026-06-21 10:13:05,775 [INFO] Update id=200744083 is not handled. Duration 54 ms by bot id=8813857960
2026-06-21 10:13:05,776 [INFO] Update id=200744091 is not handled. Duration 53 ms by bot id=8813857960
2026-06-21 10:13:05,776 [INFO] Update id=200744073 is not handled. Duration 56 ms by bot id=8813857960
2026-06-21 10:13:05,776 [INFO] Update id=200744092 is not handled. Duration 53 ms by bot id=8813857960
2026-06-21 10:13:05,776 [INFO] Update id=200744076 is not handled. Duration 56 ms by bot id=8813857960
2026-06-21 10:13:05,776 [INFO] Update id=200744079 is not handled. Duration 55 ms by bot id=8813857960
2026-06-21 10:13:05,777 [INFO] Update id=200744093 is not handled. Duration 53 ms by bot id=8813857960
2026-06-21 10:13:05,777 [INFO] Update id=200744094 is not handled. Duration 54 ms by bot id=8813857960
2026-06-21 10:13:05,777 [INFO] Update id=200744095 is not handled. Duration 54 ms by bot id=8813857960
2026-06-21 10:13:05,777 [INFO] Update id=200744096 is not handled. Duration 54 ms by bot id=8813857960
2026-06-21 10:13:05,777 [INFO] Update id=200744097 is not handled. Duration 54 ms by bot id=8813857960
2026-06-21 10:13:05,778 [INFO] Update id=200744098 is not handled. Duration 54 ms by bot id=8813857960
2026-06-21 10:13:05,778 [INFO] Update id=200744099 is not handled. Duration 54 ms by bot id=8813857960
2026-06-21 10:13:05,778 [INFO] Update id=200744100 is not handled. Duration 54 ms by bot id=8813857960
2026-06-21 10:13:05,778 [INFO] Update id=200744101 is not handled. Duration 54 ms by bot id=8813857960
2026-06-21 10:13:05,779 [INFO] Update id=200744102 is not handled. Duration 54 ms by bot id=8813857960
2026-06-21 10:13:05,779 [INFO] Update id=200744072 is not handled. Duration 59 ms by bot id=8813857960
2026-06-21 10:13:05,779 [INFO] Update id=200744103 is not handled. Duration 54 ms by bot id=8813857960
2026-06-21 10:13:05,779 [INFO] Update id=200744104 is not handled. Duration 55 ms by bot id=8813857960
2026-06-21 10:13:05,779 [INFO] Update id=200744105 is not handled. Duration 55 ms by bot id=8813857960
2026-06-21 10:13:05,780 [INFO] Update id=200744106 is not handled. Duration 55 ms by bot id=8813857960
2026-06-21 10:13:05,780 [INFO] Update id=200744075 is not handled. Duration 59 ms by bot id=8813857960
2026-06-21 10:13:05,780 [INFO] Update id=200744107 is not handled. Duration 55 ms by bot id=8813857960
2026-06-21 10:13:05,780 [INFO] Update id=200744108 is not handled. Duration 51 ms by bot id=8813857960
2026-06-21 10:13:05,780 [INFO] Update id=200744109 is not handled. Duration 52 ms by bot id=8813857960
2026-06-21 10:13:05,781 [INFO] Update id=200744110 is not handled. Duration 52 ms by bot id=8813857960
2026-06-21 10:13:05,781 [INFO] Update id=200744111 is not handled. Duration 52 ms by bot id=8813857960
2026-06-21 10:13:05,781 [INFO] Update id=200744112 is not handled. Duration 52 ms by bot id=8813857960
2026-06-21 10:13:05,781 [INFO] Update id=200744113 is not handled. Duration 52 ms by bot id=8813857960
2026-06-21 10:13:05,782 [INFO] Update id=200744084 is not handled. Duration 60 ms by bot id=8813857960
2026-06-21 10:13:05,782 [INFO] Update id=200744114 is not handled. Duration 52 ms by bot id=8813857960
2026-06-21 10:13:05,782 [INFO] Update id=200744115 is not handled. Duration 52 ms by bot id=8813857960
2026-06-21 10:13:05,782 [INFO] Update id=200744116 is not handled. Duration 52 ms by bot id=8813857960
2026-06-21 10:13:05,782 [INFO] Update id=200744117 is not handled. Duration 52 ms by bot id=8813857960
2026-06-21 10:13:05,783 [INFO] Update id=200744118 is not handled. Duration 52 ms by bot id=8813857960
2026-06-21 10:13:05,783 [INFO] Update id=200744119 is not handled. Duration 53 ms by bot id=8813857960
2026-06-21 10:13:05,783 [INFO] Update id=200744120 is not handled. Duration 53 ms by bot id=8813857960
2026-06-21 10:13:05,783 [INFO] Update id=200744121 is not handled. Duration 53 ms by bot id=8813857960
2026-06-21 10:13:05,783 [INFO] Update id=200744122 is not handled. Duration 53 ms by bot id=8813857960
2026-06-21 10:13:05,784 [INFO] Update id=200744123 is not handled. Duration 53 ms by bot id=8813857960
2026-06-21 10:13:05,784 [INFO] Update id=200744124 is not handled. Duration 53 ms by bot id=8813857960
2026-06-21 10:13:05,784 [INFO] Update id=200744125 is not handled. Duration 53 ms by bot id=8813857960
2026-06-21 10:13:05,784 [INFO] Update id=200744126 is not handled. Duration 53 ms by bot id=8813857960
2026-06-21 10:13:05,785 [INFO] Update id=200744127 is not handled. Duration 53 ms by bot id=8813857960
2026-06-21 10:13:05,785 [INFO] Update id=200744128 is not handled. Duration 53 ms by bot id=8813857960
2026-06-21 10:13:05,785 [INFO] Update id=200744129 is not handled. Duration 53 ms by bot id=8813857960
2026-06-21 10:13:05,785 [INFO] Update id=200744130 is not handled. Duration 53 ms by bot id=8813857960
2026-06-21 10:13:05,785 [INFO] Update id=200744131 is not handled. Duration 54 ms by bot id=8813857960
2026-06-21 10:13:05,788 [INFO] Update id=200744132 is not handled. Duration 56 ms by bot id=8813857960
2026-06-21 10:13:05,788 [INFO] Update id=200744133 is not handled. Duration 56 ms by bot id=8813857960
2026-06-21 10:13:05,788 [INFO] Update id=200744134 is not handled. Duration 56 ms by bot id=8813857960
2026-06-21 10:13:05,788 [INFO] Update id=200744135 is not handled. Duration 56 ms by bot id=8813857960
2026-06-21 10:13:05,789 [INFO] Update id=200744136 is not handled. Duration 56 ms by bot id=8813857960
2026-06-21 10:13:05,789 [INFO] Update id=200744137 is not handled. Duration 56 ms by bot id=8813857960
2026-06-21 10:13:05,789 [INFO] Update id=200744138 is not handled. Duration 56 ms by bot id=8813857960
2026-06-21 10:13:05,789 [INFO] Update id=200744139 is not handled. Duration 56 ms by bot id=8813857960
2026-06-21 10:13:05,789 [INFO] Update id=200744140 is not handled. Duration 56 ms by bot id=8813857960
2026-06-21 10:13:05,790 [INFO] Update id=200744141 is not handled. Duration 56 ms by bot id=8813857960
2026-06-21 10:13:05,790 [INFO] Update id=200744142 is not handled. Duration 56 ms by bot id=8813857960
2026-06-21 10:13:05,790 [INFO] Update id=200744143 is not handled. Duration 56 ms by bot id=8813857960
2026-06-21 10:13:05,790 [INFO] Update id=200744144 is not handled. Duration 57 ms by bot id=8813857960
2026-06-21 10:13:05,790 [INFO] Update id=200744145 is not handled. Duration 57 ms by bot id=8813857960
2026-06-21 10:13:05,791 [INFO] Update id=200744146 is not handled. Duration 57 ms by bot id=8813857960
2026-06-21 10:13:05,791 [INFO] Update id=200744147 is not handled. Duration 57 ms by bot id=8813857960
2026-06-21 10:13:05,791 [INFO] Update id=200744148 is not handled. Duration 57 ms by bot id=8813857960
2026-06-21 10:13:05,791 [INFO] Update id=200744149 is not handled. Duration 57 ms by bot id=8813857960
2026-06-21 10:13:05,792 [INFO] Update id=200744150 is not handled. Duration 57 ms by bot id=8813857960
2026-06-21 10:13:05,792 [INFO] Update id=200744151 is not handled. Duration 57 ms by bot id=8813857960
2026-06-21 10:13:05,792 [INFO] Update id=200744152 is not handled. Duration 57 ms by bot id=8813857960
2026-06-21 10:13:05,792 [INFO] Update id=200744153 is not handled. Duration 57 ms by bot id=8813857960
2026-06-21 10:13:05,792 [INFO] Update id=200744154 is not handled. Duration 57 ms by bot id=8813857960
2026-06-21 10:13:05,793 [INFO] Update id=200744155 is not handled. Duration 57 ms by bot id=8813857960
2026-06-21 10:13:05,793 [INFO] Update id=200744156 is not handled. Duration 58 ms by bot id=8813857960
2026-06-21 10:13:05,793 [INFO] Update id=200744157 is not handled. Duration 58 ms by bot id=8813857960
2026-06-21 10:13:05,793 [INFO] Update id=200744158 is not handled. Duration 58 ms by bot id=8813857960
2026-06-21 10:13:05,794 [INFO] Update id=200744159 is not handled. Duration 58 ms by bot id=8813857960
2026-06-21 10:13:05,794 [INFO] Update id=200744160 is not handled. Duration 58 ms by bot id=8813857960
2026-06-21 10:13:05,794 [INFO] Update id=200744161 is not handled. Duration 58 ms by bot id=8813857960
2026-06-21 10:13:05,794 [INFO] Update id=200744162 is not handled. Duration 58 ms by bot id=8813857960
2026-06-21 10:13:05,794 [INFO] Update id=200744163 is not handled. Duration 58 ms by bot id=8813857960
2026-06-21 10:13:05,795 [INFO] Update id=200744164 is not handled. Duration 58 ms by bot id=8813857960
2026-06-21 10:13:05,795 [INFO] Update id=200744165 is not handled. Duration 58 ms by bot id=8813857960
2026-06-21 10:13:05,795 [INFO] Update id=200744166 is not handled. Duration 58 ms by bot id=8813857960
2026-06-21 10:13:05,795 [INFO] Update id=200744167 is not handled. Duration 58 ms by bot id=8813857960
2026-06-21 10:13:05,795 [INFO] Update id=200744168 is not handled. Duration 58 ms by bot id=8813857960
2026-06-21 10:13:05,909 [INFO] Update id=200744202 is handled. Duration 0 ms by bot id=8813857960
2026-06-21 10:13:05,910 [INFO] Update id=200744204 is handled. Duration 0 ms by bot id=8813857960
2026-06-21 10:13:05,950 [INFO] Update id=200744170 is not handled. Duration 45 ms by bot id=8813857960
2026-06-21 10:13:05,951 [INFO] Update id=200744171 is not handled. Duration 46 ms by bot id=8813857960
2026-06-21 10:13:05,952 [INFO] Update id=200744185 is not handled. Duration 45 ms by bot id=8813857960
2026-06-21 10:13:05,953 [INFO] Update id=200744186 is not handled. Duration 45 ms by bot id=8813857960
2026-06-21 10:13:05,953 [INFO] Update id=200744187 is not handled. Duration 45 ms by bot id=8813857960
2026-06-21 10:13:05,953 [INFO] Update id=200744188 is not handled. Duration 46 ms by bot id=8813857960
2026-06-21 10:13:05,953 [INFO] Update id=200744177 is not handled. Duration 48 ms by bot id=8813857960
2026-06-21 10:13:05,953 [INFO] Update id=200744178 is not handled. Duration 48 ms by bot id=8813857960
2026-06-21 10:13:05,954 [INFO] Update id=200744189 is not handled. Duration 46 ms by bot id=8813857960
2026-06-21 10:13:05,954 [INFO] Update id=200744180 is not handled. Duration 48 ms by bot id=8813857960
2026-06-21 10:13:05,954 [INFO] Update id=200744181 is not handled. Duration 48 ms by bot id=8813857960
2026-06-21 10:13:05,954 [INFO] Update id=200744190 is not handled. Duration 47 ms by bot id=8813857960
2026-06-21 10:13:05,955 [INFO] Update id=200744191 is not handled. Duration 47 ms by bot id=8813857960
2026-06-21 10:13:05,955 [INFO] Update id=200744182 is not handled. Duration 48 ms by bot id=8813857960
2026-06-21 10:13:05,955 [INFO] Update id=200744169 is not handled. Duration 51 ms by bot id=8813857960
2026-06-21 10:13:05,955 [INFO] Update id=200744192 is not handled. Duration 47 ms by bot id=8813857960
2026-06-21 10:13:05,956 [INFO] Update id=200744173 is not handled. Duration 51 ms by bot id=8813857960
2026-06-21 10:13:05,956 [INFO] Update id=200744195 is not handled. Duration 48 ms by bot id=8813857960
2026-06-21 10:13:05,956 [INFO] Update id=200744196 is not handled. Duration 48 ms by bot id=8813857960
2026-06-21 10:13:05,956 [INFO] Update id=200744197 is not handled. Duration 48 ms by bot id=8813857960
2026-06-21 10:13:05,957 [INFO] Update id=200744198 is not handled. Duration 48 ms by bot id=8813857960
2026-06-21 10:13:05,957 [INFO] Update id=200744175 is not handled. Duration 51 ms by bot id=8813857960
2026-06-21 10:13:05,957 [INFO] Update id=200744199 is not handled. Duration 48 ms by bot id=8813857960
2026-06-21 10:13:05,957 [INFO] Update id=200744200 is not handled. Duration 48 ms by bot id=8813857960
2026-06-21 10:13:05,958 [INFO] Update id=200744201 is not handled. Duration 49 ms by bot id=8813857960
2026-06-21 10:13:05,958 [INFO] Update id=200744183 is not handled. Duration 51 ms by bot id=8813857960
2026-06-21 10:13:05,958 [INFO] Update id=200744184 is not handled. Duration 51 ms by bot id=8813857960
2026-06-21 10:13:05,958 [INFO] Update id=200744193 is not handled. Duration 50 ms by bot id=8813857960
2026-06-21 10:13:05,959 [INFO] Update id=200744176 is not handled. Duration 53 ms by bot id=8813857960
2026-06-21 10:13:05,959 [INFO] Update id=200744194 is not handled. Duration 51 ms by bot id=8813857960
2026-06-21 10:13:05,959 [INFO] Update id=200744174 is not handled. Duration 54 ms by bot id=8813857960
2026-06-21 10:13:05,959 [INFO] Update id=200744179 is not handled. Duration 53 ms by bot id=8813857960
2026-06-21 10:13:05,959 [INFO] Update id=200744172 is not handled. Duration 54 ms by bot id=8813857960
2026-06-21 10:13:05,960 [INFO] Update id=200744203 is not handled. Duration 49 ms by bot id=8813857960
2026-06-21 10:13:05,960 [INFO] Update id=200744208 is not handled. Duration 48 ms by bot id=8813857960
2026-06-21 10:13:05,960 [INFO] Update id=200744221 is not handled. Duration 46 ms by bot id=8813857960
2026-06-21 10:13:05,960 [INFO] Update id=200744222 is not handled. Duration 46 ms by bot id=8813857960
2026-06-21 10:13:05,960 [INFO] Update id=200744223 is not handled. Duration 46 ms by bot id=8813857960
2026-06-21 10:13:05,961 [INFO] Update id=200744224 is not handled. Duration 47 ms by bot id=8813857960
2026-06-21 10:13:05,961 [INFO] Update id=200744225 is not handled. Duration 47 ms by bot id=8813857960
2026-06-21 10:13:05,961 [INFO] Update id=200744226 is not handled. Duration 47 ms by bot id=8813857960
2026-06-21 10:13:05,961 [INFO] Update id=200744227 is not handled. Duration 47 ms by bot id=8813857960
2026-06-21 10:13:05,962 [INFO] Update id=200744228 is not handled. Duration 47 ms by bot id=8813857960
2026-06-21 10:13:05,962 [INFO] Update id=200744229 is not handled. Duration 47 ms by bot id=8813857960
2026-06-21 10:13:05,962 [INFO] Update id=200744230 is not handled. Duration 47 ms by bot id=8813857960
2026-06-21 10:13:05,962 [INFO] Update id=200744231 is not handled. Duration 47 ms by bot id=8813857960
2026-06-21 10:13:05,962 [INFO] Update id=200744234 is not handled. Duration 47 ms by bot id=8813857960
2026-06-21 10:13:05,963 [INFO] Update id=200744237 is not handled. Duration 47 ms by bot id=8813857960
2026-06-21 10:13:05,963 [INFO] Update id=200744238 is not handled. Duration 47 ms by bot id=8813857960
2026-06-21 10:13:05,963 [INFO] Update id=200744239 is not handled. Duration 48 ms by bot id=8813857960
2026-06-21 10:13:05,963 [INFO] Update id=200744240 is not handled. Duration 48 ms by bot id=8813857960
2026-06-21 10:13:05,963 [INFO] Update id=200744241 is not handled. Duration 48 ms by bot id=8813857960
2026-06-21 10:13:05,964 [INFO] Update id=200744242 is not handled. Duration 48 ms by bot id=8813857960
2026-06-21 10:13:05,964 [INFO] Update id=200744243 is not handled. Duration 48 ms by bot id=8813857960
2026-06-21 10:13:05,964 [INFO] Update id=200744217 is not handled. Duration 51 ms by bot id=8813857960
2026-06-21 10:13:05,964 [INFO] Update id=200744244 is not handled. Duration 48 ms by bot id=8813857960
2026-06-21 10:13:05,965 [INFO] Update id=200744245 is not handled. Duration 48 ms by bot id=8813857960
2026-06-21 10:13:05,965 [INFO] Update id=200744218 is not handled. Duration 51 ms by bot id=8813857960
2026-06-21 10:13:05,965 [INFO] Update id=200744246 is not handled. Duration 48 ms by bot id=8813857960
2026-06-21 10:13:05,965 [INFO] Update id=200744247 is not handled. Duration 48 ms by bot id=8813857960
2026-06-21 10:13:05,965 [INFO] Update id=200744248 is not handled. Duration 48 ms by bot id=8813857960
2026-06-21 10:13:05,966 [INFO] Update id=200744249 is not handled. Duration 49 ms by bot id=8813857960
2026-06-21 10:13:05,966 [INFO] Update id=200744250 is not handled. Duration 49 ms by bot id=8813857960
2026-06-21 10:13:05,966 [INFO] Update id=200744251 is not handled. Duration 49 ms by bot id=8813857960
2026-06-21 10:13:05,966 [INFO] Update id=200744252 is not handled. Duration 49 ms by bot id=8813857960
2026-06-21 10:13:05,966 [INFO] Update id=200744253 is not handled. Duration 49 ms by bot id=8813857960
2026-06-21 10:13:05,967 [INFO] Update id=200744205 is not handled. Duration 55 ms by bot id=8813857960
2026-06-21 10:13:05,967 [INFO] Update id=200744210 is not handled. Duration 55 ms by bot id=8813857960
2026-06-21 10:13:05,967 [INFO] Update id=200744213 is not handled. Duration 54 ms by bot id=8813857960
2026-06-21 10:13:05,967 [INFO] Update id=200744254 is not handled. Duration 50 ms by bot id=8813857960
2026-06-21 10:13:05,968 [INFO] Update id=200744255 is not handled. Duration 50 ms by bot id=8813857960
2026-06-21 10:13:05,968 [INFO] Update id=200744256 is not handled. Duration 50 ms by bot id=8813857960
2026-06-21 10:13:05,968 [INFO] Update id=200744257 is not handled. Duration 50 ms by bot id=8813857960
2026-06-21 10:13:05,968 [INFO] Update id=200744258 is not handled. Duration 50 ms by bot id=8813857960
2026-06-21 10:13:05,968 [INFO] Update id=200744215 is not handled. Duration 55 ms by bot id=8813857960
2026-06-21 10:13:05,969 [INFO] Update id=200744259 is not handled. Duration 50 ms by bot id=8813857960
2026-06-21 10:13:05,969 [INFO] Update id=200744260 is not handled. Duration 50 ms by bot id=8813857960
2026-06-21 10:13:05,969 [INFO] Update id=200744261 is not handled. Duration 50 ms by bot id=8813857960
2026-06-21 10:13:05,969 [INFO] Update id=200744262 is not handled. Duration 51 ms by bot id=8813857960
2026-06-21 10:13:05,969 [INFO] Update id=200744263 is not handled. Duration 51 ms by bot id=8813857960
2026-06-21 10:13:05,970 [INFO] Update id=200744264 is not handled. Duration 51 ms by bot id=8813857960
2026-06-21 10:13:05,970 [INFO] Update id=200744265 is not handled. Duration 51 ms by bot id=8813857960
2026-06-21 10:13:05,970 [INFO] Update id=200744214 is not handled. Duration 57 ms by bot id=8813857960
2026-06-21 10:13:05,970 [INFO] Update id=200744266 is not handled. Duration 51 ms by bot id=8813857960
2026-06-21 10:13:05,971 [INFO] Update id=200744220 is not handled. Duration 57 ms by bot id=8813857960
2026-06-21 10:13:05,971 [INFO] Update id=200744267 is not handled. Duration 51 ms by bot id=8813857960
2026-06-21 10:13:05,971 [INFO] Update id=200744268 is not handled. Duration 51 ms by bot id=8813857960
2026-06-21 10:13:05,971 [INFO] Update id=200744269 is not handled. Duration 52 ms by bot id=8813857960
2026-06-21 10:13:05,971 [INFO] Update id=200744219 is not handled. Duration 58 ms by bot id=8813857960
2026-06-21 10:13:05,972 [INFO] Update id=200744207 is not handled. Duration 60 ms by bot id=8813857960
2026-06-21 10:13:05,972 [INFO] Update id=200744270 is not handled. Duration 52 ms by bot id=8813857960
2026-06-21 10:13:05,972 [INFO] Update id=200744271 is not handled. Duration 52 ms by bot id=8813857960
2026-06-21 10:13:05,972 [INFO] Update id=200744272 is not handled. Duration 52 ms by bot id=8813857960
2026-06-21 10:13:05,975 [INFO] Update id=200744206 is not handled. Duration 63 ms by bot id=8813857960
2026-06-21 10:13:05,975 [INFO] Update id=200744211 is not handled. Duration 63 ms by bot id=8813857960
2026-06-21 10:13:05,975 [INFO] Update id=200744209 is not handled. Duration 63 ms by bot id=8813857960
2026-06-21 10:13:05,975 [INFO] Update id=200744216 is not handled. Duration 62 ms by bot id=8813857960
2026-06-21 10:13:05,976 [INFO] Update id=200744212 is not handled. Duration 63 ms by bot id=8813857960
2026-06-21 10:13:06,179 [INFO] Update id=200744285 is not handled. Duration 48 ms by bot id=8813857960
2026-06-21 10:13:06,180 [INFO] Update id=200744289 is not handled. Duration 48 ms by bot id=8813857960
2026-06-21 10:13:06,180 [INFO] Update id=200744290 is not handled. Duration 49 ms by bot id=8813857960
2026-06-21 10:13:06,181 [INFO] Update id=200744291 is not handled. Duration 49 ms by bot id=8813857960
2026-06-21 10:13:06,182 [INFO] Update id=200744282 is not handled. Duration 51 ms by bot id=8813857960
2026-06-21 10:13:06,182 [INFO] Update id=200744292 is not handled. Duration 50 ms by bot id=8813857960
2026-06-21 10:13:06,182 [INFO] Update id=200744293 is not handled. Duration 50 ms by bot id=8813857960
2026-06-21 10:13:06,182 [INFO] Update id=200744278 is not handled. Duration 52 ms by bot id=8813857960
2026-06-21 10:13:06,182 [INFO] Update id=200744277 is not handled. Duration 52 ms by bot id=8813857960
2026-06-21 10:13:06,183 [INFO] Update id=200744279 is not handled. Duration 52 ms by bot id=8813857960
2026-06-21 10:13:06,183 [INFO] Update id=200744276 is not handled. Duration 53 ms by bot id=8813857960
2026-06-21 10:13:06,183 [INFO] Update id=200744294 is not handled. Duration 51 ms by bot id=8813857960
2026-06-21 10:13:06,183 [INFO] Update id=200744295 is not handled. Duration 51 ms by bot id=8813857960
2026-06-21 10:13:06,184 [INFO] Update id=200744273 is not handled. Duration 54 ms by bot id=8813857960
2026-06-21 10:13:06,184 [INFO] Update id=200744288 is not handled. Duration 52 ms by bot id=8813857960
2026-06-21 10:13:06,184 [INFO] Update id=200744286 is not handled. Duration 53 ms by bot id=8813857960
2026-06-21 10:13:06,184 [INFO] Update id=200744287 is not handled. Duration 53 ms by bot id=8813857960
2026-06-21 10:13:06,184 [INFO] Update id=200744296 is not handled. Duration 52 ms by bot id=8813857960
2026-06-21 10:13:06,185 [INFO] Update id=200744297 is not handled. Duration 52 ms by bot id=8813857960
2026-06-21 10:13:06,185 [INFO] Update id=200744283 is not handled. Duration 54 ms by bot id=8813857960
2026-06-21 10:13:06,185 [INFO] Update id=200744298 is not handled. Duration 52 ms by bot id=8813857960
2026-06-21 10:13:06,185 [INFO] Update id=200744284 is not handled. Duration 54 ms by bot id=8813857960
2026-06-21 10:13:06,185 [INFO] Update id=200744299 is not handled. Duration 52 ms by bot id=8813857960
2026-06-21 10:13:06,186 [INFO] Update id=200744300 is not handled. Duration 53 ms by bot id=8813857960
2026-06-21 10:13:06,186 [INFO] Update id=200744281 is not handled. Duration 55 ms by bot id=8813857960
2026-06-21 10:13:06,186 [INFO] Update id=200744301 is not handled. Duration 53 ms by bot id=8813857960
2026-06-21 10:13:06,186 [INFO] Update id=200744280 is not handled. Duration 56 ms by bot id=8813857960
2026-06-21 10:13:06,187 [INFO] Update id=200744302 is not handled. Duration 53 ms by bot id=8813857960
2026-06-21 10:13:06,187 [INFO] Update id=200744275 is not handled. Duration 57 ms by bot id=8813857960
2026-06-21 10:13:06,187 [INFO] Update id=200744303 is not handled. Duration 53 ms by bot id=8813857960
2026-06-21 10:13:06,187 [INFO] Update id=200744304 is not handled. Duration 50 ms by bot id=8813857960
2026-06-21 10:13:06,187 [INFO] Update id=200744274 is not handled. Duration 58 ms by bot id=8813857960
2026-06-21 10:13:06,188 [INFO] Update id=200744305 is not handled. Duration 50 ms by bot id=8813857960
2026-06-21 10:13:06,188 [INFO] Update id=200744306 is not handled. Duration 50 ms by bot id=8813857960
2026-06-21 10:13:06,188 [INFO] Update id=200744307 is not handled. Duration 50 ms by bot id=8813857960
2026-06-21 10:13:06,188 [INFO] Update id=200744308 is not handled. Duration 51 ms by bot id=8813857960
2026-06-21 10:13:06,190 [INFO] Update id=200744309 is not handled. Duration 53 ms by bot id=8813857960
2026-06-21 10:13:06,190 [INFO] Update id=200744310 is not handled. Duration 53 ms by bot id=8813857960
2026-06-21 10:13:06,191 [INFO] Update id=200744311 is not handled. Duration 53 ms by bot id=8813857960
2026-06-21 10:13:06,191 [INFO] Update id=200744312 is not handled. Duration 53 ms by bot id=8813857960
2026-06-21 10:13:06,191 [INFO] Update id=200744313 is not handled. Duration 53 ms by bot id=8813857960
2026-06-21 10:13:06,191 [INFO] Update id=200744314 is not handled. Duration 53 ms by bot id=8813857960
2026-06-21 10:13:06,192 [INFO] Update id=200744315 is not handled. Duration 53 ms by bot id=8813857960
2026-06-21 10:13:06,192 [INFO] Update id=200744316 is not handled. Duration 53 ms by bot id=8813857960
2026-06-21 10:13:06,192 [INFO] Update id=200744317 is not handled. Duration 53 ms by bot id=8813857960
2026-06-21 10:13:06,192 [INFO] Update id=200744318 is not handled. Duration 53 ms by bot id=8813857960
2026-06-21 10:13:06,192 [INFO] Update id=200744319 is not handled. Duration 53 ms by bot id=8813857960
2026-06-21 10:13:06,193 [INFO] Update id=200744320 is not handled. Duration 53 ms by bot id=8813857960
2026-06-21 10:13:06,193 [INFO] Update id=200744321 is not handled. Duration 54 ms by bot id=8813857960
2026-06-21 10:13:06,193 [INFO] Update id=200744322 is not handled. Duration 54 ms by bot id=8813857960
2026-06-21 10:13:06,193 [INFO] Update id=200744323 is not handled. Duration 54 ms by bot id=8813857960
2026-06-21 10:13:06,193 [INFO] Update id=200744324 is not handled. Duration 54 ms by bot id=8813857960
2026-06-21 10:13:06,194 [INFO] Update id=200744325 is not handled. Duration 54 ms by bot id=8813857960
2026-06-21 10:13:06,194 [INFO] Update id=200744326 is not handled. Duration 54 ms by bot id=8813857960
2026-06-21 10:13:06,194 [INFO] Update id=200744327 is not handled. Duration 54 ms by bot id=8813857960
2026-06-21 10:13:06,194 [INFO] Update id=200744328 is not handled. Duration 54 ms by bot id=8813857960
2026-06-21 10:13:06,195 [INFO] Update id=200744329 is not handled. Duration 54 ms by bot id=8813857960
2026-06-21 10:13:06,195 [INFO] Update id=200744330 is not handled. Duration 54 ms by bot id=8813857960
2026-06-21 10:13:06,195 [INFO] Update id=200744331 is not handled. Duration 54 ms by bot id=8813857960
2026-06-21 10:13:06,195 [INFO] Update id=200744332 is not handled. Duration 55 ms by bot id=8813857960
2026-06-21 10:13:06,195 [INFO] Update id=200744333 is not handled. Duration 54 ms by bot id=8813857960
2026-06-21 10:13:06,196 [INFO] Update id=200744334 is not handled. Duration 54 ms by bot id=8813857960
2026-06-21 10:13:06,196 [INFO] Update id=200744335 is not handled. Duration 55 ms by bot id=8813857960
2026-06-21 10:13:06,196 [INFO] Update id=200744336 is not handled. Duration 55 ms by bot id=8813857960
2026-06-21 10:13:06,196 [INFO] Update id=200744337 is not handled. Duration 55 ms by bot id=8813857960
2026-06-21 10:13:06,196 [INFO] Update id=200744338 is not handled. Duration 55 ms by bot id=8813857960
2026-06-21 10:13:06,197 [INFO] Update id=200744339 is not handled. Duration 55 ms by bot id=8813857960
2026-06-21 10:13:06,197 [INFO] Update id=200744340 is not handled. Duration 55 ms by bot id=8813857960
2026-06-21 10:13:06,197 [INFO] Update id=200744341 is not handled. Duration 55 ms by bot id=8813857960
2026-06-21 10:13:06,197 [INFO] Update id=200744342 is not handled. Duration 55 ms by bot id=8813857960
2026-06-21 10:13:06,198 [INFO] Update id=200744343 is not handled. Duration 55 ms by bot id=8813857960
2026-06-21 10:13:06,198 [INFO] Update id=200744344 is not handled. Duration 55 ms by bot id=8813857960
2026-06-21 10:13:06,198 [INFO] Update id=200744345 is not handled. Duration 55 ms by bot id=8813857960
2026-06-21 10:13:06,198 [INFO] Update id=200744346 is not handled. Duration 54 ms by bot id=8813857960
2026-06-21 10:13:06,198 [INFO] Update id=200744347 is not handled. Duration 54 ms by bot id=8813857960
2026-06-21 10:13:06,199 [INFO] Update id=200744348 is not handled. Duration 55 ms by bot id=8813857960
2026-06-21 10:13:06,199 [INFO] Update id=200744349 is not handled. Duration 55 ms by bot id=8813857960
2026-06-21 10:13:06,199 [INFO] Update id=200744350 is not handled. Duration 55 ms by bot id=8813857960
2026-06-21 10:13:06,199 [INFO] Update id=200744351 is not handled. Duration 55 ms by bot id=8813857960
2026-06-21 10:13:06,199 [INFO] Update id=200744352 is not handled. Duration 55 ms by bot id=8813857960
2026-06-21 10:13:06,200 [INFO] Update id=200744353 is not handled. Duration 55 ms by bot id=8813857960
2026-06-21 10:13:06,200 [INFO] Update id=200744354 is not handled. Duration 55 ms by bot id=8813857960
2026-06-21 10:13:06,200 [INFO] Update id=200744355 is not handled. Duration 55 ms by bot id=8813857960
2026-06-21 10:13:06,200 [INFO] Update id=200744356 is not handled. Duration 55 ms by bot id=8813857960
2026-06-21 10:13:06,201 [INFO] Update id=200744357 is not handled. Duration 55 ms by bot id=8813857960
2026-06-21 10:13:06,201 [INFO] Update id=200744358 is not handled. Duration 55 ms by bot id=8813857960
2026-06-21 10:13:06,201 [INFO] Update id=200744359 is not handled. Duration 55 ms by bot id=8813857960
2026-06-21 10:13:06,201 [INFO] Update id=200744360 is not handled. Duration 56 ms by bot id=8813857960
2026-06-21 10:13:06,201 [INFO] Update id=200744361 is not handled. Duration 55 ms by bot id=8813857960
2026-06-21 10:13:06,202 [INFO] Update id=200744362 is not handled. Duration 55 ms by bot id=8813857960
2026-06-21 10:13:06,202 [INFO] Update id=200744363 is not handled. Duration 55 ms by bot id=8813857960
2026-06-21 10:13:06,202 [INFO] Update id=200744364 is not handled. Duration 56 ms by bot id=8813857960
2026-06-21 10:13:06,202 [INFO] Update id=200744365 is not handled. Duration 56 ms by bot id=8813857960
2026-06-21 10:13:06,202 [INFO] Update id=200744366 is not handled. Duration 56 ms by bot id=8813857960
2026-06-21 10:13:06,203 [INFO] Update id=200744367 is not handled. Duration 56 ms by bot id=8813857960
2026-06-21 10:13:06,203 [INFO] Update id=200744368 is not handled. Duration 56 ms by bot id=8813857960
2026-06-21 10:13:06,203 [INFO] Update id=200744369 is not handled. Duration 56 ms by bot id=8813857960
2026-06-21 10:13:06,203 [INFO] Update id=200744370 is not handled. Duration 56 ms by bot id=8813857960
2026-06-21 10:13:06,204 [INFO] Update id=200744371 is not handled. Duration 56 ms by bot id=8813857960
2026-06-21 10:13:06,204 [INFO] Update id=200744372 is not handled. Duration 56 ms by bot id=8813857960
2026-06-21 10:13:06,542 [INFO] Update id=200744373 is not handled. Duration 46 ms by bot id=8813857960
2026-06-21 10:13:06,542 [INFO] Update id=200744374 is not handled. Duration 46 ms by bot id=8813857960
2026-06-21 10:13:06,544 [INFO] Update id=200744389 is not handled. Duration 46 ms by bot id=8813857960
2026-06-21 10:13:06,544 [INFO] Update id=200744390 is not handled. Duration 45 ms by bot id=8813857960
2026-06-21 10:13:06,544 [INFO] Update id=200744377 is not handled. Duration 48 ms by bot id=8813857960
2026-06-21 10:13:06,544 [INFO] Update id=200744376 is not handled. Duration 48 ms by bot id=8813857960
2026-06-21 10:13:06,544 [INFO] Update id=200744391 is not handled. Duration 46 ms by bot id=8813857960
2026-06-21 10:13:06,545 [INFO] Update id=200744392 is not handled. Duration 46 ms by bot id=8813857960
2026-06-21 10:13:06,545 [INFO] Update id=200744381 is not handled. Duration 48 ms by bot id=8813857960
2026-06-21 10:13:06,545 [INFO] Update id=200744380 is not handled. Duration 48 ms by bot id=8813857960
2026-06-21 10:13:06,546 [INFO] Update id=200744393 is not handled. Duration 47 ms by bot id=8813857960
2026-06-21 10:13:06,546 [INFO] Update id=200744394 is not handled. Duration 47 ms by bot id=8813857960
2026-06-21 10:13:06,546 [INFO] Update id=200744385 is not handled. Duration 49 ms by bot id=8813857960
2026-06-21 10:13:06,546 [INFO] Update id=200744395 is not handled. Duration 47 ms by bot id=8813857960
2026-06-21 10:13:06,547 [INFO] Update id=200744396 is not handled. Duration 47 ms by bot id=8813857960
2026-06-21 10:13:06,547 [INFO] Update id=200744388 is not handled. Duration 49 ms by bot id=8813857960
2026-06-21 10:13:06,547 [INFO] Update id=200744397 is not handled. Duration 48 ms by bot id=8813857960
2026-06-21 10:13:06,547 [INFO] Update id=200744398 is not handled. Duration 48 ms by bot id=8813857960
2026-06-21 10:13:06,548 [INFO] Update id=200744382 is not handled. Duration 51 ms by bot id=8813857960
2026-06-21 10:13:06,548 [INFO] Update id=200744399 is not handled. Duration 48 ms by bot id=8813857960
2026-06-21 10:13:06,548 [INFO] Update id=200744383 is not handled. Duration 51 ms by bot id=8813857960
2026-06-21 10:13:06,548 [INFO] Update id=200744400 is not handled. Duration 48 ms by bot id=8813857960
2026-06-21 10:13:06,548 [INFO] Update id=200744384 is not handled. Duration 51 ms by bot id=8813857960
2026-06-21 10:13:06,549 [INFO] Update id=200744386 is not handled. Duration 51 ms by bot id=8813857960
2026-06-21 10:13:06,549 [INFO] Update id=200744401 is not handled. Duration 49 ms by bot id=8813857960
2026-06-21 10:13:06,549 [INFO] Update id=200744387 is not handled. Duration 51 ms by bot id=8813857960
2026-06-21 10:13:06,549 [INFO] Update id=200744402 is not handled. Duration 49 ms by bot id=8813857960
2026-06-21 10:13:06,549 [INFO] Update id=200744375 is not handled. Duration 53 ms by bot id=8813857960
2026-06-21 10:13:06,550 [INFO] Update id=200744403 is not handled. Duration 50 ms by bot id=8813857960
2026-06-21 10:13:06,550 [INFO] Update id=200744404 is not handled. Duration 50 ms by bot id=8813857960
2026-06-21 10:13:06,550 [INFO] Update id=200744378 is not handled. Duration 54 ms by bot id=8813857960
2026-06-21 10:13:06,550 [INFO] Update id=200744405 is not handled. Duration 50 ms by bot id=8813857960
2026-06-21 10:13:06,551 [INFO] Update id=200744406 is not handled. Duration 50 ms by bot id=8813857960
2026-06-21 10:13:06,551 [INFO] Update id=200744407 is not handled. Duration 50 ms by bot id=8813857960
2026-06-21 10:13:06,551 [INFO] Update id=200744408 is not handled. Duration 50 ms by bot id=8813857960
2026-06-21 10:13:06,551 [INFO] Update id=200744409 is not handled. Duration 50 ms by bot id=8813857960
2026-06-21 10:13:06,551 [INFO] Update id=200744410 is not handled. Duration 50 ms by bot id=8813857960
2026-06-21 10:13:06,552 [INFO] Update id=200744411 is not handled. Duration 50 ms by bot id=8813857960
2026-06-21 10:13:06,552 [INFO] Update id=200744412 is not handled. Duration 50 ms by bot id=8813857960
2026-06-21 10:13:06,552 [INFO] Update id=200744413 is not handled. Duration 51 ms by bot id=8813857960
2026-06-21 10:13:06,552 [INFO] Update id=200744414 is not handled. Duration 51 ms by bot id=8813857960
2026-06-21 10:13:06,552 [INFO] Update id=200744415 is not handled. Duration 51 ms by bot id=8813857960
2026-06-21 10:13:06,553 [INFO] Update id=200744416 is not handled. Duration 51 ms by bot id=8813857960
2026-06-21 10:13:06,553 [INFO] Update id=200744417 is not handled. Duration 51 ms by bot id=8813857960
2026-06-21 10:13:06,553 [INFO] Update id=200744418 is not handled. Duration 51 ms by bot id=8813857960
2026-06-21 10:13:06,553 [INFO] Update id=200744419 is not handled. Duration 51 ms by bot id=8813857960
2026-06-21 10:13:06,554 [INFO] Update id=200744420 is not handled. Duration 51 ms by bot id=8813857960
2026-06-21 10:13:06,554 [INFO] Update id=200744379 is not handled. Duration 57 ms by bot id=8813857960
2026-06-21 10:13:06,554 [INFO] Update id=200744421 is not handled. Duration 52 ms by bot id=8813857960
2026-06-21 10:13:06,554 [INFO] Update id=200744422 is not handled. Duration 51 ms by bot id=8813857960
2026-06-21 10:13:06,554 [INFO] Update id=200744423 is not handled. Duration 51 ms by bot id=8813857960
2026-06-21 10:13:06,555 [INFO] Update id=200744424 is not handled. Duration 52 ms by bot id=8813857960
2026-06-21 10:13:06,555 [INFO] Update id=200744425 is not handled. Duration 52 ms by bot id=8813857960
2026-06-21 10:13:06,555 [INFO] Update id=200744426 is not handled. Duration 52 ms by bot id=8813857960
2026-06-21 10:13:06,555 [INFO] Update id=200744427 is not handled. Duration 52 ms by bot id=8813857960
2026-06-21 10:13:06,555 [INFO] Update id=200744428 is not handled. Duration 52 ms by bot id=8813857960
2026-06-21 10:13:06,556 [INFO] Update id=200744429 is not handled. Duration 52 ms by bot id=8813857960
2026-06-21 10:13:06,556 [INFO] Update id=200744430 is not handled. Duration 52 ms by bot id=8813857960
2026-06-21 10:13:06,556 [INFO] Update id=200744431 is not handled. Duration 52 ms by bot id=8813857960
2026-06-21 10:13:06,556 [INFO] Update id=200744432 is not handled. Duration 52 ms by bot id=8813857960
2026-06-21 10:13:06,557 [INFO] Update id=200744433 is not handled. Duration 52 ms by bot id=8813857960
2026-06-21 10:13:06,557 [INFO] Update id=200744434 is not handled. Duration 52 ms by bot id=8813857960
2026-06-21 10:13:06,557 [INFO] Update id=200744435 is not handled. Duration 52 ms by bot id=8813857960
2026-06-21 10:13:06,557 [INFO] Update id=200744436 is not handled. Duration 53 ms by bot id=8813857960
2026-06-21 10:13:06,557 [INFO] Update id=200744437 is not handled. Duration 53 ms by bot id=8813857960
2026-06-21 10:13:06,558 [INFO] Update id=200744438 is not handled. Duration 53 ms by bot id=8813857960
2026-06-21 10:13:06,558 [INFO] Update id=200744439 is not handled. Duration 53 ms by bot id=8813857960
2026-06-21 10:13:06,558 [INFO] Update id=200744440 is not handled. Duration 53 ms by bot id=8813857960
2026-06-21 10:13:06,558 [INFO] Update id=200744441 is not handled. Duration 53 ms by bot id=8813857960
2026-06-21 10:13:06,558 [INFO] Update id=200744442 is not handled. Duration 53 ms by bot id=8813857960
2026-06-21 10:13:06,559 [INFO] Update id=200744443 is not handled. Duration 53 ms by bot id=8813857960
2026-06-21 10:13:06,559 [INFO] Update id=200744444 is not handled. Duration 53 ms by bot id=8813857960
2026-06-21 10:13:06,559 [INFO] Update id=200744445 is not handled. Duration 53 ms by bot id=8813857960
2026-06-21 10:13:06,559 [INFO] Update id=200744446 is not handled. Duration 53 ms by bot id=8813857960
2026-06-21 10:13:06,560 [INFO] Update id=200744447 is not handled. Duration 54 ms by bot id=8813857960
2026-06-21 10:13:06,560 [INFO] Update id=200744448 is not handled. Duration 54 ms by bot id=8813857960
2026-06-21 10:13:06,560 [INFO] Update id=200744449 is not handled. Duration 54 ms by bot id=8813857960
2026-06-21 10:13:06,560 [INFO] Update id=200744450 is not handled. Duration 54 ms by bot id=8813857960
2026-06-21 10:13:06,560 [INFO] Update id=200744451 is not handled. Duration 54 ms by bot id=8813857960
2026-06-21 10:13:06,561 [INFO] Update id=200744452 is not handled. Duration 54 ms by bot id=8813857960
2026-06-21 10:13:06,561 [INFO] Update id=200744453 is not handled. Duration 54 ms by bot id=8813857960
2026-06-21 10:13:06,561 [INFO] Update id=200744454 is not handled. Duration 54 ms by bot id=8813857960
2026-06-21 10:13:06,561 [INFO] Update id=200744455 is not handled. Duration 54 ms by bot id=8813857960
2026-06-21 10:13:06,562 [INFO] Update id=200744456 is not handled. Duration 54 ms by bot id=8813857960
2026-06-21 10:13:06,562 [INFO] Update id=200744457 is not handled. Duration 54 ms by bot id=8813857960
2026-06-21 10:13:06,564 [INFO] Update id=200744458 is not handled. Duration 56 ms by bot id=8813857960
2026-06-21 10:13:06,564 [INFO] Update id=200744459 is not handled. Duration 56 ms by bot id=8813857960
2026-06-21 10:13:06,564 [INFO] Update id=200744460 is not handled. Duration 56 ms by bot id=8813857960
2026-06-21 10:13:06,564 [INFO] Update id=200744461 is not handled. Duration 56 ms by bot id=8813857960
2026-06-21 10:13:06,565 [INFO] Update id=200744462 is not handled. Duration 56 ms by bot id=8813857960
2026-06-21 10:13:06,565 [INFO] Update id=200744463 is not handled. Duration 56 ms by bot id=8813857960
2026-06-21 10:13:06,565 [INFO] Update id=200744464 is not handled. Duration 57 ms by bot id=8813857960
2026-06-21 10:13:06,565 [INFO] Update id=200744465 is not handled. Duration 57 ms by bot id=8813857960
2026-06-21 10:13:06,565 [INFO] Update id=200744466 is not handled. Duration 57 ms by bot id=8813857960
2026-06-21 10:13:06,566 [INFO] Update id=200744467 is not handled. Duration 57 ms by bot id=8813857960
2026-06-21 10:13:06,566 [INFO] Update id=200744468 is not handled. Duration 57 ms by bot id=8813857960
2026-06-21 10:13:06,566 [INFO] Update id=200744469 is not handled. Duration 57 ms by bot id=8813857960
2026-06-21 10:13:06,566 [INFO] Update id=200744470 is not handled. Duration 57 ms by bot id=8813857960
2026-06-21 10:13:06,566 [INFO] Update id=200744471 is not handled. Duration 57 ms by bot id=8813857960
2026-06-21 10:13:06,567 [INFO] Update id=200744472 is not handled. Duration 57 ms by bot id=8813857960
2026-06-21 10:13:06,729 [INFO] Update id=200744490 is not handled. Duration 47 ms by bot id=8813857960
2026-06-21 10:13:06,730 [INFO] Update id=200744477 is not handled. Duration 50 ms by bot id=8813857960
2026-06-21 10:13:06,731 [INFO] Update id=200744491 is not handled. Duration 49 ms by bot id=8813857960
2026-06-21 10:13:06,731 [INFO] Update id=200744492 is not handled. Duration 49 ms by bot id=8813857960
2026-06-21 10:13:06,731 [INFO] Update id=200744475 is not handled. Duration 52 ms by bot id=8813857960
2026-06-21 10:13:06,732 [INFO] Update id=200744493 is not handled. Duration 49 ms by bot id=8813857960
2026-06-21 10:13:06,732 [INFO] Update id=200744476 is not handled. Duration 52 ms by bot id=8813857960
2026-06-21 10:13:06,732 [INFO] Update id=200744482 is not handled. Duration 52 ms by bot id=8813857960
2026-06-21 10:13:06,733 [INFO] Update id=200744494 is not handled. Duration 50 ms by bot id=8813857960
2026-06-21 10:13:06,733 [INFO] Update id=200744487 is not handled. Duration 51 ms by bot id=8813857960
2026-06-21 10:13:06,733 [INFO] Update id=200744485 is not handled. Duration 52 ms by bot id=8813857960
2026-06-21 10:13:06,734 [INFO] Update id=200744495 is not handled. Duration 51 ms by bot id=8813857960
2026-06-21 10:13:06,734 [INFO] Update id=200744483 is not handled. Duration 53 ms by bot id=8813857960
2026-06-21 10:13:06,734 [INFO] Update id=200744479 is not handled. Duration 54 ms by bot id=8813857960
2026-06-21 10:13:06,734 [INFO] Update id=200744496 is not handled. Duration 52 ms by bot id=8813857960
2026-06-21 10:13:06,734 [INFO] Update id=200744478 is not handled. Duration 55 ms by bot id=8813857960
2026-06-21 10:13:06,735 [INFO] Update id=200744484 is not handled. Duration 54 ms by bot id=8813857960
2026-06-21 10:13:06,735 [INFO] Update id=200744497 is not handled. Duration 52 ms by bot id=8813857960
2026-06-21 10:13:06,735 [INFO] Update id=200744474 is not handled. Duration 56 ms by bot id=8813857960
2026-06-21 10:13:06,735 [INFO] Update id=200744498 is not handled. Duration 52 ms by bot id=8813857960
2026-06-21 10:13:06,736 [INFO] Update id=200744486 is not handled. Duration 54 ms by bot id=8813857960
2026-06-21 10:13:06,736 [INFO] Update id=200744499 is not handled. Duration 53 ms by bot id=8813857960
2026-06-21 10:13:06,736 [INFO] Update id=200744500 is not handled. Duration 53 ms by bot id=8813857960
2026-06-21 10:13:06,736 [INFO] Update id=200744501 is not handled. Duration 53 ms by bot id=8813857960
2026-06-21 10:13:06,736 [INFO] Update id=200744502 is not handled. Duration 53 ms by bot id=8813857960
2026-06-21 10:13:06,737 [INFO] Update id=200744503 is not handled. Duration 53 ms by bot id=8813857960
2026-06-21 10:13:06,737 [INFO] Update id=200744513 is not handled. Duration 52 ms by bot id=8813857960
2026-06-21 10:13:06,737 [INFO] Update id=200744480 is not handled. Duration 57 ms by bot id=8813857960
2026-06-21 10:13:06,738 [INFO] Update id=200744514 is not handled. Duration 52 ms by bot id=8813857960
2026-06-21 10:13:06,738 [INFO] Update id=200744515 is not handled. Duration 53 ms by bot id=8813857960
2026-06-21 10:13:06,738 [INFO] Update id=200744489 is not handled. Duration 56 ms by bot id=8813857960
2026-06-21 10:13:06,738 [INFO] Update id=200744516 is not handled. Duration 53 ms by bot id=8813857960
2026-06-21 10:13:06,738 [INFO] Update id=200744517 is not handled. Duration 53 ms by bot id=8813857960
2026-06-21 10:13:06,739 [INFO] Update id=200744518 is not handled. Duration 53 ms by bot id=8813857960
2026-06-21 10:13:06,739 [INFO] Update id=200744488 is not handled. Duration 57 ms by bot id=8813857960
2026-06-21 10:13:06,739 [INFO] Update id=200744519 is not handled. Duration 53 ms by bot id=8813857960
2026-06-21 10:13:06,739 [INFO] Update id=200744520 is not handled. Duration 53 ms by bot id=8813857960
2026-06-21 10:13:06,740 [INFO] Update id=200744521 is not handled. Duration 54 ms by bot id=8813857960
2026-06-21 10:13:06,740 [INFO] Update id=200744522 is not handled. Duration 54 ms by bot id=8813857960
2026-06-21 10:13:06,740 [INFO] Update id=200744523 is not handled. Duration 54 ms by bot id=8813857960
2026-06-21 10:13:06,740 [INFO] Update id=200744524 is not handled. Duration 54 ms by bot id=8813857960
2026-06-21 10:13:06,740 [INFO] Update id=200744525 is not handled. Duration 54 ms by bot id=8813857960
2026-06-21 10:13:06,741 [INFO] Update id=200744526 is not handled. Duration 54 ms by bot id=8813857960
2026-06-21 10:13:06,741 [INFO] Update id=200744527 is not handled. Duration 54 ms by bot id=8813857960
2026-06-21 10:13:06,741 [INFO] Update id=200744528 is not handled. Duration 54 ms by bot id=8813857960
2026-06-21 10:13:06,741 [INFO] Update id=200744529 is not handled. Duration 54 ms by bot id=8813857960
2026-06-21 10:13:06,741 [INFO] Update id=200744473 is not handled. Duration 62 ms by bot id=8813857960
2026-06-21 10:13:06,742 [INFO] Update id=200744504 is not handled. Duration 58 ms by bot id=8813857960
2026-06-21 10:13:06,742 [INFO] Update id=200744481 is not handled. Duration 61 ms by bot id=8813857960
2026-06-21 10:13:06,742 [INFO] Update id=200744506 is not handled. Duration 58 ms by bot id=8813857960
2026-06-21 10:13:06,742 [INFO] Update id=200744508 is not handled. Duration 58 ms by bot id=8813857960
2026-06-21 10:13:06,743 [INFO] Update id=200744510 is not handled. Duration 58 ms by bot id=8813857960
2026-06-21 10:13:06,743 [INFO] Update id=200744512 is not handled. Duration 58 ms by bot id=8813857960
2026-06-21 10:13:06,743 [INFO] Update id=200744505 is not handled. Duration 59 ms by bot id=8813857960
2026-06-21 10:13:06,743 [INFO] Update id=200744509 is not handled. Duration 59 ms by bot id=8813857960
2026-06-21 10:13:06,743 [INFO] Update id=200744511 is not handled. Duration 59 ms by bot id=8813857960
2026-06-21 10:13:06,744 [INFO] Update id=200744556 is not handled. Duration 48 ms by bot id=8813857960
2026-06-21 10:13:06,744 [INFO] Update id=200744557 is not handled. Duration 48 ms by bot id=8813857960
2026-06-21 10:13:06,744 [INFO] Update id=200744558 is not handled. Duration 48 ms by bot id=8813857960
2026-06-21 10:13:06,744 [INFO] Update id=200744559 is not handled. Duration 48 ms by bot id=8813857960
2026-06-21 10:13:06,744 [INFO] Update id=200744560 is not handled. Duration 48 ms by bot id=8813857960
2026-06-21 10:13:06,745 [INFO] Update id=200744561 is not handled. Duration 48 ms by bot id=8813857960
2026-06-21 10:13:06,745 [INFO] Update id=200744562 is not handled. Duration 48 ms by bot id=8813857960
2026-06-21 10:13:06,745 [INFO] Update id=200744563 is not handled. Duration 48 ms by bot id=8813857960
2026-06-21 10:13:06,745 [INFO] Update id=200744564 is not handled. Duration 48 ms by bot id=8813857960
2026-06-21 10:13:06,746 [INFO] Update id=200744565 is not handled. Duration 48 ms by bot id=8813857960
2026-06-21 10:13:06,746 [INFO] Update id=200744566 is not handled. Duration 48 ms by bot id=8813857960
2026-06-21 10:13:06,746 [INFO] Update id=200744567 is not handled. Duration 48 ms by bot id=8813857960
2026-06-21 10:13:06,746 [INFO] Update id=200744568 is not handled. Duration 48 ms by bot id=8813857960
2026-06-21 10:13:06,746 [INFO] Update id=200744569 is not handled. Duration 48 ms by bot id=8813857960
2026-06-21 10:13:06,747 [INFO] Update id=200744570 is not handled. Duration 49 ms by bot id=8813857960
2026-06-21 10:13:06,747 [INFO] Update id=200744542 is not handled. Duration 53 ms by bot id=8813857960
2026-06-21 10:13:06,747 [INFO] Update id=200744538 is not handled. Duration 53 ms by bot id=8813857960
2026-06-21 10:13:06,747 [INFO] Update id=200744543 is not handled. Duration 53 ms by bot id=8813857960
2026-06-21 10:13:06,747 [INFO] Update id=200744545 is not handled. Duration 53 ms by bot id=8813857960
2026-06-21 10:13:06,748 [INFO] Update id=200744546 is not handled. Duration 53 ms by bot id=8813857960
2026-06-21 10:13:06,750 [INFO] Update id=200744547 is not handled. Duration 55 ms by bot id=8813857960
2026-06-21 10:13:06,750 [INFO] Update id=200744549 is not handled. Duration 55 ms by bot id=8813857960
2026-06-21 10:13:06,750 [INFO] Update id=200744551 is not handled. Duration 55 ms by bot id=8813857960
2026-06-21 10:13:06,751 [INFO] Update id=200744537 is not handled. Duration 57 ms by bot id=8813857960
2026-06-21 10:13:06,751 [INFO] Update id=200744541 is not handled. Duration 57 ms by bot id=8813857960
2026-06-21 10:13:06,751 [INFO] Update id=200744553 is not handled. Duration 55 ms by bot id=8813857960
2026-06-21 10:13:06,751 [INFO] Update id=200744533 is not handled. Duration 62 ms by bot id=8813857960
2026-06-21 10:13:06,751 [INFO] Update id=200744554 is not handled. Duration 56 ms by bot id=8813857960
2026-06-21 10:13:06,752 [INFO] Update id=200744555 is not handled. Duration 56 ms by bot id=8813857960
2026-06-21 10:13:06,752 [INFO] Update id=200744530 is not handled. Duration 65 ms by bot id=8813857960
2026-06-21 10:13:06,752 [INFO] Update id=200744532 is not handled. Duration 63 ms by bot id=8813857960
2026-06-21 10:13:06,752 [INFO] Update id=200744534 is not handled. Duration 63 ms by bot id=8813857960
2026-06-21 10:13:06,752 [INFO] Update id=200744536 is not handled. Duration 59 ms by bot id=8813857960
2026-06-21 10:13:06,753 [INFO] Update id=200744552 is not handled. Duration 57 ms by bot id=8813857960
2026-06-21 10:13:06,753 [INFO] Update id=200744507 is not handled. Duration 69 ms by bot id=8813857960
2026-06-21 10:13:06,753 [INFO] Update id=200744531 is not handled. Duration 64 ms by bot id=8813857960
2026-06-21 10:13:06,753 [INFO] Update id=200744540 is not handled. Duration 59 ms by bot id=8813857960
2026-06-21 10:13:06,753 [INFO] Update id=200744535 is not handled. Duration 64 ms by bot id=8813857960
2026-06-21 10:13:06,754 [INFO] Update id=200744548 is not handled. Duration 59 ms by bot id=8813857960
2026-06-21 10:13:06,754 [INFO] Update id=200744550 is not handled. Duration 59 ms by bot id=8813857960
2026-06-21 10:13:06,754 [INFO] Update id=200744571 is not handled. Duration 56 ms by bot id=8813857960
2026-06-21 10:13:06,754 [INFO] Update id=200744572 is not handled. Duration 56 ms by bot id=8813857960
2026-06-21 10:13:06,755 [INFO] Update id=200744539 is not handled. Duration 61 ms by bot id=8813857960
2026-06-21 10:13:06,755 [INFO] Update id=200744544 is not handled. Duration 60 ms by bot id=8813857960
2026-06-21 10:13:06,988 [INFO] Update id=200744573 is not handled. Duration 58 ms by bot id=8813857960
2026-06-21 10:13:06,989 [INFO] Update id=200744574 is not handled. Duration 59 ms by bot id=8813857960
2026-06-21 10:13:06,991 [INFO] Update id=200744589 is not handled. Duration 59 ms by bot id=8813857960
2026-06-21 10:13:06,993 [INFO] Update id=200744575 is not handled. Duration 62 ms by bot id=8813857960
2026-06-21 10:13:06,994 [INFO] Update id=200744577 is not handled. Duration 63 ms by bot id=8813857960
2026-06-21 10:13:06,994 [INFO] Update id=200744590 is not handled. Duration 61 ms by bot id=8813857960
2026-06-21 10:13:06,995 [INFO] Update id=200744578 is not handled. Duration 63 ms by bot id=8813857960
2026-06-21 10:13:06,995 [INFO] Update id=200744579 is not handled. Duration 63 ms by bot id=8813857960
2026-06-21 10:13:06,995 [INFO] Update id=200744581 is not handled. Duration 64 ms by bot id=8813857960
2026-06-21 10:13:06,996 [INFO] Update id=200744591 is not handled. Duration 62 ms by bot id=8813857960
2026-06-21 10:13:06,996 [INFO] Update id=200744592 is not handled. Duration 62 ms by bot id=8813857960
2026-06-21 10:13:06,996 [INFO] Update id=200744582 is not handled. Duration 64 ms by bot id=8813857960
2026-06-21 10:13:06,997 [INFO] Update id=200744585 is not handled. Duration 64 ms by bot id=8813857960
2026-06-21 10:13:06,997 [INFO] Update id=200744593 is not handled. Duration 63 ms by bot id=8813857960
2026-06-21 10:13:06,997 [INFO] Update id=200744594 is not handled. Duration 63 ms by bot id=8813857960
2026-06-21 10:13:06,998 [INFO] Update id=200744586 is not handled. Duration 65 ms by bot id=8813857960
2026-06-21 10:13:06,998 [INFO] Update id=200744595 is not handled. Duration 64 ms by bot id=8813857960
2026-06-21 10:13:06,998 [INFO] Update id=200744596 is not handled. Duration 64 ms by bot id=8813857960
2026-06-21 10:13:06,998 [INFO] Update id=200744597 is not handled. Duration 64 ms by bot id=8813857960
2026-06-21 10:13:06,999 [INFO] Update id=200744580 is not handled. Duration 67 ms by bot id=8813857960
2026-06-21 10:13:06,999 [INFO] Update id=200744598 is not handled. Duration 64 ms by bot id=8813857960
2026-06-21 10:13:06,999 [INFO] Update id=200744599 is not handled. Duration 64 ms by bot id=8813857960
2026-06-21 10:13:06,999 [INFO] Update id=200744600 is not handled. Duration 65 ms by bot id=8813857960
2026-06-21 10:13:07,000 [INFO] Update id=200744601 is not handled. Duration 65 ms by bot id=8813857960
2026-06-21 10:13:07,000 [INFO] Update id=200744584 is not handled. Duration 68 ms by bot id=8813857960
2026-06-21 10:13:07,000 [INFO] Update id=200744602 is not handled. Duration 65 ms by bot id=8813857960
2026-06-21 10:13:07,001 [INFO] Update id=200744603 is not handled. Duration 65 ms by bot id=8813857960
2026-06-21 10:13:07,001 [INFO] Update id=200744587 is not handled. Duration 68 ms by bot id=8813857960
2026-06-21 10:13:07,001 [INFO] Update id=200744604 is not handled. Duration 66 ms by bot id=8813857960
2026-06-21 10:13:07,001 [INFO] Update id=200744605 is not handled. Duration 66 ms by bot id=8813857960
2026-06-21 10:13:07,001 [INFO] Update id=200744606 is not handled. Duration 66 ms by bot id=8813857960
2026-06-21 10:13:07,002 [INFO] Update id=200744607 is not handled. Duration 66 ms by bot id=8813857960
2026-06-21 10:13:07,002 [INFO] Update id=200744608 is not handled. Duration 66 ms by bot id=8813857960
2026-06-21 10:13:07,002 [INFO] Update id=200744609 is not handled. Duration 66 ms by bot id=8813857960
2026-06-21 10:13:07,002 [INFO] Update id=200744583 is not handled. Duration 70 ms by bot id=8813857960
2026-06-21 10:13:07,002 [INFO] Update id=200744610 is not handled. Duration 66 ms by bot id=8813857960
2026-06-21 10:13:07,003 [INFO] Update id=200744588 is not handled. Duration 70 ms by bot id=8813857960
2026-06-21 10:13:07,003 [INFO] Update id=200744611 is not handled. Duration 67 ms by bot id=8813857960
2026-06-21 10:13:07,003 [INFO] Update id=200744612 is not handled. Duration 67 ms by bot id=8813857960
2026-06-21 10:13:07,003 [INFO] Update id=200744613 is not handled. Duration 67 ms by bot id=8813857960
2026-06-21 10:13:07,004 [INFO] Update id=200744614 is not handled. Duration 67 ms by bot id=8813857960
2026-06-21 10:13:07,004 [INFO] Update id=200744615 is not handled. Duration 67 ms by bot id=8813857960
2026-06-21 10:13:07,004 [INFO] Update id=200744576 is not handled. Duration 73 ms by bot id=8813857960
2026-06-21 10:13:07,004 [INFO] Update id=200744616 is not handled. Duration 67 ms by bot id=8813857960
2026-06-21 10:13:07,004 [INFO] Update id=200744617 is not handled. Duration 67 ms by bot id=8813857960
2026-06-21 10:13:07,005 [INFO] Update id=200744618 is not handled. Duration 67 ms by bot id=8813857960
2026-06-21 10:13:07,005 [INFO] Update id=200744619 is not handled. Duration 67 ms by bot id=8813857960
2026-06-21 10:13:07,005 [INFO] Update id=200744620 is not handled. Duration 67 ms by bot id=8813857960
2026-06-21 10:13:07,005 [INFO] Update id=200744621 is not handled. Duration 67 ms by bot id=8813857960
2026-06-21 10:13:07,006 [INFO] Update id=200744622 is not handled. Duration 68 ms by bot id=8813857960
2026-06-21 10:13:07,006 [INFO] Update id=200744623 is not handled. Duration 68 ms by bot id=8813857960
2026-06-21 10:13:07,006 [INFO] Update id=200744624 is not handled. Duration 68 ms by bot id=8813857960
2026-06-21 10:13:07,006 [INFO] Update id=200744625 is not handled. Duration 68 ms by bot id=8813857960
2026-06-21 10:13:07,006 [INFO] Update id=200744626 is not handled. Duration 68 ms by bot id=8813857960
2026-06-21 10:13:07,007 [INFO] Update id=200744627 is not handled. Duration 68 ms by bot id=8813857960
2026-06-21 10:13:07,007 [INFO] Update id=200744628 is not handled. Duration 68 ms by bot id=8813857960
2026-06-21 10:13:07,007 [INFO] Update id=200744629 is not handled. Duration 68 ms by bot id=8813857960
2026-06-21 10:13:07,007 [INFO] Update id=200744630 is not handled. Duration 68 ms by bot id=8813857960
2026-06-21 10:13:07,008 [INFO] Update id=200744631 is not handled. Duration 68 ms by bot id=8813857960
2026-06-21 10:13:07,008 [INFO] Update id=200744632 is not handled. Duration 68 ms by bot id=8813857960
2026-06-21 10:13:07,008 [INFO] Update id=200744633 is not handled. Duration 69 ms by bot id=8813857960
2026-06-21 10:13:07,008 [INFO] Update id=200744634 is not handled. Duration 69 ms by bot id=8813857960
2026-06-21 10:13:07,008 [INFO] Update id=200744635 is not handled. Duration 69 ms by bot id=8813857960
2026-06-21 10:13:07,009 [INFO] Update id=200744636 is not handled. Duration 69 ms by bot id=8813857960
2026-06-21 10:13:07,009 [INFO] Update id=200744637 is not handled. Duration 69 ms by bot id=8813857960
2026-06-21 10:13:07,009 [INFO] Update id=200744638 is not handled. Duration 69 ms by bot id=8813857960
2026-06-21 10:13:07,009 [INFO] Update id=200744639 is not handled. Duration 69 ms by bot id=8813857960
2026-06-21 10:13:07,009 [INFO] Update id=200744640 is not handled. Duration 69 ms by bot id=8813857960
2026-06-21 10:13:07,010 [INFO] Update id=200744641 is not handled. Duration 69 ms by bot id=8813857960
2026-06-21 10:13:07,013 [INFO] Update id=200744642 is not handled. Duration 72 ms by bot id=8813857960
2026-06-21 10:13:07,013 [INFO] Update id=200744643 is not handled. Duration 72 ms by bot id=8813857960
2026-06-21 10:13:07,013 [INFO] Update id=200744644 is not handled. Duration 72 ms by bot id=8813857960
2026-06-21 10:13:07,013 [INFO] Update id=200744645 is not handled. Duration 72 ms by bot id=8813857960
2026-06-21 10:13:07,014 [INFO] Update id=200744646 is not handled. Duration 72 ms by bot id=8813857960
2026-06-21 10:13:07,014 [INFO] Update id=200744647 is not handled. Duration 72 ms by bot id=8813857960
2026-06-21 10:13:07,014 [INFO] Update id=200744648 is not handled. Duration 72 ms by bot id=8813857960
2026-06-21 10:13:07,014 [INFO] Update id=200744649 is not handled. Duration 72 ms by bot id=8813857960
2026-06-21 10:13:07,014 [INFO] Update id=200744650 is not handled. Duration 72 ms by bot id=8813857960
2026-06-21 10:13:07,015 [INFO] Update id=200744651 is not handled. Duration 72 ms by bot id=8813857960
2026-06-21 10:13:07,015 [INFO] Update id=200744652 is not handled. Duration 73 ms by bot id=8813857960
2026-06-21 10:13:07,015 [INFO] Update id=200744653 is not handled. Duration 73 ms by bot id=8813857960
2026-06-21 10:13:07,015 [INFO] Update id=200744654 is not handled. Duration 73 ms by bot id=8813857960
2026-06-21 10:13:07,015 [INFO] Update id=200744655 is not handled. Duration 73 ms by bot id=8813857960
2026-06-21 10:13:07,016 [INFO] Update id=200744656 is not handled. Duration 73 ms by bot id=8813857960
2026-06-21 10:13:07,016 [INFO] Update id=200744657 is not handled. Duration 73 ms by bot id=8813857960
2026-06-21 10:13:07,016 [INFO] Update id=200744658 is not handled. Duration 73 ms by bot id=8813857960
2026-06-21 10:13:07,016 [INFO] Update id=200744659 is not handled. Duration 73 ms by bot id=8813857960
2026-06-21 10:13:07,017 [INFO] Update id=200744660 is not handled. Duration 73 ms by bot id=8813857960
2026-06-21 10:13:07,017 [INFO] Update id=200744661 is not handled. Duration 73 ms by bot id=8813857960
2026-06-21 10:13:07,017 [INFO] Update id=200744662 is not handled. Duration 73 ms by bot id=8813857960
2026-06-21 10:13:07,017 [INFO] Update id=200744663 is not handled. Duration 73 ms by bot id=8813857960
2026-06-21 10:13:07,017 [INFO] Update id=200744664 is not handled. Duration 73 ms by bot id=8813857960
2026-06-21 10:13:07,018 [INFO] Update id=200744665 is not handled. Duration 73 ms by bot id=8813857960
2026-06-21 10:13:07,018 [INFO] Update id=200744666 is not handled. Duration 73 ms by bot id=8813857960
2026-06-21 10:13:07,018 [INFO] Update id=200744667 is not handled. Duration 73 ms by bot id=8813857960
2026-06-21 10:13:07,018 [INFO] Update id=200744668 is not handled. Duration 74 ms by bot id=8813857960
2026-06-21 10:13:07,018 [INFO] Update id=200744669 is not handled. Duration 74 ms by bot id=8813857960
2026-06-21 10:13:07,019 [INFO] Update id=200744670 is not handled. Duration 73 ms by bot id=8813857960
2026-06-21 10:13:07,019 [INFO] Update id=200744671 is not handled. Duration 73 ms by bot id=8813857960
2026-06-21 10:13:07,019 [INFO] Update id=200744672 is not handled. Duration 73 ms by bot id=8813857960
2026-06-21 10:13:07,182 [INFO] Update id=200744673 is not handled. Duration 50 ms by bot id=8813857960
2026-06-21 10:13:07,183 [INFO] Update id=200744674 is not handled. Duration 51 ms by bot id=8813857960
2026-06-21 10:13:07,184 [INFO] Update id=200744689 is not handled. Duration 49 ms by bot id=8813857960
2026-06-21 10:13:07,184 [INFO] Update id=200744676 is not handled. Duration 51 ms by bot id=8813857960
2026-06-21 10:13:07,185 [INFO] Update id=200744690 is not handled. Duration 49 ms by bot id=8813857960
2026-06-21 10:13:07,185 [INFO] Update id=200744677 is not handled. Duration 52 ms by bot id=8813857960
2026-06-21 10:13:07,185 [INFO] Update id=200744679 is not handled. Duration 52 ms by bot id=8813857960
2026-06-21 10:13:07,185 [INFO] Update id=200744680 is not handled. Duration 52 ms by bot id=8813857960
2026-06-21 10:13:07,185 [INFO] Update id=200744681 is not handled. Duration 52 ms by bot id=8813857960
2026-06-21 10:13:07,186 [INFO] Update id=200744682 is not handled. Duration 52 ms by bot id=8813857960
2026-06-21 10:13:07,186 [INFO] Update id=200744691 is not handled. Duration 51 ms by bot id=8813857960
2026-06-21 10:13:07,186 [INFO] Update id=200744692 is not handled. Duration 51 ms by bot id=8813857960
2026-06-21 10:13:07,186 [INFO] Update id=200744693 is not handled. Duration 51 ms by bot id=8813857960
2026-06-21 10:13:07,186 [INFO] Update id=200744686 is not handled. Duration 52 ms by bot id=8813857960
2026-06-21 10:13:07,187 [INFO] Update id=200744685 is not handled. Duration 53 ms by bot id=8813857960
2026-06-21 10:13:07,187 [INFO] Update id=200744688 is not handled. Duration 52 ms by bot id=8813857960
2026-06-21 10:13:07,188 [INFO] Update id=200744683 is not handled. Duration 54 ms by bot id=8813857960
2026-06-21 10:13:07,188 [INFO] Update id=200744694 is not handled. Duration 52 ms by bot id=8813857960
2026-06-21 10:13:07,188 [INFO] Update id=200744684 is not handled. Duration 54 ms by bot id=8813857960
2026-06-21 10:13:07,188 [INFO] Update id=200744695 is not handled. Duration 52 ms by bot id=8813857960
2026-06-21 10:13:07,188 [INFO] Update id=200744696 is not handled. Duration 52 ms by bot id=8813857960
2026-06-21 10:13:07,189 [INFO] Update id=200744697 is not handled. Duration 53 ms by bot id=8813857960
2026-06-21 10:13:07,189 [INFO] Update id=200744687 is not handled. Duration 54 ms by bot id=8813857960
2026-06-21 10:13:07,189 [INFO] Update id=200744698 is not handled. Duration 53 ms by bot id=8813857960
2026-06-21 10:13:07,189 [INFO] Update id=200744699 is not handled. Duration 53 ms by bot id=8813857960
2026-06-21 10:13:07,189 [INFO] Update id=200744700 is not handled. Duration 53 ms by bot id=8813857960
2026-06-21 10:13:07,190 [INFO] Update id=200744701 is not handled. Duration 53 ms by bot id=8813857960
2026-06-21 10:13:07,190 [INFO] Update id=200744702 is not handled. Duration 53 ms by bot id=8813857960
2026-06-21 10:13:07,190 [INFO] Update id=200744703 is not handled. Duration 53 ms by bot id=8813857960
2026-06-21 10:13:07,190 [INFO] Update id=200744704 is not handled. Duration 53 ms by bot id=8813857960
2026-06-21 10:13:07,191 [INFO] Update id=200744705 is not handled. Duration 53 ms by bot id=8813857960
2026-06-21 10:13:07,191 [INFO] Update id=200744706 is not handled. Duration 54 ms by bot id=8813857960
2026-06-21 10:13:07,191 [INFO] Update id=200744707 is not handled. Duration 54 ms by bot id=8813857960
2026-06-21 10:13:07,191 [INFO] Update id=200744708 is not handled. Duration 54 ms by bot id=8813857960
2026-06-21 10:13:07,191 [INFO] Update id=200744709 is not handled. Duration 54 ms by bot id=8813857960
2026-06-21 10:13:07,192 [INFO] Update id=200744710 is not handled. Duration 54 ms by bot id=8813857960
2026-06-21 10:13:07,192 [INFO] Update id=200744711 is not handled. Duration 54 ms by bot id=8813857960
2026-06-21 10:13:07,192 [INFO] Update id=200744712 is not handled. Duration 54 ms by bot id=8813857960
2026-06-21 10:13:07,192 [INFO] Update id=200744713 is not handled. Duration 54 ms by bot id=8813857960
2026-06-21 10:13:07,192 [INFO] Update id=200744714 is not handled. Duration 54 ms by bot id=8813857960
2026-06-21 10:13:07,193 [INFO] Update id=200744715 is not handled. Duration 54 ms by bot id=8813857960
2026-06-21 10:13:07,193 [INFO] Update id=200744678 is not handled. Duration 60 ms by bot id=8813857960
2026-06-21 10:13:07,193 [INFO] Update id=200744716 is not handled. Duration 54 ms by bot id=8813857960
2026-06-21 10:13:07,193 [INFO] Update id=200744717 is not handled. Duration 54 ms by bot id=8813857960
2026-06-21 10:13:07,194 [INFO] Update id=200744718 is not handled. Duration 55 ms by bot id=8813857960
2026-06-21 10:13:07,194 [INFO] Update id=200744719 is not handled. Duration 55 ms by bot id=8813857960
2026-06-21 10:13:07,194 [INFO] Update id=200744720 is not handled. Duration 55 ms by bot id=8813857960
2026-06-21 10:13:07,194 [INFO] Update id=200744721 is not handled. Duration 55 ms by bot id=8813857960
2026-06-21 10:13:07,194 [INFO] Update id=200744722 is not handled. Duration 55 ms by bot id=8813857960
2026-06-21 10:13:07,195 [INFO] Update id=200744723 is not handled. Duration 55 ms by bot id=8813857960
2026-06-21 10:13:07,195 [INFO] Update id=200744724 is not handled. Duration 55 ms by bot id=8813857960
2026-06-21 10:13:07,195 [INFO] Update id=200744725 is not handled. Duration 55 ms by bot id=8813857960
2026-06-21 10:13:07,195 [INFO] Update id=200744726 is not handled. Duration 55 ms by bot id=8813857960
2026-06-21 10:13:07,195 [INFO] Update id=200744727 is not handled. Duration 55 ms by bot id=8813857960
2026-06-21 10:13:07,196 [INFO] Update id=200744728 is not handled. Duration 55 ms by bot id=8813857960
2026-06-21 10:13:07,196 [INFO] Update id=200744729 is not handled. Duration 55 ms by bot id=8813857960
2026-06-21 10:13:07,196 [INFO] Update id=200744730 is not handled. Duration 56 ms by bot id=8813857960
2026-06-21 10:13:07,196 [INFO] Update id=200744731 is not handled. Duration 56 ms by bot id=8813857960
2026-06-21 10:13:07,197 [INFO] Update id=200744675 is not handled. Duration 64 ms by bot id=8813857960
2026-06-21 10:13:07,197 [INFO] Update id=200744732 is not handled. Duration 56 ms by bot id=8813857960
2026-06-21 10:13:07,199 [INFO] Update id=200744733 is not handled. Duration 58 ms by bot id=8813857960
2026-06-21 10:13:07,199 [INFO] Update id=200744734 is not handled. Duration 58 ms by bot id=8813857960
2026-06-21 10:13:07,199 [INFO] Update id=200744735 is not handled. Duration 58 ms by bot id=8813857960
2026-06-21 10:13:07,199 [INFO] Update id=200744736 is not handled. Duration 58 ms by bot id=8813857960
2026-06-21 10:13:07,200 [INFO] Update id=200744737 is not handled. Duration 58 ms by bot id=8813857960
2026-06-21 10:13:07,200 [INFO] Update id=200744738 is not handled. Duration 58 ms by bot id=8813857960
2026-06-21 10:13:07,200 [INFO] Update id=200744739 is not handled. Duration 58 ms by bot id=8813857960
2026-06-21 10:13:07,200 [INFO] Update id=200744740 is not handled. Duration 59 ms by bot id=8813857960
2026-06-21 10:13:07,201 [INFO] Update id=200744741 is not handled. Duration 59 ms by bot id=8813857960
2026-06-21 10:13:07,201 [INFO] Update id=200744742 is not handled. Duration 59 ms by bot id=8813857960
2026-06-21 10:13:07,201 [INFO] Update id=200744743 is not handled. Duration 59 ms by bot id=8813857960
2026-06-21 10:13:07,201 [INFO] Update id=200744744 is not handled. Duration 55 ms by bot id=8813857960
2026-06-21 10:13:07,201 [INFO] Update id=200744745 is not handled. Duration 56 ms by bot id=8813857960
2026-06-21 10:13:07,202 [INFO] Update id=200744746 is not handled. Duration 56 ms by bot id=8813857960
2026-06-21 10:13:07,202 [INFO] Update id=200744747 is not handled. Duration 56 ms by bot id=8813857960
2026-06-21 10:13:07,202 [INFO] Update id=200744748 is not handled. Duration 56 ms by bot id=8813857960
2026-06-21 10:13:07,202 [INFO] Update id=200744749 is not handled. Duration 56 ms by bot id=8813857960
2026-06-21 10:13:07,202 [INFO] Update id=200744750 is not handled. Duration 56 ms by bot id=8813857960
2026-06-21 10:13:07,203 [INFO] Update id=200744751 is not handled. Duration 56 ms by bot id=8813857960
2026-06-21 10:13:07,203 [INFO] Update id=200744752 is not handled. Duration 56 ms by bot id=8813857960
2026-06-21 10:13:07,203 [INFO] Update id=200744753 is not handled. Duration 56 ms by bot id=8813857960
2026-06-21 10:13:07,203 [INFO] Update id=200744754 is not handled. Duration 56 ms by bot id=8813857960
2026-06-21 10:13:07,204 [INFO] Update id=200744755 is not handled. Duration 56 ms by bot id=8813857960
2026-06-21 10:13:07,204 [INFO] Update id=200744756 is not handled. Duration 57 ms by bot id=8813857960
2026-06-21 10:13:07,204 [INFO] Update id=200744757 is not handled. Duration 57 ms by bot id=8813857960
2026-06-21 10:13:07,204 [INFO] Update id=200744758 is not handled. Duration 57 ms by bot id=8813857960
2026-06-21 10:13:07,205 [INFO] Update id=200744759 is not handled. Duration 57 ms by bot id=8813857960
2026-06-21 10:13:07,205 [INFO] Update id=200744760 is not handled. Duration 57 ms by bot id=8813857960
2026-06-21 10:13:07,205 [INFO] Update id=200744761 is not handled. Duration 57 ms by bot id=8813857960
2026-06-21 10:13:07,205 [INFO] Update id=200744762 is not handled. Duration 57 ms by bot id=8813857960
2026-06-21 10:13:07,205 [INFO] Update id=200744763 is not handled. Duration 57 ms by bot id=8813857960
2026-06-21 10:13:07,206 [INFO] Update id=200744764 is not handled. Duration 57 ms by bot id=8813857960
2026-06-21 10:13:07,206 [INFO] Update id=200744765 is not handled. Duration 57 ms by bot id=8813857960
2026-06-21 10:13:07,206 [INFO] Update id=200744766 is not handled. Duration 57 ms by bot id=8813857960
2026-06-21 10:13:07,206 [INFO] Update id=200744767 is not handled. Duration 58 ms by bot id=8813857960
2026-06-21 10:13:07,206 [INFO] Update id=200744768 is not handled. Duration 58 ms by bot id=8813857960
2026-06-21 10:13:07,207 [INFO] Update id=200744769 is not handled. Duration 58 ms by bot id=8813857960
2026-06-21 10:13:07,207 [INFO] Update id=200744770 is not handled. Duration 58 ms by bot id=8813857960
2026-06-21 10:13:07,207 [INFO] Update id=200744771 is not handled. Duration 58 ms by bot id=8813857960
2026-06-21 10:13:07,207 [INFO] Update id=200744772 is not handled. Duration 58 ms by bot id=8813857960
2026-06-21 10:13:07,405 [INFO] Update id=200744783 is not handled. Duration 48 ms by bot id=8813857960
2026-06-21 10:13:07,405 [INFO] Update id=200744775 is not handled. Duration 50 ms by bot id=8813857960
2026-06-21 10:13:07,406 [INFO] Update id=200744789 is not handled. Duration 49 ms by bot id=8813857960
2026-06-21 10:13:07,406 [INFO] Update id=200744790 is not handled. Duration 49 ms by bot id=8813857960
2026-06-21 10:13:07,406 [INFO] Update id=200744791 is not handled. Duration 49 ms by bot id=8813857960
2026-06-21 10:13:07,407 [INFO] Update id=200744776 is not handled. Duration 51 ms by bot id=8813857960
2026-06-21 10:13:07,407 [INFO] Update id=200744785 is not handled. Duration 50 ms by bot id=8813857960
2026-06-21 10:13:07,407 [INFO] Update id=200744792 is not handled. Duration 49 ms by bot id=8813857960
2026-06-21 10:13:07,407 [INFO] Update id=200744793 is not handled. Duration 49 ms by bot id=8813857960
2026-06-21 10:13:07,407 [INFO] Update id=200744781 is not handled. Duration 51 ms by bot id=8813857960
2026-06-21 10:13:07,408 [INFO] Update id=200744773 is not handled. Duration 53 ms by bot id=8813857960
2026-06-21 10:13:07,408 [INFO] Update id=200744794 is not handled. Duration 50 ms by bot id=8813857960
2026-06-21 10:13:07,408 [INFO] Update id=200744795 is not handled. Duration 50 ms by bot id=8813857960
2026-06-21 10:13:07,408 [INFO] Update id=200744780 is not handled. Duration 52 ms by bot id=8813857960
2026-06-21 10:13:07,409 [INFO] Update id=200744796 is not handled. Duration 50 ms by bot id=8813857960
2026-06-21 10:13:07,409 [INFO] Update id=200744774 is not handled. Duration 54 ms by bot id=8813857960
2026-06-21 10:13:07,409 [INFO] Update id=200744777 is not handled. Duration 53 ms by bot id=8813857960
2026-06-21 10:13:07,409 [INFO] Update id=200744797 is not handled. Duration 51 ms by bot id=8813857960
2026-06-21 10:13:07,409 [INFO] Update id=200744798 is not handled. Duration 51 ms by bot id=8813857960
2026-06-21 10:13:07,410 [INFO] Update id=200744799 is not handled. Duration 51 ms by bot id=8813857960
2026-06-21 10:13:07,410 [INFO] Update id=200744800 is not handled. Duration 51 ms by bot id=8813857960
2026-06-21 10:13:07,410 [INFO] Update id=200744801 is not handled. Duration 51 ms by bot id=8813857960
2026-06-21 10:13:07,410 [INFO] Update id=200744786 is not handled. Duration 53 ms by bot id=8813857960
2026-06-21 10:13:07,411 [INFO] Update id=200744782 is not handled. Duration 54 ms by bot id=8813857960
2026-06-21 10:13:07,411 [INFO] Update id=200744802 is not handled. Duration 52 ms by bot id=8813857960
2026-06-21 10:13:07,411 [INFO] Update id=200744778 is not handled. Duration 55 ms by bot id=8813857960
2026-06-21 10:13:07,411 [INFO] Update id=200744788 is not handled. Duration 54 ms by bot id=8813857960
2026-06-21 10:13:07,411 [INFO] Update id=200744784 is not handled. Duration 55 ms by bot id=8813857960
2026-06-21 10:13:07,412 [INFO] Update id=200744803 is not handled. Duration 52 ms by bot id=8813857960
2026-06-21 10:13:07,412 [INFO] Update id=200744804 is not handled. Duration 52 ms by bot id=8813857960
2026-06-21 10:13:07,412 [INFO] Update id=200744805 is not handled. Duration 53 ms by bot id=8813857960
2026-06-21 10:13:07,412 [INFO] Update id=200744806 is not handled. Duration 53 ms by bot id=8813857960
2026-06-21 10:13:07,413 [INFO] Update id=200744807 is not handled. Duration 53 ms by bot id=8813857960
2026-06-21 10:13:07,413 [INFO] Update id=200744808 is not handled. Duration 53 ms by bot id=8813857960
2026-06-21 10:13:07,413 [INFO] Update id=200744809 is not handled. Duration 53 ms by bot id=8813857960
2026-06-21 10:13:07,413 [INFO] Update id=200744810 is not handled. Duration 53 ms by bot id=8813857960
2026-06-21 10:13:07,414 [INFO] Update id=200744811 is not handled. Duration 53 ms by bot id=8813857960
2026-06-21 10:13:07,414 [INFO] Update id=200744812 is not handled. Duration 53 ms by bot id=8813857960
2026-06-21 10:13:07,414 [INFO] Update id=200744814 is not handled. Duration 53 ms by bot id=8813857960
2026-06-21 10:13:07,414 [INFO] Update id=200744815 is not handled. Duration 53 ms by bot id=8813857960
2026-06-21 10:13:07,414 [INFO] Update id=200744816 is not handled. Duration 53 ms by bot id=8813857960
2026-06-21 10:13:07,415 [INFO] Update id=200744817 is not handled. Duration 53 ms by bot id=8813857960
2026-06-21 10:13:07,415 [INFO] Update id=200744818 is not handled. Duration 53 ms by bot id=8813857960
2026-06-21 10:13:07,415 [INFO] Update id=200744819 is not handled. Duration 53 ms by bot id=8813857960
2026-06-21 10:13:07,415 [INFO] Update id=200744820 is not handled. Duration 54 ms by bot id=8813857960
2026-06-21 10:13:07,415 [INFO] Update id=200744821 is not handled. Duration 54 ms by bot id=8813857960
2026-06-21 10:13:07,416 [INFO] Update id=200744822 is not handled. Duration 54 ms by bot id=8813857960
2026-06-21 10:13:07,416 [INFO] Update id=200744823 is not handled. Duration 54 ms by bot id=8813857960
2026-06-21 10:13:07,416 [INFO] Update id=200744836 is not handled. Duration 52 ms by bot id=8813857960
2026-06-21 10:13:07,416 [INFO] Update id=200744837 is not handled. Duration 52 ms by bot id=8813857960
2026-06-21 10:13:07,417 [INFO] Update id=200744838 is not handled. Duration 52 ms by bot id=8813857960
2026-06-21 10:13:07,417 [INFO] Update id=200744839 is not handled. Duration 52 ms by bot id=8813857960
2026-06-21 10:13:07,417 [INFO] Update id=200744824 is not handled. Duration 55 ms by bot id=8813857960
2026-06-21 10:13:07,417 [INFO] Update id=200744825 is not handled. Duration 55 ms by bot id=8813857960
2026-06-21 10:13:07,417 [INFO] Update id=200744826 is not handled. Duration 55 ms by bot id=8813857960
2026-06-21 10:13:07,418 [INFO] Update id=200744827 is not handled. Duration 55 ms by bot id=8813857960
2026-06-21 10:13:07,418 [INFO] Update id=200744828 is not handled. Duration 55 ms by bot id=8813857960
2026-06-21 10:13:07,418 [INFO] Update id=200744829 is not handled. Duration 55 ms by bot id=8813857960
2026-06-21 10:13:07,418 [INFO] Update id=200744830 is not handled. Duration 55 ms by bot id=8813857960
2026-06-21 10:13:07,419 [INFO] Update id=200744831 is not handled. Duration 55 ms by bot id=8813857960
2026-06-21 10:13:07,419 [INFO] Update id=200744832 is not handled. Duration 55 ms by bot id=8813857960
2026-06-21 10:13:07,419 [INFO] Update id=200744833 is not handled. Duration 55 ms by bot id=8813857960
2026-06-21 10:13:07,419 [INFO] Update id=200744834 is not handled. Duration 55 ms by bot id=8813857960
2026-06-21 10:13:07,419 [INFO] Update id=200744835 is not handled. Duration 56 ms by bot id=8813857960
2026-06-21 10:13:07,420 [INFO] Update id=200744853 is not handled. Duration 54 ms by bot id=8813857960
2026-06-21 10:13:07,420 [INFO] Update id=200744840 is not handled. Duration 55 ms by bot id=8813857960
2026-06-21 10:13:07,420 [INFO] Update id=200744779 is not handled. Duration 64 ms by bot id=8813857960
2026-06-21 10:13:07,420 [INFO] Update id=200744841 is not handled. Duration 56 ms by bot id=8813857960
2026-06-21 10:13:07,420 [INFO] Update id=200744842 is not handled. Duration 56 ms by bot id=8813857960
2026-06-21 10:13:07,421 [INFO] Update id=200744843 is not handled. Duration 56 ms by bot id=8813857960
2026-06-21 10:13:07,421 [INFO] Update id=200744844 is not handled. Duration 56 ms by bot id=8813857960
2026-06-21 10:13:07,421 [INFO] Update id=200744787 is not handled. Duration 64 ms by bot id=8813857960
2026-06-21 10:13:07,421 [INFO] Update id=200744845 is not handled. Duration 56 ms by bot id=8813857960
2026-06-21 10:13:07,422 [INFO] Update id=200744846 is not handled. Duration 56 ms by bot id=8813857960
2026-06-21 10:13:07,422 [INFO] Update id=200744847 is not handled. Duration 56 ms by bot id=8813857960
2026-06-21 10:13:07,422 [INFO] Update id=200744848 is not handled. Duration 56 ms by bot id=8813857960
2026-06-21 10:13:07,422 [INFO] Update id=200744849 is not handled. Duration 57 ms by bot id=8813857960
2026-06-21 10:13:07,422 [INFO] Update id=200744850 is not handled. Duration 57 ms by bot id=8813857960
2026-06-21 10:13:07,423 [INFO] Update id=200744851 is not handled. Duration 57 ms by bot id=8813857960
2026-06-21 10:13:07,423 [INFO] Update id=200744852 is not handled. Duration 57 ms by bot id=8813857960
2026-06-21 10:13:07,423 [INFO] Update id=200744854 is not handled. Duration 57 ms by bot id=8813857960
2026-06-21 10:13:07,423 [INFO] Update id=200744855 is not handled. Duration 57 ms by bot id=8813857960
2026-06-21 10:13:07,424 [INFO] Update id=200744856 is not handled. Duration 57 ms by bot id=8813857960
2026-06-21 10:13:07,424 [INFO] Update id=200744857 is not handled. Duration 57 ms by bot id=8813857960
2026-06-21 10:13:07,424 [INFO] Update id=200744858 is not handled. Duration 57 ms by bot id=8813857960
2026-06-21 10:13:07,424 [INFO] Update id=200744859 is not handled. Duration 57 ms by bot id=8813857960
2026-06-21 10:13:07,424 [INFO] Update id=200744860 is not handled. Duration 57 ms by bot id=8813857960
2026-06-21 10:13:07,425 [INFO] Update id=200744861 is not handled. Duration 57 ms by bot id=8813857960
2026-06-21 10:13:07,425 [INFO] Update id=200744862 is not handled. Duration 57 ms by bot id=8813857960
2026-06-21 10:13:07,425 [INFO] Update id=200744863 is not handled. Duration 57 ms by bot id=8813857960
2026-06-21 10:13:07,425 [INFO] Update id=200744864 is not handled. Duration 57 ms by bot id=8813857960
2026-06-21 10:13:07,425 [INFO] Update id=200744865 is not handled. Duration 57 ms by bot id=8813857960
2026-06-21 10:13:07,426 [INFO] Update id=200744866 is not handled. Duration 57 ms by bot id=8813857960
2026-06-21 10:13:07,426 [INFO] Update id=200744867 is not handled. Duration 57 ms by bot id=8813857960
2026-06-21 10:13:07,426 [INFO] Update id=200744868 is not handled. Duration 57 ms by bot id=8813857960
2026-06-21 10:13:07,426 [INFO] Update id=200744869 is not handled. Duration 58 ms by bot id=8813857960
2026-06-21 10:13:07,427 [INFO] Update id=200744870 is not handled. Duration 58 ms by bot id=8813857960
2026-06-21 10:13:07,427 [INFO] Update id=200744871 is not handled. Duration 58 ms by bot id=8813857960
2026-06-21 10:13:07,427 [INFO] Update id=200744872 is not handled. Duration 58 ms by bot id=8813857960
2026-06-21 10:13:07,589 [INFO] Update id=200744882 is not handled. Duration 50 ms by bot id=8813857960
2026-06-21 10:13:07,590 [INFO] Update id=200744881 is not handled. Duration 51 ms by bot id=8813857960
2026-06-21 10:13:07,591 [INFO] Update id=200744883 is not handled. Duration 51 ms by bot id=8813857960
2026-06-21 10:13:07,592 [INFO] Update id=200744889 is not handled. Duration 51 ms by bot id=8813857960
2026-06-21 10:13:07,592 [INFO] Update id=200744890 is not handled. Duration 51 ms by bot id=8813857960
2026-06-21 10:13:07,592 [INFO] Update id=200744877 is not handled. Duration 53 ms by bot id=8813857960
2026-06-21 10:13:07,592 [INFO] Update id=200744887 is not handled. Duration 52 ms by bot id=8813857960
2026-06-21 10:13:07,592 [INFO] Update id=200744876 is not handled. Duration 54 ms by bot id=8813857960
2026-06-21 10:13:07,593 [INFO] Update id=200744875 is not handled. Duration 54 ms by bot id=8813857960
2026-06-21 10:13:07,593 [INFO] Update id=200744878 is not handled. Duration 54 ms by bot id=8813857960
2026-06-21 10:13:07,594 [INFO] Update id=200744873 is not handled. Duration 56 ms by bot id=8813857960
2026-06-21 10:13:07,594 [INFO] Update id=200744884 is not handled. Duration 54 ms by bot id=8813857960
2026-06-21 10:13:07,594 [INFO] Update id=200744886 is not handled. Duration 54 ms by bot id=8813857960
2026-06-21 10:13:07,594 [INFO] Update id=200744874 is not handled. Duration 56 ms by bot id=8813857960
2026-06-21 10:13:07,595 [INFO] Update id=200744885 is not handled. Duration 55 ms by bot id=8813857960
2026-06-21 10:13:07,595 [INFO] Update id=200744891 is not handled. Duration 54 ms by bot id=8813857960
2026-06-21 10:13:07,595 [INFO] Update id=200744892 is not handled. Duration 54 ms by bot id=8813857960
2026-06-21 10:13:07,595 [INFO] Update id=200744879 is not handled. Duration 56 ms by bot id=8813857960
2026-06-21 10:13:07,595 [INFO] Update id=200744893 is not handled. Duration 54 ms by bot id=8813857960
2026-06-21 10:13:07,596 [INFO] Update id=200744894 is not handled. Duration 54 ms by bot id=8813857960
2026-06-21 10:13:07,596 [INFO] Update id=200744880 is not handled. Duration 57 ms by bot id=8813857960
2026-06-21 10:13:07,596 [INFO] Update id=200744895 is not handled. Duration 55 ms by bot id=8813857960
2026-06-21 10:13:07,596 [INFO] Update id=200744896 is not handled. Duration 55 ms by bot id=8813857960
2026-06-21 10:13:07,597 [INFO] Update id=200744897 is not handled. Duration 55 ms by bot id=8813857960
2026-06-21 10:13:07,597 [INFO] Update id=200744898 is not handled. Duration 55 ms by bot id=8813857960
2026-06-21 10:13:07,597 [INFO] Update id=200744899 is not handled. Duration 55 ms by bot id=8813857960
2026-06-21 10:13:07,597 [INFO] Update id=200744900 is not handled. Duration 55 ms by bot id=8813857960
2026-06-21 10:13:07,597 [INFO] Update id=200744901 is not handled. Duration 55 ms by bot id=8813857960
2026-06-21 10:13:07,598 [INFO] Update id=200744902 is not handled. Duration 55 ms by bot id=8813857960
2026-06-21 10:13:07,598 [INFO] Update id=200744903 is not handled. Duration 55 ms by bot id=8813857960
2026-06-21 10:13:07,598 [INFO] Update id=200744904 is not handled. Duration 55 ms by bot id=8813857960
2026-06-21 10:13:07,598 [INFO] Update id=200744888 is not handled. Duration 58 ms by bot id=8813857960
2026-06-21 10:13:07,598 [INFO] Update id=200744905 is not handled. Duration 56 ms by bot id=8813857960
2026-06-21 10:13:07,599 [INFO] Update id=200744906 is not handled. Duration 56 ms by bot id=8813857960
2026-06-21 10:13:07,599 [INFO] Update id=200744907 is not handled. Duration 56 ms by bot id=8813857960
2026-06-21 10:13:07,599 [INFO] Update id=200744908 is not handled. Duration 56 ms by bot id=8813857960
2026-06-21 10:13:07,599 [INFO] Update id=200744909 is not handled. Duration 56 ms by bot id=8813857960
2026-06-21 10:13:07,600 [INFO] Update id=200744910 is not handled. Duration 56 ms by bot id=8813857960
2026-06-21 10:13:07,600 [INFO] Update id=200744911 is not handled. Duration 56 ms by bot id=8813857960
2026-06-21 10:13:07,600 [INFO] Update id=200744912 is not handled. Duration 56 ms by bot id=8813857960
2026-06-21 10:13:07,600 [INFO] Update id=200744913 is not handled. Duration 56 ms by bot id=8813857960
2026-06-21 10:13:07,600 [INFO] Update id=200744914 is not handled. Duration 56 ms by bot id=8813857960
2026-06-21 10:13:07,601 [INFO] Update id=200744915 is not handled. Duration 57 ms by bot id=8813857960
2026-06-21 10:13:07,601 [INFO] Update id=200744916 is not handled. Duration 57 ms by bot id=8813857960
2026-06-21 10:13:07,601 [INFO] Update id=200744917 is not handled. Duration 57 ms by bot id=8813857960
2026-06-21 10:13:07,601 [INFO] Update id=200744918 is not handled. Duration 57 ms by bot id=8813857960
2026-06-21 10:13:07,601 [INFO] Update id=200744919 is not handled. Duration 57 ms by bot id=8813857960
2026-06-21 10:13:07,602 [INFO] Update id=200744920 is not handled. Duration 57 ms by bot id=8813857960
2026-06-21 10:13:07,602 [INFO] Update id=200744921 is not handled. Duration 57 ms by bot id=8813857960
2026-06-21 10:13:07,602 [INFO] Update id=200744922 is not handled. Duration 57 ms by bot id=8813857960
2026-06-21 10:13:07,602 [INFO] Update id=200744923 is not handled. Duration 57 ms by bot id=8813857960
2026-06-21 10:13:07,603 [INFO] Update id=200744924 is not handled. Duration 57 ms by bot id=8813857960
2026-06-21 10:13:07,603 [INFO] Update id=200744925 is not handled. Duration 57 ms by bot id=8813857960
2026-06-21 10:13:07,603 [INFO] Update id=200744926 is not handled. Duration 53 ms by bot id=8813857960
2026-06-21 10:13:07,603 [INFO] Update id=200744927 is not handled. Duration 54 ms by bot id=8813857960
2026-06-21 10:13:07,603 [INFO] Update id=200744928 is not handled. Duration 54 ms by bot id=8813857960
2026-06-21 10:13:07,604 [INFO] Update id=200744929 is not handled. Duration 54 ms by bot id=8813857960
2026-06-21 10:13:07,604 [INFO] Update id=200744930 is not handled. Duration 54 ms by bot id=8813857960
2026-06-21 10:13:07,604 [INFO] Update id=200744931 is not handled. Duration 54 ms by bot id=8813857960
2026-06-21 10:13:07,604 [INFO] Update id=200744932 is not handled. Duration 54 ms by bot id=8813857960
2026-06-21 10:13:07,605 [INFO] Update id=200744933 is not handled. Duration 54 ms by bot id=8813857960
2026-06-21 10:13:07,605 [INFO] Update id=200744934 is not handled. Duration 54 ms by bot id=8813857960
2026-06-21 10:13:07,605 [INFO] Update id=200744935 is not handled. Duration 54 ms by bot id=8813857960
2026-06-21 10:13:07,605 [INFO] Update id=200744936 is not handled. Duration 54 ms by bot id=8813857960
2026-06-21 10:13:07,605 [INFO] Update id=200744937 is not handled. Duration 54 ms by bot id=8813857960
2026-06-21 10:13:07,606 [INFO] Update id=200744938 is not handled. Duration 54 ms by bot id=8813857960
2026-06-21 10:13:07,606 [INFO] Update id=200744939 is not handled. Duration 54 ms by bot id=8813857960
2026-06-21 10:13:07,606 [INFO] Update id=200744940 is not handled. Duration 54 ms by bot id=8813857960
2026-06-21 10:13:07,606 [INFO] Update id=200744941 is not handled. Duration 54 ms by bot id=8813857960
2026-06-21 10:13:07,606 [INFO] Update id=200744942 is not handled. Duration 54 ms by bot id=8813857960
2026-06-21 10:13:07,607 [INFO] Update id=200744943 is not handled. Duration 54 ms by bot id=8813857960
2026-06-21 10:13:07,607 [INFO] Update id=200744944 is not handled. Duration 54 ms by bot id=8813857960
2026-06-21 10:13:07,607 [INFO] Update id=200744945 is not handled. Duration 54 ms by bot id=8813857960
2026-06-21 10:13:07,607 [INFO] Update id=200744946 is not handled. Duration 55 ms by bot id=8813857960
2026-06-21 10:13:07,608 [INFO] Update id=200744947 is not handled. Duration 55 ms by bot id=8813857960
2026-06-21 10:13:07,608 [INFO] Update id=200744948 is not handled. Duration 55 ms by bot id=8813857960
2026-06-21 10:13:07,608 [INFO] Update id=200744949 is not handled. Duration 55 ms by bot id=8813857960
2026-06-21 10:13:07,608 [INFO] Update id=200744950 is not handled. Duration 55 ms by bot id=8813857960
2026-06-21 10:13:07,608 [INFO] Update id=200744951 is not handled. Duration 55 ms by bot id=8813857960
2026-06-21 10:13:07,609 [INFO] Update id=200744952 is not handled. Duration 55 ms by bot id=8813857960
2026-06-21 10:13:07,609 [INFO] Update id=200744953 is not handled. Duration 55 ms by bot id=8813857960
2026-06-21 10:13:07,609 [INFO] Update id=200744954 is not handled. Duration 55 ms by bot id=8813857960
2026-06-21 10:13:07,609 [INFO] Update id=200744955 is not handled. Duration 55 ms by bot id=8813857960
2026-06-21 10:13:07,609 [INFO] Update id=200744956 is not handled. Duration 55 ms by bot id=8813857960
2026-06-21 10:13:07,610 [INFO] Update id=200744957 is not handled. Duration 55 ms by bot id=8813857960
2026-06-21 10:13:07,610 [INFO] Update id=200744958 is not handled. Duration 56 ms by bot id=8813857960
2026-06-21 10:13:07,610 [INFO] Update id=200744959 is not handled. Duration 55 ms by bot id=8813857960
2026-06-21 10:13:07,610 [INFO] Update id=200744960 is not handled. Duration 55 ms by bot id=8813857960
2026-06-21 10:13:07,611 [INFO] Update id=200744961 is not handled. Duration 56 ms by bot id=8813857960
2026-06-21 10:13:07,611 [INFO] Update id=200744962 is not handled. Duration 56 ms by bot id=8813857960
2026-06-21 10:13:07,611 [INFO] Update id=200744963 is not handled. Duration 56 ms by bot id=8813857960
2026-06-21 10:13:07,611 [INFO] Update id=200744964 is not handled. Duration 56 ms by bot id=8813857960
2026-06-21 10:13:07,611 [INFO] Update id=200744965 is not handled. Duration 56 ms by bot id=8813857960
2026-06-21 10:13:07,612 [INFO] Update id=200744966 is not handled. Duration 56 ms by bot id=8813857960
2026-06-21 10:13:07,612 [INFO] Update id=200744967 is not handled. Duration 56 ms by bot id=8813857960
2026-06-21 10:13:07,612 [INFO] Update id=200744968 is not handled. Duration 56 ms by bot id=8813857960
2026-06-21 10:13:07,612 [INFO] Update id=200744969 is not handled. Duration 56 ms by bot id=8813857960
2026-06-21 10:13:07,614 [INFO] Update id=200744970 is not handled. Duration 58 ms by bot id=8813857960
2026-06-21 10:13:07,615 [INFO] Update id=200744971 is not handled. Duration 58 ms by bot id=8813857960
2026-06-21 10:13:07,615 [INFO] Update id=200744972 is not handled. Duration 58 ms by bot id=8813857960
2026-06-21 10:13:07,639 [INFO] Update id=200744813 is handled. Duration 278 ms by bot id=8813857960
2026-06-21 10:13:07,769 [INFO] Update id=200741977 is handled. Duration 6112 ms by bot id=8813857960
2026-06-21 10:13:07,789 [INFO] Update id=200742075 is handled. Duration 5831 ms by bot id=8813857960
2026-06-21 10:13:07,793 [INFO] Update id=200744974 is not handled. Duration 53 ms by bot id=8813857960
2026-06-21 10:13:07,793 [INFO] Update id=200744979 is not handled. Duration 52 ms by bot id=8813857960
2026-06-21 10:13:07,793 [INFO] Update id=200744987 is not handled. Duration 52 ms by bot id=8813857960
2026-06-21 10:13:07,794 [INFO] Update id=200744986 is not handled. Duration 53 ms by bot id=8813857960
2026-06-21 10:13:07,794 [INFO] Update id=200744989 is not handled. Duration 52 ms by bot id=8813857960
2026-06-21 10:13:07,795 [INFO] Update id=200744981 is not handled. Duration 54 ms by bot id=8813857960
2026-06-21 10:13:07,795 [INFO] Update id=200744980 is not handled. Duration 55 ms by bot id=8813857960
2026-06-21 10:13:07,796 [INFO] Update id=200744988 is not handled. Duration 54 ms by bot id=8813857960
2026-06-21 10:13:07,797 [INFO] Update id=200744993 is not handled. Duration 54 ms by bot id=8813857960
2026-06-21 10:13:07,797 [INFO] Update id=200744994 is not handled. Duration 54 ms by bot id=8813857960
2026-06-21 10:13:07,797 [INFO] Update id=200744983 is not handled. Duration 56 ms by bot id=8813857960
2026-06-21 10:13:07,797 [INFO] Update id=200744995 is not handled. Duration 54 ms by bot id=8813857960
2026-06-21 10:13:07,798 [INFO] Update id=200744996 is not handled. Duration 55 ms by bot id=8813857960
2026-06-21 10:13:07,798 [INFO] Update id=200744997 is not handled. Duration 55 ms by bot id=8813857960
2026-06-21 10:13:07,798 [INFO] Update id=200744998 is not handled. Duration 55 ms by bot id=8813857960
2026-06-21 10:13:07,800 [INFO] Update id=200744999 is not handled. Duration 56 ms by bot id=8813857960
2026-06-21 10:13:07,800 [INFO] Update id=200744985 is not handled. Duration 59 ms by bot id=8813857960
2026-06-21 10:13:07,800 [INFO] Update id=200744984 is not handled. Duration 59 ms by bot id=8813857960
2026-06-21 10:13:07,800 [INFO] Update id=200745000 is not handled. Duration 57 ms by bot id=8813857960
2026-06-21 10:13:07,800 [INFO] Update id=200745001 is not handled. Duration 57 ms by bot id=8813857960
2026-06-21 10:13:07,801 [INFO] Update id=200745002 is not handled. Duration 57 ms by bot id=8813857960
2026-06-21 10:13:07,801 [INFO] Update id=200745003 is not handled. Duration 57 ms by bot id=8813857960
2026-06-21 10:13:07,801 [INFO] Update id=200745004 is not handled. Duration 57 ms by bot id=8813857960
2026-06-21 10:13:07,801 [INFO] Update id=200745005 is not handled. Duration 57 ms by bot id=8813857960
2026-06-21 10:13:07,802 [INFO] Update id=200745006 is not handled. Duration 57 ms by bot id=8813857960
2026-06-21 10:13:07,802 [INFO] Update id=200745007 is not handled. Duration 57 ms by bot id=8813857960
2026-06-21 10:13:07,802 [INFO] Update id=200745008 is not handled. Duration 57 ms by bot id=8813857960
2026-06-21 10:13:07,802 [INFO] Update id=200745009 is not handled. Duration 57 ms by bot id=8813857960
2026-06-21 10:13:07,802 [INFO] Update id=200744977 is not handled. Duration 62 ms by bot id=8813857960
2026-06-21 10:13:07,803 [INFO] Update id=200745010 is not handled. Duration 57 ms by bot id=8813857960
2026-06-21 10:13:07,803 [INFO] Update id=200745011 is not handled. Duration 58 ms by bot id=8813857960
2026-06-21 10:13:07,803 [INFO] Update id=200745012 is not handled. Duration 58 ms by bot id=8813857960
2026-06-21 10:13:07,803 [INFO] Update id=200745013 is not handled. Duration 58 ms by bot id=8813857960
2026-06-21 10:13:07,804 [INFO] Update id=200745014 is not handled. Duration 58 ms by bot id=8813857960
2026-06-21 10:13:07,804 [INFO] Update id=200744982 is not handled. Duration 63 ms by bot id=8813857960
2026-06-21 10:13:07,804 [INFO] Update id=200744992 is not handled. Duration 61 ms by bot id=8813857960
2026-06-21 10:13:07,805 [INFO] Update id=200745019 is not handled. Duration 58 ms by bot id=8813857960
2026-06-21 10:13:07,805 [INFO] Update id=200745020 is not handled. Duration 58 ms by bot id=8813857960
2026-06-21 10:13:07,805 [INFO] Update id=200745021 is not handled. Duration 58 ms by bot id=8813857960
2026-06-21 10:13:07,805 [INFO] Update id=200745022 is not handled. Duration 58 ms by bot id=8813857960
2026-06-21 10:13:07,806 [INFO] Update id=200745023 is not handled. Duration 58 ms by bot id=8813857960
2026-06-21 10:13:07,806 [INFO] Update id=200745024 is not handled. Duration 58 ms by bot id=8813857960
2026-06-21 10:13:07,806 [INFO] Update id=200745025 is not handled. Duration 58 ms by bot id=8813857960
2026-06-21 10:13:07,806 [INFO] Update id=200745026 is not handled. Duration 58 ms by bot id=8813857960
2026-06-21 10:13:07,806 [INFO] Update id=200745027 is not handled. Duration 59 ms by bot id=8813857960
2026-06-21 10:13:07,807 [INFO] Update id=200745028 is not handled. Duration 59 ms by bot id=8813857960
2026-06-21 10:13:07,807 [INFO] Update id=200745029 is not handled. Duration 59 ms by bot id=8813857960
2026-06-21 10:13:07,807 [INFO] Update id=200745030 is not handled. Duration 59 ms by bot id=8813857960
2026-06-21 10:13:07,807 [INFO] Update id=200745031 is not handled. Duration 59 ms by bot id=8813857960
2026-06-21 10:13:07,808 [INFO] Update id=200745018 is not handled. Duration 61 ms by bot id=8813857960
2026-06-21 10:13:07,808 [INFO] Update id=200744973 is not handled. Duration 68 ms by bot id=8813857960
2026-06-21 10:13:07,808 [INFO] Update id=200745032 is not handled. Duration 59 ms by bot id=8813857960
2026-06-21 10:13:07,808 [INFO] Update id=200745033 is not handled. Duration 60 ms by bot id=8813857960
2026-06-21 10:13:07,808 [INFO] Update id=200745034 is not handled. Duration 60 ms by bot id=8813857960
2026-06-21 10:13:07,809 [INFO] Update id=200745035 is not handled. Duration 60 ms by bot id=8813857960
2026-06-21 10:13:07,809 [INFO] Update id=200745036 is not handled. Duration 60 ms by bot id=8813857960
2026-06-21 10:13:07,809 [INFO] Update id=200745037 is not handled. Duration 60 ms by bot id=8813857960
2026-06-21 10:13:07,809 [INFO] Update id=200745038 is not handled. Duration 60 ms by bot id=8813857960
2026-06-21 10:13:07,809 [INFO] Update id=200745039 is not handled. Duration 60 ms by bot id=8813857960
2026-06-21 10:13:07,810 [INFO] Update id=200745040 is not handled. Duration 60 ms by bot id=8813857960
2026-06-21 10:13:07,810 [INFO] Update id=200745041 is not handled. Duration 60 ms by bot id=8813857960
2026-06-21 10:13:07,810 [INFO] Update id=200744978 is not handled. Duration 70 ms by bot id=8813857960
2026-06-21 10:13:07,810 [INFO] Update id=200745042 is not handled. Duration 61 ms by bot id=8813857960
2026-06-21 10:13:07,811 [INFO] Update id=200745043 is not handled. Duration 61 ms by bot id=8813857960
2026-06-21 10:13:07,811 [INFO] Update id=200745044 is not handled. Duration 61 ms by bot id=8813857960
2026-06-21 10:13:07,811 [INFO] Update id=200745045 is not handled. Duration 61 ms by bot id=8813857960
2026-06-21 10:13:07,811 [INFO] Update id=200745046 is not handled. Duration 61 ms by bot id=8813857960
2026-06-21 10:13:07,811 [INFO] Update id=200745047 is not handled. Duration 61 ms by bot id=8813857960
2026-06-21 10:13:07,812 [INFO] Update id=200745048 is not handled. Duration 61 ms by bot id=8813857960
2026-06-21 10:13:07,812 [INFO] Update id=200745051 is not handled. Duration 61 ms by bot id=8813857960
2026-06-21 10:13:07,812 [INFO] Update id=200745065 is not handled. Duration 58 ms by bot id=8813857960
2026-06-21 10:13:07,812 [INFO] Update id=200745066 is not handled. Duration 59 ms by bot id=8813857960
2026-06-21 10:13:07,813 [INFO] Update id=200745067 is not handled. Duration 59 ms by bot id=8813857960
2026-06-21 10:13:07,813 [INFO] Update id=200745068 is not handled. Duration 59 ms by bot id=8813857960
2026-06-21 10:13:07,813 [INFO] Update id=200745069 is not handled. Duration 59 ms by bot id=8813857960
2026-06-21 10:13:07,813 [INFO] Update id=200745070 is not handled. Duration 59 ms by bot id=8813857960
2026-06-21 10:13:07,815 [INFO] Update id=200745071 is not handled. Duration 61 ms by bot id=8813857960
2026-06-21 10:13:07,816 [INFO] Update id=200745072 is not handled. Duration 61 ms by bot id=8813857960
2026-06-21 10:13:07,816 [INFO] Update id=200745052 is not handled. Duration 65 ms by bot id=8813857960
2026-06-21 10:13:07,816 [INFO] Update id=200745053 is not handled. Duration 65 ms by bot id=8813857960
2026-06-21 10:13:07,816 [INFO] Update id=200744976 is not handled. Duration 76 ms by bot id=8813857960
2026-06-21 10:13:07,817 [INFO] Update id=200744975 is not handled. Duration 77 ms by bot id=8813857960
2026-06-21 10:13:07,817 [INFO] Update id=200745054 is not handled. Duration 65 ms by bot id=8813857960
2026-06-21 10:13:07,817 [INFO] Update id=200745055 is not handled. Duration 65 ms by bot id=8813857960
2026-06-21 10:13:07,817 [INFO] Update id=200745056 is not handled. Duration 65 ms by bot id=8813857960
2026-06-21 10:13:07,817 [INFO] Update id=200745058 is not handled. Duration 65 ms by bot id=8813857960
2026-06-21 10:13:07,818 [INFO] Update id=200745060 is not handled. Duration 65 ms by bot id=8813857960
2026-06-21 10:13:07,818 [INFO] Update id=200745062 is not handled. Duration 65 ms by bot id=8813857960
2026-06-21 10:13:07,818 [INFO] Update id=200745063 is not handled. Duration 65 ms by bot id=8813857960
2026-06-21 10:13:07,818 [INFO] Update id=200745049 is not handled. Duration 67 ms by bot id=8813857960
2026-06-21 10:13:07,819 [INFO] Update id=200745015 is not handled. Duration 73 ms by bot id=8813857960
2026-06-21 10:13:07,819 [INFO] Update id=200744990 is not handled. Duration 77 ms by bot id=8813857960
2026-06-21 10:13:07,819 [INFO] Update id=200745016 is not handled. Duration 73 ms by bot id=8813857960
2026-06-21 10:13:07,819 [INFO] Update id=200745017 is not handled. Duration 73 ms by bot id=8813857960
2026-06-21 10:13:07,820 [INFO] Update id=200744991 is not handled. Duration 77 ms by bot id=8813857960
2026-06-21 10:13:07,820 [INFO] Update id=200745061 is not handled. Duration 67 ms by bot id=8813857960
2026-06-21 10:13:07,821 [INFO] Update id=200742077 is handled. Duration 5863 ms by bot id=8813857960
2026-06-21 10:13:07,821 [INFO] Update id=200745059 is not handled. Duration 69 ms by bot id=8813857960
2026-06-21 10:13:07,821 [INFO] Update id=200745064 is not handled. Duration 68 ms by bot id=8813857960
2026-06-21 10:13:07,821 [INFO] Update id=200745050 is not handled. Duration 70 ms by bot id=8813857960
2026-06-21 10:13:07,822 [INFO] Update id=200745057 is not handled. Duration 70 ms by bot id=8813857960
2026-06-21 10:13:07,839 [INFO] Update id=200742076 is handled. Duration 5881 ms by bot id=8813857960
2026-06-21 10:13:07,862 [INFO] Update id=200742078 is handled. Duration 5904 ms by bot id=8813857960
2026-06-21 10:13:07,890 [INFO] Update id=200742189 is handled. Duration 5734 ms by bot id=8813857960
2026-06-21 10:13:07,949 [INFO] Update id=200742232 is handled. Duration 5787 ms by bot id=8813857960
2026-06-21 10:13:07,954 [INFO] Update id=200742190 is handled. Duration 5797 ms by bot id=8813857960
2026-06-21 10:13:07,959 [INFO] Update id=200742354 is handled. Duration 5604 ms by bot id=8813857960
2026-06-21 10:13:07,984 [INFO] Update id=200745085 is not handled. Duration 60 ms by bot id=8813857960
2026-06-21 10:13:07,984 [INFO] Update id=200745089 is not handled. Duration 60 ms by bot id=8813857960
2026-06-21 10:13:07,985 [INFO] Update id=200745083 is not handled. Duration 61 ms by bot id=8813857960
2026-06-21 10:13:07,986 [INFO] Update id=200745082 is not handled. Duration 62 ms by bot id=8813857960
2026-06-21 10:13:07,986 [INFO] Update id=200745087 is not handled. Duration 62 ms by bot id=8813857960
2026-06-21 10:13:07,987 [INFO] Update id=200745073 is not handled. Duration 69 ms by bot id=8813857960
2026-06-21 10:13:07,987 [INFO] Update id=200745090 is not handled. Duration 62 ms by bot id=8813857960
2026-06-21 10:13:07,987 [INFO] Update id=200745076 is not handled. Duration 69 ms by bot id=8813857960
2026-06-21 10:13:07,987 [INFO] Update id=200745080 is not handled. Duration 69 ms by bot id=8813857960
2026-06-21 10:13:07,988 [INFO] Update id=200745077 is not handled. Duration 69 ms by bot id=8813857960
2026-06-21 10:13:07,988 [INFO] Update id=200745091 is not handled. Duration 63 ms by bot id=8813857960
2026-06-21 10:13:07,989 [INFO] Update id=200745084 is not handled. Duration 65 ms by bot id=8813857960
2026-06-21 10:13:07,989 [INFO] Update id=200745079 is not handled. Duration 70 ms by bot id=8813857960
2026-06-21 10:13:07,989 [INFO] Update id=200745086 is not handled. Duration 65 ms by bot id=8813857960
2026-06-21 10:13:07,989 [INFO] Update id=200745092 is not handled. Duration 64 ms by bot id=8813857960
2026-06-21 10:13:07,989 [INFO] Update id=200745093 is not handled. Duration 64 ms by bot id=8813857960
2026-06-21 10:13:07,990 [INFO] Update id=200745074 is not handled. Duration 72 ms by bot id=8813857960
2026-06-21 10:13:07,990 [INFO] Update id=200745094 is not handled. Duration 65 ms by bot id=8813857960
2026-06-21 10:13:07,990 [INFO] Update id=200745095 is not handled. Duration 65 ms by bot id=8813857960
2026-06-21 10:13:07,990 [INFO] Update id=200745096 is not handled. Duration 65 ms by bot id=8813857960
2026-06-21 10:13:07,990 [INFO] Update id=200745097 is not handled. Duration 65 ms by bot id=8813857960
2026-06-21 10:13:07,991 [INFO] Update id=200745098 is not handled. Duration 65 ms by bot id=8813857960
2026-06-21 10:13:07,991 [INFO] Update id=200745099 is not handled. Duration 65 ms by bot id=8813857960
2026-06-21 10:13:07,991 [INFO] Update id=200745100 is not handled. Duration 65 ms by bot id=8813857960
2026-06-21 10:13:07,991 [INFO] Update id=200745101 is not handled. Duration 65 ms by bot id=8813857960
2026-06-21 10:13:07,991 [INFO] Update id=200745075 is not handled. Duration 74 ms by bot id=8813857960
2026-06-21 10:13:07,992 [INFO] Update id=200745088 is not handled. Duration 67 ms by bot id=8813857960
2026-06-21 10:13:07,992 [INFO] Update id=200745102 is not handled. Duration 66 ms by bot id=8813857960
2026-06-21 10:13:07,992 [INFO] Update id=200745103 is not handled. Duration 66 ms by bot id=8813857960
2026-06-21 10:13:07,992 [INFO] Update id=200745104 is not handled. Duration 66 ms by bot id=8813857960
2026-06-21 10:13:07,993 [INFO] Update id=200745105 is not handled. Duration 66 ms by bot id=8813857960
2026-06-21 10:13:07,993 [INFO] Update id=200745106 is not handled. Duration 66 ms by bot id=8813857960
2026-06-21 10:13:07,993 [INFO] Update id=200745107 is not handled. Duration 66 ms by bot id=8813857960
2026-06-21 10:13:07,993 [INFO] Update id=200745108 is not handled. Duration 66 ms by bot id=8813857960
2026-06-21 10:13:07,994 [INFO] Update id=200745109 is not handled. Duration 67 ms by bot id=8813857960
2026-06-21 10:13:07,994 [INFO] Update id=200745110 is not handled. Duration 67 ms by bot id=8813857960
2026-06-21 10:13:07,994 [INFO] Update id=200745111 is not handled. Duration 67 ms by bot id=8813857960
2026-06-21 10:13:07,994 [INFO] Update id=200745112 is not handled. Duration 67 ms by bot id=8813857960
2026-06-21 10:13:07,994 [INFO] Update id=200745113 is not handled. Duration 67 ms by bot id=8813857960
2026-06-21 10:13:07,995 [INFO] Update id=200745114 is not handled. Duration 67 ms by bot id=8813857960
2026-06-21 10:13:07,995 [INFO] Update id=200745115 is not handled. Duration 67 ms by bot id=8813857960
2026-06-21 10:13:07,995 [INFO] Update id=200745116 is not handled. Duration 67 ms by bot id=8813857960
2026-06-21 10:13:07,995 [INFO] Update id=200745117 is not handled. Duration 67 ms by bot id=8813857960
2026-06-21 10:13:07,996 [INFO] Update id=200745118 is not handled. Duration 67 ms by bot id=8813857960
2026-06-21 10:13:07,996 [INFO] Update id=200745119 is not handled. Duration 67 ms by bot id=8813857960
2026-06-21 10:13:07,996 [INFO] Update id=200745081 is not handled. Duration 77 ms by bot id=8813857960
2026-06-21 10:13:07,996 [INFO] Update id=200745120 is not handled. Duration 68 ms by bot id=8813857960
2026-06-21 10:13:07,996 [INFO] Update id=200745121 is not handled. Duration 68 ms by bot id=8813857960
2026-06-21 10:13:07,997 [INFO] Update id=200745122 is not handled. Duration 68 ms by bot id=8813857960
2026-06-21 10:13:07,997 [INFO] Update id=200745123 is not handled. Duration 68 ms by bot id=8813857960
2026-06-21 10:13:07,997 [INFO] Update id=200745124 is not handled. Duration 68 ms by bot id=8813857960
2026-06-21 10:13:07,997 [INFO] Update id=200745125 is not handled. Duration 68 ms by bot id=8813857960
2026-06-21 10:13:07,997 [INFO] Update id=200745126 is not handled. Duration 68 ms by bot id=8813857960
2026-06-21 10:13:07,998 [INFO] Update id=200745127 is not handled. Duration 68 ms by bot id=8813857960
2026-06-21 10:13:08,000 [INFO] Update id=200745128 is not handled. Duration 70 ms by bot id=8813857960
2026-06-21 10:13:08,000 [INFO] Update id=200745129 is not handled. Duration 70 ms by bot id=8813857960
2026-06-21 10:13:08,000 [INFO] Update id=200745130 is not handled. Duration 70 ms by bot id=8813857960
2026-06-21 10:13:08,001 [INFO] Update id=200745131 is not handled. Duration 71 ms by bot id=8813857960
2026-06-21 10:13:08,001 [INFO] Update id=200745132 is not handled. Duration 71 ms by bot id=8813857960
2026-06-21 10:13:08,001 [INFO] Update id=200745133 is not handled. Duration 71 ms by bot id=8813857960
2026-06-21 10:13:08,001 [INFO] Update id=200745134 is not handled. Duration 71 ms by bot id=8813857960
2026-06-21 10:13:08,001 [INFO] Update id=200745135 is not handled. Duration 71 ms by bot id=8813857960
2026-06-21 10:13:08,002 [INFO] Update id=200745136 is not handled. Duration 71 ms by bot id=8813857960
2026-06-21 10:13:08,002 [INFO] Update id=200745137 is not handled. Duration 71 ms by bot id=8813857960
2026-06-21 10:13:08,002 [INFO] Update id=200745138 is not handled. Duration 71 ms by bot id=8813857960
2026-06-21 10:13:08,002 [INFO] Update id=200745139 is not handled. Duration 71 ms by bot id=8813857960
2026-06-21 10:13:08,002 [INFO] Update id=200745140 is not handled. Duration 71 ms by bot id=8813857960
2026-06-21 10:13:08,003 [INFO] Update id=200745141 is not handled. Duration 71 ms by bot id=8813857960
2026-06-21 10:13:08,003 [INFO] Update id=200745078 is not handled. Duration 85 ms by bot id=8813857960
2026-06-21 10:13:08,003 [INFO] Update id=200745153 is not handled. Duration 70 ms by bot id=8813857960
2026-06-21 10:13:08,003 [INFO] Update id=200745154 is not handled. Duration 70 ms by bot id=8813857960
2026-06-21 10:13:08,004 [INFO] Update id=200745155 is not handled. Duration 70 ms by bot id=8813857960
2026-06-21 10:13:08,004 [INFO] Update id=200745156 is not handled. Duration 70 ms by bot id=8813857960
2026-06-21 10:13:08,004 [INFO] Update id=200745157 is not handled. Duration 70 ms by bot id=8813857960
2026-06-21 10:13:08,004 [INFO] Update id=200745142 is not handled. Duration 73 ms by bot id=8813857960
2026-06-21 10:13:08,004 [INFO] Update id=200745158 is not handled. Duration 71 ms by bot id=8813857960
2026-06-21 10:13:08,005 [INFO] Update id=200745144 is not handled. Duration 73 ms by bot id=8813857960
2026-06-21 10:13:08,005 [INFO] Update id=200745145 is not handled. Duration 73 ms by bot id=8813857960
2026-06-21 10:13:08,005 [INFO] Update id=200745146 is not handled. Duration 73 ms by bot id=8813857960
2026-06-21 10:13:08,005 [INFO] Update id=200745147 is not handled. Duration 73 ms by bot id=8813857960
2026-06-21 10:13:08,005 [INFO] Update id=200745148 is not handled. Duration 73 ms by bot id=8813857960
2026-06-21 10:13:08,006 [INFO] Update id=200745149 is not handled. Duration 73 ms by bot id=8813857960
2026-06-21 10:13:08,006 [INFO] Update id=200745150 is not handled. Duration 73 ms by bot id=8813857960
2026-06-21 10:13:08,006 [INFO] Update id=200745151 is not handled. Duration 73 ms by bot id=8813857960
2026-06-21 10:13:08,006 [INFO] Update id=200745152 is not handled. Duration 73 ms by bot id=8813857960
2026-06-21 10:13:08,007 [INFO] Update id=200745159 is not handled. Duration 73 ms by bot id=8813857960
2026-06-21 10:13:08,007 [INFO] Update id=200745160 is not handled. Duration 73 ms by bot id=8813857960
2026-06-21 10:13:08,007 [INFO] Update id=200745161 is not handled. Duration 73 ms by bot id=8813857960
2026-06-21 10:13:08,007 [INFO] Update id=200745162 is not handled. Duration 73 ms by bot id=8813857960
2026-06-21 10:13:08,007 [INFO] Update id=200745163 is not handled. Duration 73 ms by bot id=8813857960
2026-06-21 10:13:08,008 [INFO] Update id=200745143 is not handled. Duration 76 ms by bot id=8813857960
2026-06-21 10:13:08,008 [INFO] Update id=200745164 is not handled. Duration 73 ms by bot id=8813857960
2026-06-21 10:13:08,008 [INFO] Update id=200745165 is not handled. Duration 73 ms by bot id=8813857960
2026-06-21 10:13:08,008 [INFO] Update id=200745166 is not handled. Duration 74 ms by bot id=8813857960
2026-06-21 10:13:08,008 [INFO] Update id=200745167 is not handled. Duration 74 ms by bot id=8813857960
2026-06-21 10:13:08,009 [INFO] Update id=200745168 is not handled. Duration 73 ms by bot id=8813857960
2026-06-21 10:13:08,009 [INFO] Update id=200745169 is not handled. Duration 74 ms by bot id=8813857960
2026-06-21 10:13:08,009 [INFO] Update id=200745170 is not handled. Duration 74 ms by bot id=8813857960
2026-06-21 10:13:08,009 [INFO] Update id=200745171 is not handled. Duration 74 ms by bot id=8813857960
2026-06-21 10:13:08,010 [INFO] Update id=200745172 is not handled. Duration 74 ms by bot id=8813857960
2026-06-21 10:13:08,011 [INFO] Update id=200742350 is handled. Duration 5656 ms by bot id=8813857960
2026-06-21 10:13:08,029 [INFO] Update id=200742353 is handled. Duration 5674 ms by bot id=8813857960
2026-06-21 10:13:08,049 [INFO] Update id=200742351 is handled. Duration 5694 ms by bot id=8813857960
2026-06-21 10:13:08,105 [INFO] Update id=200742352 is handled. Duration 5750 ms by bot id=8813857960
2026-06-21 10:13:08,110 [INFO] Update id=200742445 is handled. Duration 5555 ms by bot id=8813857960
2026-06-21 10:13:08,123 [INFO] Update id=200742490 is handled. Duration 5401 ms by bot id=8813857960
2026-06-21 10:13:08,162 [INFO] Update id=200745175 is not handled. Duration 88 ms by bot id=8813857960
2026-06-21 10:13:08,162 [INFO] Update id=200745189 is not handled. Duration 86 ms by bot id=8813857960
2026-06-21 10:13:08,163 [INFO] Update id=200745177 is not handled. Duration 89 ms by bot id=8813857960
2026-06-21 10:13:08,163 [INFO] Update id=200745190 is not handled. Duration 87 ms by bot id=8813857960
2026-06-21 10:13:08,163 [INFO] Update id=200745191 is not handled. Duration 87 ms by bot id=8813857960
2026-06-21 10:13:08,163 [INFO] Update id=200745179 is not handled. Duration 89 ms by bot id=8813857960
2026-06-21 10:13:08,164 [INFO] Update id=200745181 is not handled. Duration 89 ms by bot id=8813857960
2026-06-21 10:13:08,164 [INFO] Update id=200745192 is not handled. Duration 87 ms by bot id=8813857960
2026-06-21 10:13:08,164 [INFO] Update id=200745193 is not handled. Duration 88 ms by bot id=8813857960
2026-06-21 10:13:08,165 [INFO] Update id=200745182 is not handled. Duration 90 ms by bot id=8813857960
2026-06-21 10:13:08,165 [INFO] Update id=200745185 is not handled. Duration 89 ms by bot id=8813857960
2026-06-21 10:13:08,165 [INFO] Update id=200745186 is not handled. Duration 89 ms by bot id=8813857960
2026-06-21 10:13:08,165 [INFO] Update id=200745187 is not handled. Duration 90 ms by bot id=8813857960
2026-06-21 10:13:08,165 [INFO] Update id=200745188 is not handled. Duration 90 ms by bot id=8813857960
2026-06-21 10:13:08,166 [INFO] Update id=200745173 is not handled. Duration 92 ms by bot id=8813857960
2026-06-21 10:13:08,166 [INFO] Update id=200745174 is not handled. Duration 92 ms by bot id=8813857960
2026-06-21 10:13:08,166 [INFO] Update id=200745176 is not handled. Duration 92 ms by bot id=8813857960
2026-06-21 10:13:08,166 [INFO] Update id=200745194 is not handled. Duration 89 ms by bot id=8813857960
2026-06-21 10:13:08,166 [INFO] Update id=200745195 is not handled. Duration 89 ms by bot id=8813857960
2026-06-21 10:13:08,167 [INFO] Update id=200745180 is not handled. Duration 92 ms by bot id=8813857960
2026-06-21 10:13:08,167 [INFO] Update id=200745196 is not handled. Duration 90 ms by bot id=8813857960
2026-06-21 10:13:08,167 [INFO] Update id=200745197 is not handled. Duration 90 ms by bot id=8813857960
2026-06-21 10:13:08,167 [INFO] Update id=200745198 is not handled. Duration 90 ms by bot id=8813857960
2026-06-21 10:13:08,168 [INFO] Update id=200745183 is not handled. Duration 92 ms by bot id=8813857960
2026-06-21 10:13:08,168 [INFO] Update id=200745199 is not handled. Duration 90 ms by bot id=8813857960
2026-06-21 10:13:08,168 [INFO] Update id=200745200 is not handled. Duration 90 ms by bot id=8813857960
2026-06-21 10:13:08,168 [INFO] Update id=200745201 is not handled. Duration 90 ms by bot id=8813857960
2026-06-21 10:13:08,168 [INFO] Update id=200745202 is not handled. Duration 90 ms by bot id=8813857960
2026-06-21 10:13:08,169 [INFO] Update id=200745203 is not handled. Duration 91 ms by bot id=8813857960
2026-06-21 10:13:08,169 [INFO] Update id=200745204 is not handled. Duration 91 ms by bot id=8813857960
2026-06-21 10:13:08,169 [INFO] Update id=200745205 is not handled. Duration 91 ms by bot id=8813857960
2026-06-21 10:13:08,169 [INFO] Update id=200745206 is not handled. Duration 91 ms by bot id=8813857960
2026-06-21 10:13:08,170 [INFO] Update id=200745207 is not handled. Duration 91 ms by bot id=8813857960
2026-06-21 10:13:08,170 [INFO] Update id=200742489 is handled. Duration 5448 ms by bot id=8813857960
2026-06-21 10:13:08,171 [INFO] Update id=200745235 is not handled. Duration 88 ms by bot id=8813857960
2026-06-21 10:13:08,171 [INFO] Update id=200745208 is not handled. Duration 92 ms by bot id=8813857960
2026-06-21 10:13:08,171 [INFO] Update id=200745209 is not handled. Duration 92 ms by bot id=8813857960
2026-06-21 10:13:08,171 [INFO] Update id=200745210 is not handled. Duration 92 ms by bot id=8813857960
2026-06-21 10:13:08,171 [INFO] Update id=200745211 is not handled. Duration 92 ms by bot id=8813857960
2026-06-21 10:13:08,172 [INFO] Update id=200745212 is not handled. Duration 92 ms by bot id=8813857960
2026-06-21 10:13:08,172 [INFO] Update id=200745213 is not handled. Duration 93 ms by bot id=8813857960
2026-06-21 10:13:08,172 [INFO] Update id=200745214 is not handled. Duration 93 ms by bot id=8813857960
2026-06-21 10:13:08,172 [INFO] Update id=200745215 is not handled. Duration 93 ms by bot id=8813857960
2026-06-21 10:13:08,173 [INFO] Update id=200745216 is not handled. Duration 93 ms by bot id=8813857960
2026-06-21 10:13:08,173 [INFO] Update id=200745217 is not handled. Duration 93 ms by bot id=8813857960
2026-06-21 10:13:08,173 [INFO] Update id=200745218 is not handled. Duration 93 ms by bot id=8813857960
2026-06-21 10:13:08,173 [INFO] Update id=200745219 is not handled. Duration 93 ms by bot id=8813857960
2026-06-21 10:13:08,173 [INFO] Update id=200745178 is not handled. Duration 99 ms by bot id=8813857960
2026-06-21 10:13:08,174 [INFO] Update id=200745222 is not handled. Duration 93 ms by bot id=8813857960
2026-06-21 10:13:08,174 [INFO] Update id=200745223 is not handled. Duration 93 ms by bot id=8813857960
2026-06-21 10:13:08,174 [INFO] Update id=200745236 is not handled. Duration 92 ms by bot id=8813857960
2026-06-21 10:13:08,174 [INFO] Update id=200745226 is not handled. Duration 93 ms by bot id=8813857960
2026-06-21 10:13:08,175 [INFO] Update id=200745227 is not handled. Duration 93 ms by bot id=8813857960
2026-06-21 10:13:08,175 [INFO] Update id=200745229 is not handled. Duration 93 ms by bot id=8813857960
2026-06-21 10:13:08,175 [INFO] Update id=200745228 is not handled. Duration 93 ms by bot id=8813857960
2026-06-21 10:13:08,175 [INFO] Update id=200745237 is not handled. Duration 92 ms by bot id=8813857960
2026-06-21 10:13:08,175 [INFO] Update id=200745230 is not handled. Duration 94 ms by bot id=8813857960
2026-06-21 10:13:08,176 [INFO] Update id=200745184 is not handled. Duration 100 ms by bot id=8813857960
2026-06-21 10:13:08,176 [INFO] Update id=200745232 is not handled. Duration 94 ms by bot id=8813857960
2026-06-21 10:13:08,176 [INFO] Update id=200745234 is not handled. Duration 94 ms by bot id=8813857960
2026-06-21 10:13:08,176 [INFO] Update id=200745238 is not handled. Duration 93 ms by bot id=8813857960
2026-06-21 10:13:08,176 [INFO] Update id=200745220 is not handled. Duration 96 ms by bot id=8813857960
2026-06-21 10:13:08,177 [INFO] Update id=200745221 is not handled. Duration 96 ms by bot id=8813857960
2026-06-21 10:13:08,177 [INFO] Update id=200745239 is not handled. Duration 94 ms by bot id=8813857960
2026-06-21 10:13:08,177 [INFO] Update id=200745224 is not handled. Duration 96 ms by bot id=8813857960
2026-06-21 10:13:08,178 [INFO] Update id=200745225 is not handled. Duration 96 ms by bot id=8813857960
2026-06-21 10:13:08,178 [INFO] Update id=200745241 is not handled. Duration 94 ms by bot id=8813857960
2026-06-21 10:13:08,178 [INFO] Update id=200745243 is not handled. Duration 94 ms by bot id=8813857960
2026-06-21 10:13:08,178 [INFO] Update id=200745244 is not handled. Duration 95 ms by bot id=8813857960
2026-06-21 10:13:08,178 [INFO] Update id=200745245 is not handled. Duration 95 ms by bot id=8813857960
2026-06-21 10:13:08,179 [INFO] Update id=200745246 is not handled. Duration 95 ms by bot id=8813857960
2026-06-21 10:13:08,179 [INFO] Update id=200745247 is not handled. Duration 95 ms by bot id=8813857960
2026-06-21 10:13:08,179 [INFO] Update id=200745231 is not handled. Duration 97 ms by bot id=8813857960
2026-06-21 10:13:08,179 [INFO] Update id=200745248 is not handled. Duration 95 ms by bot id=8813857960
2026-06-21 10:13:08,179 [INFO] Update id=200745249 is not handled. Duration 95 ms by bot id=8813857960
2026-06-21 10:13:08,180 [INFO] Update id=200745259 is not handled. Duration 94 ms by bot id=8813857960
2026-06-21 10:13:08,180 [INFO] Update id=200745260 is not handled. Duration 94 ms by bot id=8813857960
2026-06-21 10:13:08,180 [INFO] Update id=200745261 is not handled. Duration 94 ms by bot id=8813857960
2026-06-21 10:13:08,180 [INFO] Update id=200745262 is not handled. Duration 94 ms by bot id=8813857960
2026-06-21 10:13:08,180 [INFO] Update id=200745240 is not handled. Duration 97 ms by bot id=8813857960
2026-06-21 10:13:08,181 [INFO] Update id=200745263 is not handled. Duration 94 ms by bot id=8813857960
2026-06-21 10:13:08,181 [INFO] Update id=200745242 is not handled. Duration 98 ms by bot id=8813857960
2026-06-21 10:13:08,181 [INFO] Update id=200745264 is not handled. Duration 95 ms by bot id=8813857960
2026-06-21 10:13:08,181 [INFO] Update id=200745250 is not handled. Duration 97 ms by bot id=8813857960
2026-06-21 10:13:08,181 [INFO] Update id=200745251 is not handled. Duration 97 ms by bot id=8813857960
2026-06-21 10:13:08,182 [INFO] Update id=200745233 is not handled. Duration 100 ms by bot id=8813857960
2026-06-21 10:13:08,182 [INFO] Update id=200745252 is not handled. Duration 97 ms by bot id=8813857960
2026-06-21 10:13:08,182 [INFO] Update id=200745254 is not handled. Duration 97 ms by bot id=8813857960
2026-06-21 10:13:08,182 [INFO] Update id=200745253 is not handled. Duration 97 ms by bot id=8813857960
2026-06-21 10:13:08,183 [INFO] Update id=200745255 is not handled. Duration 97 ms by bot id=8813857960
2026-06-21 10:13:08,183 [INFO] Update id=200745256 is not handled. Duration 97 ms by bot id=8813857960
2026-06-21 10:13:08,183 [INFO] Update id=200745257 is not handled. Duration 97 ms by bot id=8813857960
2026-06-21 10:13:08,183 [INFO] Update id=200745258 is not handled. Duration 98 ms by bot id=8813857960
2026-06-21 10:13:08,183 [INFO] Update id=200745267 is not handled. Duration 97 ms by bot id=8813857960
2026-06-21 10:13:08,184 [INFO] Update id=200745268 is not handled. Duration 97 ms by bot id=8813857960
2026-06-21 10:13:08,184 [INFO] Update id=200745269 is not handled. Duration 97 ms by bot id=8813857960
2026-06-21 10:13:08,184 [INFO] Update id=200745270 is not handled. Duration 97 ms by bot id=8813857960
2026-06-21 10:13:08,186 [INFO] Update id=200745271 is not handled. Duration 99 ms by bot id=8813857960
2026-06-21 10:13:08,186 [INFO] Update id=200745272 is not handled. Duration 99 ms by bot id=8813857960
2026-06-21 10:13:08,187 [INFO] Update id=200745265 is not handled. Duration 100 ms by bot id=8813857960
2026-06-21 10:13:08,187 [INFO] Update id=200745266 is not handled. Duration 100 ms by bot id=8813857960
2026-06-21 10:13:08,188 [INFO] Update id=200742491 is handled. Duration 5465 ms by bot id=8813857960
2026-06-21 10:13:08,193 [INFO] Update id=200742492 is handled. Duration 5470 ms by bot id=8813857960
2026-06-21 10:13:08,220 [INFO] Update id=200743016 is handled. Duration 4565 ms by bot id=8813857960
2026-06-21 10:13:08,314 [INFO] Update id=200745286 is not handled. Duration 44 ms by bot id=8813857960
2026-06-21 10:13:08,315 [INFO] Update id=200745282 is not handled. Duration 45 ms by bot id=8813857960
2026-06-21 10:13:08,316 [INFO] Update id=200745289 is not handled. Duration 45 ms by bot id=8813857960
2026-06-21 10:13:08,316 [INFO] Update id=200745290 is not handled. Duration 45 ms by bot id=8813857960
2026-06-21 10:13:08,317 [INFO] Update id=200745273 is not handled. Duration 48 ms by bot id=8813857960
2026-06-21 10:13:08,317 [INFO] Update id=200745291 is not handled. Duration 46 ms by bot id=8813857960
2026-06-21 10:13:08,317 [INFO] Update id=200745274 is not handled. Duration 48 ms by bot id=8813857960
2026-06-21 10:13:08,317 [INFO] Update id=200745292 is not handled. Duration 46 ms by bot id=8813857960
2026-06-21 10:13:08,317 [INFO] Update id=200745278 is not handled. Duration 48 ms by bot id=8813857960
2026-06-21 10:13:08,318 [INFO] Update id=200745293 is not handled. Duration 46 ms by bot id=8813857960
2026-06-21 10:13:08,318 [INFO] Update id=200745277 is not handled. Duration 49 ms by bot id=8813857960
2026-06-21 10:13:08,318 [INFO] Update id=200745283 is not handled. Duration 48 ms by bot id=8813857960
2026-06-21 10:13:08,318 [INFO] Update id=200745284 is not handled. Duration 48 ms by bot id=8813857960
2026-06-21 10:13:08,319 [INFO] Update id=200745294 is not handled. Duration 47 ms by bot id=8813857960
2026-06-21 10:13:08,319 [INFO] Update id=200745288 is not handled. Duration 48 ms by bot id=8813857960
2026-06-21 10:13:08,319 [INFO] Update id=200745295 is not handled. Duration 47 ms by bot id=8813857960
2026-06-21 10:13:08,319 [INFO] Update id=200745296 is not handled. Duration 47 ms by bot id=8813857960
2026-06-21 10:13:08,319 [INFO] Update id=200745297 is not handled. Duration 47 ms by bot id=8813857960
2026-06-21 10:13:08,320 [INFO] Update id=200745275 is not handled. Duration 51 ms by bot id=8813857960
2026-06-21 10:13:08,320 [INFO] Update id=200745298 is not handled. Duration 48 ms by bot id=8813857960
2026-06-21 10:13:08,320 [INFO] Update id=200745285 is not handled. Duration 50 ms by bot id=8813857960
2026-06-21 10:13:08,320 [INFO] Update id=200745299 is not handled. Duration 48 ms by bot id=8813857960
2026-06-21 10:13:08,320 [INFO] Update id=200745281 is not handled. Duration 51 ms by bot id=8813857960
2026-06-21 10:13:08,321 [INFO] Update id=200745276 is not handled. Duration 52 ms by bot id=8813857960
2026-06-21 10:13:08,321 [INFO] Update id=200745300 is not handled. Duration 49 ms by bot id=8813857960
2026-06-21 10:13:08,321 [INFO] Update id=200745301 is not handled. Duration 49 ms by bot id=8813857960
2026-06-21 10:13:08,322 [INFO] Update id=200745280 is not handled. Duration 52 ms by bot id=8813857960
2026-06-21 10:13:08,322 [INFO] Update id=200745302 is not handled. Duration 49 ms by bot id=8813857960
2026-06-21 10:13:08,322 [INFO] Update id=200745303 is not handled. Duration 49 ms by bot id=8813857960
2026-06-21 10:13:08,322 [INFO] Update id=200745304 is not handled. Duration 49 ms by bot id=8813857960
2026-06-21 10:13:08,322 [INFO] Update id=200745287 is not handled. Duration 52 ms by bot id=8813857960
2026-06-21 10:13:08,323 [INFO] Update id=200745305 is not handled. Duration 50 ms by bot id=8813857960
2026-06-21 10:13:08,323 [INFO] Update id=200745279 is not handled. Duration 54 ms by bot id=8813857960
2026-06-21 10:13:08,323 [INFO] Update id=200745306 is not handled. Duration 50 ms by bot id=8813857960
2026-06-21 10:13:08,323 [INFO] Update id=200745307 is not handled. Duration 50 ms by bot id=8813857960
2026-06-21 10:13:08,324 [INFO] Update id=200745308 is not handled. Duration 50 ms by bot id=8813857960
2026-06-21 10:13:08,324 [INFO] Update id=200745309 is not handled. Duration 50 ms by bot id=8813857960
2026-06-21 10:13:08,324 [INFO] Update id=200745310 is not handled. Duration 50 ms by bot id=8813857960
2026-06-21 10:13:08,326 [INFO] Update id=200745311 is not handled. Duration 52 ms by bot id=8813857960
2026-06-21 10:13:08,326 [INFO] Update id=200745312 is not handled. Duration 52 ms by bot id=8813857960
2026-06-21 10:13:08,326 [INFO] Update id=200745313 is not handled. Duration 52 ms by bot id=8813857960
2026-06-21 10:13:08,327 [INFO] Update id=200745314 is not handled. Duration 52 ms by bot id=8813857960
2026-06-21 10:13:08,327 [INFO] Update id=200745315 is not handled. Duration 52 ms by bot id=8813857960
2026-06-21 10:13:08,327 [INFO] Update id=200745316 is not handled. Duration 52 ms by bot id=8813857960
2026-06-21 10:13:08,327 [INFO] Update id=200745317 is not handled. Duration 52 ms by bot id=8813857960
2026-06-21 10:13:08,327 [INFO] Update id=200745318 is not handled. Duration 52 ms by bot id=8813857960
2026-06-21 10:13:08,328 [INFO] Update id=200745319 is not handled. Duration 53 ms by bot id=8813857960
2026-06-21 10:13:08,328 [INFO] Update id=200745320 is not handled. Duration 53 ms by bot id=8813857960
2026-06-21 10:13:08,328 [INFO] Update id=200745321 is not handled. Duration 53 ms by bot id=8813857960
2026-06-21 10:13:08,328 [INFO] Update id=200745322 is not handled. Duration 53 ms by bot id=8813857960
2026-06-21 10:13:08,328 [INFO] Update id=200745323 is not handled. Duration 53 ms by bot id=8813857960
2026-06-21 10:13:08,329 [INFO] Update id=200745324 is not handled. Duration 53 ms by bot id=8813857960
2026-06-21 10:13:08,329 [INFO] Update id=200745325 is not handled. Duration 53 ms by bot id=8813857960
2026-06-21 10:13:08,329 [INFO] Update id=200745326 is not handled. Duration 53 ms by bot id=8813857960
2026-06-21 10:13:08,329 [INFO] Update id=200745327 is not handled. Duration 53 ms by bot id=8813857960
2026-06-21 10:13:08,330 [INFO] Update id=200745328 is not handled. Duration 53 ms by bot id=8813857960
2026-06-21 10:13:08,330 [INFO] Update id=200745329 is not handled. Duration 53 ms by bot id=8813857960
2026-06-21 10:13:08,330 [INFO] Update id=200745330 is not handled. Duration 54 ms by bot id=8813857960
2026-06-21 10:13:08,330 [INFO] Update id=200745331 is not handled. Duration 54 ms by bot id=8813857960
2026-06-21 10:13:08,330 [INFO] Update id=200745332 is not handled. Duration 53 ms by bot id=8813857960
2026-06-21 10:13:08,331 [INFO] Update id=200745333 is not handled. Duration 53 ms by bot id=8813857960
2026-06-21 10:13:08,331 [INFO] Update id=200745334 is not handled. Duration 53 ms by bot id=8813857960
2026-06-21 10:13:08,331 [INFO] Update id=200745335 is not handled. Duration 53 ms by bot id=8813857960
2026-06-21 10:13:08,331 [INFO] Update id=200745336 is not handled. Duration 53 ms by bot id=8813857960
2026-06-21 10:13:08,331 [INFO] Update id=200745337 is not handled. Duration 53 ms by bot id=8813857960
2026-06-21 10:13:08,332 [INFO] Update id=200745338 is not handled. Duration 53 ms by bot id=8813857960
2026-06-21 10:13:08,332 [INFO] Update id=200745339 is not handled. Duration 54 ms by bot id=8813857960
2026-06-21 10:13:08,332 [INFO] Update id=200745340 is not handled. Duration 54 ms by bot id=8813857960
2026-06-21 10:13:08,332 [INFO] Update id=200745341 is not handled. Duration 53 ms by bot id=8813857960
2026-06-21 10:13:08,333 [INFO] Update id=200745342 is not handled. Duration 54 ms by bot id=8813857960
2026-06-21 10:13:08,333 [INFO] Update id=200745343 is not handled. Duration 54 ms by bot id=8813857960
2026-06-21 10:13:08,333 [INFO] Update id=200745344 is not handled. Duration 54 ms by bot id=8813857960
2026-06-21 10:13:08,333 [INFO] Update id=200745345 is not handled. Duration 54 ms by bot id=8813857960
2026-06-21 10:13:08,333 [INFO] Update id=200745346 is not handled. Duration 54 ms by bot id=8813857960
2026-06-21 10:13:08,334 [INFO] Update id=200745347 is not handled. Duration 54 ms by bot id=8813857960
2026-06-21 10:13:08,334 [INFO] Update id=200745348 is not handled. Duration 54 ms by bot id=8813857960
2026-06-21 10:13:08,334 [INFO] Update id=200745349 is not handled. Duration 54 ms by bot id=8813857960
2026-06-21 10:13:08,334 [INFO] Update id=200745350 is not handled. Duration 54 ms by bot id=8813857960
2026-06-21 10:13:08,334 [INFO] Update id=200745351 is not handled. Duration 54 ms by bot id=8813857960
2026-06-21 10:13:08,335 [INFO] Update id=200745352 is not handled. Duration 54 ms by bot id=8813857960
2026-06-21 10:13:08,335 [INFO] Update id=200745353 is not handled. Duration 54 ms by bot id=8813857960
2026-06-21 10:13:08,335 [INFO] Update id=200745354 is not handled. Duration 55 ms by bot id=8813857960
2026-06-21 10:13:08,335 [INFO] Update id=200745355 is not handled. Duration 55 ms by bot id=8813857960
2026-06-21 10:13:08,336 [INFO] Update id=200745356 is not handled. Duration 55 ms by bot id=8813857960
2026-06-21 10:13:08,336 [INFO] Update id=200745357 is not handled. Duration 55 ms by bot id=8813857960
2026-06-21 10:13:08,336 [INFO] Update id=200745358 is not handled. Duration 55 ms by bot id=8813857960
2026-06-21 10:13:08,336 [INFO] Update id=200745359 is not handled. Duration 55 ms by bot id=8813857960
2026-06-21 10:13:08,336 [INFO] Update id=200745360 is not handled. Duration 55 ms by bot id=8813857960
2026-06-21 10:13:08,337 [INFO] Update id=200745361 is not handled. Duration 55 ms by bot id=8813857960
2026-06-21 10:13:08,337 [INFO] Update id=200745362 is not handled. Duration 55 ms by bot id=8813857960
2026-06-21 10:13:08,337 [INFO] Update id=200745363 is not handled. Duration 55 ms by bot id=8813857960
2026-06-21 10:13:08,337 [INFO] Update id=200745364 is not handled. Duration 56 ms by bot id=8813857960
2026-06-21 10:13:08,338 [INFO] Update id=200745365 is not handled. Duration 56 ms by bot id=8813857960
2026-06-21 10:13:08,338 [INFO] Update id=200745366 is not handled. Duration 56 ms by bot id=8813857960
2026-06-21 10:13:08,338 [INFO] Update id=200745367 is not handled. Duration 56 ms by bot id=8813857960
2026-06-21 10:13:08,338 [INFO] Update id=200745368 is not handled. Duration 56 ms by bot id=8813857960
2026-06-21 10:13:08,338 [INFO] Update id=200745369 is not handled. Duration 56 ms by bot id=8813857960
2026-06-21 10:13:08,339 [INFO] Update id=200745370 is not handled. Duration 56 ms by bot id=8813857960
2026-06-21 10:13:08,339 [INFO] Update id=200745371 is not handled. Duration 56 ms by bot id=8813857960
2026-06-21 10:13:08,339 [INFO] Update id=200745372 is not handled. Duration 56 ms by bot id=8813857960
2026-06-21 10:13:08,506 [INFO] Update id=200745381 is not handled. Duration 107 ms by bot id=8813857960
2026-06-21 10:13:08,507 [INFO] Update id=200745383 is not handled. Duration 107 ms by bot id=8813857960
2026-06-21 10:13:08,507 [INFO] Update id=200745392 is not handled. Duration 107 ms by bot id=8813857960
2026-06-21 10:13:08,508 [INFO] Update id=200745393 is not handled. Duration 107 ms by bot id=8813857960
2026-06-21 10:13:08,508 [INFO] Update id=200745394 is not handled. Duration 107 ms by bot id=8813857960
2026-06-21 10:13:08,508 [INFO] Update id=200745380 is not handled. Duration 109 ms by bot id=8813857960
2026-06-21 10:13:08,508 [INFO] Update id=200745388 is not handled. Duration 108 ms by bot id=8813857960
2026-06-21 10:13:08,508 [INFO] Update id=200745375 is not handled. Duration 110 ms by bot id=8813857960
2026-06-21 10:13:08,509 [INFO] Update id=200745395 is not handled. Duration 108 ms by bot id=8813857960
2026-06-21 10:13:08,509 [INFO] Update id=200745396 is not handled. Duration 108 ms by bot id=8813857960
2026-06-21 10:13:08,509 [INFO] Update id=200745397 is not handled. Duration 108 ms by bot id=8813857960
2026-06-21 10:13:08,509 [INFO] Update id=200745385 is not handled. Duration 110 ms by bot id=8813857960
2026-06-21 10:13:08,509 [INFO] Update id=200745398 is not handled. Duration 108 ms by bot id=8813857960
2026-06-21 10:13:08,510 [INFO] Update id=200745399 is not handled. Duration 108 ms by bot id=8813857960
2026-06-21 10:13:08,510 [INFO] Update id=200745373 is not handled. Duration 112 ms by bot id=8813857960
2026-06-21 10:13:08,511 [INFO] Update id=200745382 is not handled. Duration 112 ms by bot id=8813857960
2026-06-21 10:13:08,512 [INFO] Update id=200745390 is not handled. Duration 111 ms by bot id=8813857960
2026-06-21 10:13:08,512 [INFO] Update id=200745391 is not handled. Duration 112 ms by bot id=8813857960
2026-06-21 10:13:08,512 [INFO] Update id=200745405 is not handled. Duration 110 ms by bot id=8813857960
2026-06-21 10:13:08,512 [INFO] Update id=200745406 is not handled. Duration 110 ms by bot id=8813857960
2026-06-21 10:13:08,513 [INFO] Update id=200745389 is not handled. Duration 113 ms by bot id=8813857960
2026-06-21 10:13:08,513 [INFO] Update id=200745407 is not handled. Duration 110 ms by bot id=8813857960
2026-06-21 10:13:08,513 [INFO] Update id=200745384 is not handled. Duration 114 ms by bot id=8813857960
2026-06-21 10:13:08,513 [INFO] Update id=200745379 is not handled. Duration 115 ms by bot id=8813857960
2026-06-21 10:13:08,514 [INFO] Update id=200745378 is not handled. Duration 115 ms by bot id=8813857960
2026-06-21 10:13:08,514 [INFO] Update id=200745400 is not handled. Duration 112 ms by bot id=8813857960
2026-06-21 10:13:08,514 [INFO] Update id=200745401 is not handled. Duration 112 ms by bot id=8813857960
2026-06-21 10:13:08,514 [INFO] Update id=200745402 is not handled. Duration 112 ms by bot id=8813857960
2026-06-21 10:13:08,514 [INFO] Update id=200745403 is not handled. Duration 113 ms by bot id=8813857960
2026-06-21 10:13:08,515 [INFO] Update id=200745404 is not handled. Duration 113 ms by bot id=8813857960
2026-06-21 10:13:08,515 [INFO] Update id=200745408 is not handled. Duration 112 ms by bot id=8813857960
2026-06-21 10:13:08,515 [INFO] Update id=200745409 is not handled. Duration 112 ms by bot id=8813857960
2026-06-21 10:13:08,515 [INFO] Update id=200745377 is not handled. Duration 117 ms by bot id=8813857960
2026-06-21 10:13:08,516 [INFO] Update id=200745410 is not handled. Duration 113 ms by bot id=8813857960
2026-06-21 10:13:08,516 [INFO] Update id=200745386 is not handled. Duration 116 ms by bot id=8813857960
2026-06-21 10:13:08,516 [INFO] Update id=200745411 is not handled. Duration 113 ms by bot id=8813857960
2026-06-21 10:13:08,516 [INFO] Update id=200745412 is not handled. Duration 108 ms by bot id=8813857960
2026-06-21 10:13:08,516 [INFO] Update id=200745387 is not handled. Duration 117 ms by bot id=8813857960
2026-06-21 10:13:08,517 [INFO] Update id=200745413 is not handled. Duration 109 ms by bot id=8813857960
2026-06-21 10:13:08,517 [INFO] Update id=200745414 is not handled. Duration 109 ms by bot id=8813857960
2026-06-21 10:13:08,517 [INFO] Update id=200745415 is not handled. Duration 109 ms by bot id=8813857960
2026-06-21 10:13:08,517 [INFO] Update id=200745416 is not handled. Duration 109 ms by bot id=8813857960
2026-06-21 10:13:08,518 [INFO] Update id=200745417 is not handled. Duration 109 ms by bot id=8813857960
2026-06-21 10:13:08,518 [INFO] Update id=200745418 is not handled. Duration 109 ms by bot id=8813857960
2026-06-21 10:13:08,518 [INFO] Update id=200745419 is not handled. Duration 109 ms by bot id=8813857960
2026-06-21 10:13:08,518 [INFO] Update id=200745420 is not handled. Duration 109 ms by bot id=8813857960
2026-06-21 10:13:08,518 [INFO] Update id=200745421 is not handled. Duration 109 ms by bot id=8813857960
2026-06-21 10:13:08,519 [INFO] Update id=200745422 is not handled. Duration 109 ms by bot id=8813857960
2026-06-21 10:13:08,519 [INFO] Update id=200745423 is not handled. Duration 109 ms by bot id=8813857960
2026-06-21 10:13:08,519 [INFO] Update id=200745424 is not handled. Duration 109 ms by bot id=8813857960
2026-06-21 10:13:08,519 [INFO] Update id=200745425 is not handled. Duration 110 ms by bot id=8813857960
2026-06-21 10:13:08,519 [INFO] Update id=200745376 is not handled. Duration 121 ms by bot id=8813857960
2026-06-21 10:13:08,520 [INFO] Update id=200745426 is not handled. Duration 110 ms by bot id=8813857960
2026-06-21 10:13:08,520 [INFO] Update id=200745427 is not handled. Duration 110 ms by bot id=8813857960
2026-06-21 10:13:08,520 [INFO] Update id=200745428 is not handled. Duration 110 ms by bot id=8813857960
2026-06-21 10:13:08,520 [INFO] Update id=200745429 is not handled. Duration 110 ms by bot id=8813857960
2026-06-21 10:13:08,521 [INFO] Update id=200745430 is not handled. Duration 110 ms by bot id=8813857960
2026-06-21 10:13:08,521 [INFO] Update id=200745431 is not handled. Duration 110 ms by bot id=8813857960
2026-06-21 10:13:08,521 [INFO] Update id=200745432 is not handled. Duration 110 ms by bot id=8813857960
2026-06-21 10:13:08,521 [INFO] Update id=200745433 is not handled. Duration 110 ms by bot id=8813857960
2026-06-21 10:13:08,521 [INFO] Update id=200745374 is not handled. Duration 124 ms by bot id=8813857960
2026-06-21 10:13:08,522 [INFO] Update id=200745434 is not handled. Duration 111 ms by bot id=8813857960
2026-06-21 10:13:08,522 [INFO] Update id=200745435 is not handled. Duration 111 ms by bot id=8813857960
2026-06-21 10:13:08,522 [INFO] Update id=200745436 is not handled. Duration 111 ms by bot id=8813857960
2026-06-21 10:13:08,522 [INFO] Update id=200745437 is not handled. Duration 111 ms by bot id=8813857960
2026-06-21 10:13:08,522 [INFO] Update id=200745438 is not handled. Duration 111 ms by bot id=8813857960
2026-06-21 10:13:08,523 [INFO] Update id=200745439 is not handled. Duration 111 ms by bot id=8813857960
2026-06-21 10:13:08,523 [INFO] Update id=200745440 is not handled. Duration 111 ms by bot id=8813857960
2026-06-21 10:13:08,523 [INFO] Update id=200745441 is not handled. Duration 111 ms by bot id=8813857960
2026-06-21 10:13:08,523 [INFO] Update id=200745442 is not handled. Duration 112 ms by bot id=8813857960
2026-06-21 10:13:08,524 [INFO] Update id=200745443 is not handled. Duration 54 ms by bot id=8813857960
2026-06-21 10:13:08,524 [INFO] Update id=200745444 is not handled. Duration 54 ms by bot id=8813857960
2026-06-21 10:13:08,524 [INFO] Update id=200745445 is not handled. Duration 54 ms by bot id=8813857960
2026-06-21 10:13:08,524 [INFO] Update id=200745446 is not handled. Duration 54 ms by bot id=8813857960
2026-06-21 10:13:08,524 [INFO] Update id=200745447 is not handled. Duration 54 ms by bot id=8813857960
2026-06-21 10:13:08,525 [INFO] Update id=200745448 is not handled. Duration 54 ms by bot id=8813857960
2026-06-21 10:13:08,525 [INFO] Update id=200745449 is not handled. Duration 54 ms by bot id=8813857960
2026-06-21 10:13:08,525 [INFO] Update id=200745450 is not handled. Duration 54 ms by bot id=8813857960
2026-06-21 10:13:08,525 [INFO] Update id=200745451 is not handled. Duration 54 ms by bot id=8813857960
2026-06-21 10:13:08,525 [INFO] Update id=200745452 is not handled. Duration 54 ms by bot id=8813857960
2026-06-21 10:13:08,526 [INFO] Update id=200745453 is not handled. Duration 54 ms by bot id=8813857960
2026-06-21 10:13:08,526 [INFO] Update id=200745454 is not handled. Duration 55 ms by bot id=8813857960
2026-06-21 10:13:08,526 [INFO] Update id=200745455 is not handled. Duration 55 ms by bot id=8813857960
2026-06-21 10:13:08,526 [INFO] Update id=200745456 is not handled. Duration 55 ms by bot id=8813857960
2026-06-21 10:13:08,527 [INFO] Update id=200745457 is not handled. Duration 55 ms by bot id=8813857960
2026-06-21 10:13:08,527 [INFO] Update id=200745458 is not handled. Duration 55 ms by bot id=8813857960
2026-06-21 10:13:08,527 [INFO] Update id=200745459 is not handled. Duration 55 ms by bot id=8813857960
2026-06-21 10:13:08,527 [INFO] Update id=200745460 is not handled. Duration 55 ms by bot id=8813857960
2026-06-21 10:13:08,527 [INFO] Update id=200745461 is not handled. Duration 55 ms by bot id=8813857960
2026-06-21 10:13:08,528 [INFO] Update id=200745462 is not handled. Duration 55 ms by bot id=8813857960
2026-06-21 10:13:08,530 [INFO] Update id=200745463 is not handled. Duration 57 ms by bot id=8813857960
2026-06-21 10:13:08,530 [INFO] Update id=200745464 is not handled. Duration 57 ms by bot id=8813857960
2026-06-21 10:13:08,530 [INFO] Update id=200745465 is not handled. Duration 57 ms by bot id=8813857960
2026-06-21 10:13:08,530 [INFO] Update id=200745467 is not handled. Duration 57 ms by bot id=8813857960
2026-06-21 10:13:08,531 [INFO] Update id=200745468 is not handled. Duration 57 ms by bot id=8813857960
2026-06-21 10:13:08,531 [INFO] Update id=200745469 is not handled. Duration 57 ms by bot id=8813857960
2026-06-21 10:13:08,531 [INFO] Update id=200745470 is not handled. Duration 57 ms by bot id=8813857960
2026-06-21 10:13:08,531 [INFO] Update id=200745472 is not handled. Duration 57 ms by bot id=8813857960
2026-06-21 10:13:08,531 [INFO] Update id=200745466 is not handled. Duration 59 ms by bot id=8813857960
2026-06-21 10:13:08,532 [INFO] Update id=200745471 is not handled. Duration 58 ms by bot id=8813857960
2026-06-21 10:13:08,710 [INFO] Update id=200745473 is not handled. Duration 49 ms by bot id=8813857960
2026-06-21 10:13:08,711 [INFO] Update id=200745480 is not handled. Duration 48 ms by bot id=8813857960
2026-06-21 10:13:08,712 [INFO] Update id=200745489 is not handled. Duration 48 ms by bot id=8813857960
2026-06-21 10:13:08,712 [INFO] Update id=200745484 is not handled. Duration 49 ms by bot id=8813857960
2026-06-21 10:13:08,712 [INFO] Update id=200745490 is not handled. Duration 48 ms by bot id=8813857960
2026-06-21 10:13:08,712 [INFO] Update id=200745486 is not handled. Duration 49 ms by bot id=8813857960
2026-06-21 10:13:08,713 [INFO] Update id=200745491 is not handled. Duration 48 ms by bot id=8813857960
2026-06-21 10:13:08,713 [INFO] Update id=200745488 is not handled. Duration 49 ms by bot id=8813857960
2026-06-21 10:13:08,713 [INFO] Update id=200745487 is not handled. Duration 49 ms by bot id=8813857960
2026-06-21 10:13:08,713 [INFO] Update id=200745475 is not handled. Duration 51 ms by bot id=8813857960
2026-06-21 10:13:08,714 [INFO] Update id=200745492 is not handled. Duration 49 ms by bot id=8813857960
2026-06-21 10:13:08,714 [INFO] Update id=200745493 is not handled. Duration 49 ms by bot id=8813857960
2026-06-21 10:13:08,714 [INFO] Update id=200745494 is not handled. Duration 49 ms by bot id=8813857960
2026-06-21 10:13:08,714 [INFO] Update id=200745478 is not handled. Duration 52 ms by bot id=8813857960
2026-06-21 10:13:08,714 [INFO] Update id=200745495 is not handled. Duration 49 ms by bot id=8813857960
2026-06-21 10:13:08,715 [INFO] Update id=200745496 is not handled. Duration 50 ms by bot id=8813857960
2026-06-21 10:13:08,715 [INFO] Update id=200745497 is not handled. Duration 50 ms by bot id=8813857960
2026-06-21 10:13:08,715 [INFO] Update id=200745485 is not handled. Duration 52 ms by bot id=8813857960
2026-06-21 10:13:08,716 [INFO] Update id=200745498 is not handled. Duration 50 ms by bot id=8813857960
2026-06-21 10:13:08,716 [INFO] Update id=200745499 is not handled. Duration 50 ms by bot id=8813857960
2026-06-21 10:13:08,716 [INFO] Update id=200745500 is not handled. Duration 51 ms by bot id=8813857960
2026-06-21 10:13:08,716 [INFO] Update id=200745501 is not handled. Duration 51 ms by bot id=8813857960
2026-06-21 10:13:08,717 [INFO] Update id=200745474 is not handled. Duration 55 ms by bot id=8813857960
2026-06-21 10:13:08,717 [INFO] Update id=200745502 is not handled. Duration 51 ms by bot id=8813857960
2026-06-21 10:13:08,717 [INFO] Update id=200745477 is not handled. Duration 55 ms by bot id=8813857960
2026-06-21 10:13:08,717 [INFO] Update id=200745503 is not handled. Duration 51 ms by bot id=8813857960
2026-06-21 10:13:08,717 [INFO] Update id=200745504 is not handled. Duration 51 ms by bot id=8813857960
2026-06-21 10:13:08,718 [INFO] Update id=200745505 is not handled. Duration 51 ms by bot id=8813857960
2026-06-21 10:13:08,718 [INFO] Update id=200745506 is not handled. Duration 52 ms by bot id=8813857960
2026-06-21 10:13:08,718 [INFO] Update id=200745507 is not handled. Duration 52 ms by bot id=8813857960
2026-06-21 10:13:08,718 [INFO] Update id=200745508 is not handled. Duration 52 ms by bot id=8813857960
2026-06-21 10:13:08,718 [INFO] Update id=200745509 is not handled. Duration 52 ms by bot id=8813857960
2026-06-21 10:13:08,719 [INFO] Update id=200745510 is not handled. Duration 52 ms by bot id=8813857960
2026-06-21 10:13:08,719 [INFO] Update id=200745511 is not handled. Duration 52 ms by bot id=8813857960
2026-06-21 10:13:08,719 [INFO] Update id=200745476 is not handled. Duration 57 ms by bot id=8813857960
2026-06-21 10:13:08,719 [INFO] Update id=200745512 is not handled. Duration 52 ms by bot id=8813857960
2026-06-21 10:13:08,720 [INFO] Update id=200745513 is not handled. Duration 52 ms by bot id=8813857960
2026-06-21 10:13:08,720 [INFO] Update id=200745514 is not handled. Duration 52 ms by bot id=8813857960
2026-06-21 10:13:08,720 [INFO] Update id=200745515 is not handled. Duration 52 ms by bot id=8813857960
2026-06-21 10:13:08,720 [INFO] Update id=200745481 is not handled. Duration 57 ms by bot id=8813857960
2026-06-21 10:13:08,720 [INFO] Update id=200745482 is not handled. Duration 57 ms by bot id=8813857960
2026-06-21 10:13:08,721 [INFO] Update id=200745516 is not handled. Duration 53 ms by bot id=8813857960
2026-06-21 10:13:08,721 [INFO] Update id=200745517 is not handled. Duration 53 ms by bot id=8813857960
2026-06-21 10:13:08,721 [INFO] Update id=200745518 is not handled. Duration 53 ms by bot id=8813857960
2026-06-21 10:13:08,721 [INFO] Update id=200745483 is not handled. Duration 58 ms by bot id=8813857960
2026-06-21 10:13:08,721 [INFO] Update id=200745519 is not handled. Duration 53 ms by bot id=8813857960
2026-06-21 10:13:08,722 [INFO] Update id=200745520 is not handled. Duration 53 ms by bot id=8813857960
2026-06-21 10:13:08,722 [INFO] Update id=200745521 is not handled. Duration 53 ms by bot id=8813857960
2026-06-21 10:13:08,722 [INFO] Update id=200745522 is not handled. Duration 53 ms by bot id=8813857960
2026-06-21 10:13:08,722 [INFO] Update id=200745523 is not handled. Duration 54 ms by bot id=8813857960
2026-06-21 10:13:08,723 [INFO] Update id=200745524 is not handled. Duration 54 ms by bot id=8813857960
2026-06-21 10:13:08,723 [INFO] Update id=200745479 is not handled. Duration 60 ms by bot id=8813857960
2026-06-21 10:13:08,723 [INFO] Update id=200745525 is not handled. Duration 54 ms by bot id=8813857960
2026-06-21 10:13:08,723 [INFO] Update id=200745526 is not handled. Duration 54 ms by bot id=8813857960
2026-06-21 10:13:08,723 [INFO] Update id=200745527 is not handled. Duration 54 ms by bot id=8813857960
2026-06-21 10:13:08,724 [INFO] Update id=200745528 is not handled. Duration 54 ms by bot id=8813857960
2026-06-21 10:13:08,724 [INFO] Update id=200745529 is not handled. Duration 54 ms by bot id=8813857960
2026-06-21 10:13:08,724 [INFO] Update id=200745530 is not handled. Duration 54 ms by bot id=8813857960
2026-06-21 10:13:08,724 [INFO] Update id=200745531 is not handled. Duration 54 ms by bot id=8813857960
2026-06-21 10:13:08,724 [INFO] Update id=200745532 is not handled. Duration 55 ms by bot id=8813857960
2026-06-21 10:13:08,725 [INFO] Update id=200745533 is not handled. Duration 55 ms by bot id=8813857960
2026-06-21 10:13:08,725 [INFO] Update id=200745534 is not handled. Duration 55 ms by bot id=8813857960
2026-06-21 10:13:08,725 [INFO] Update id=200745535 is not handled. Duration 55 ms by bot id=8813857960
2026-06-21 10:13:08,725 [INFO] Update id=200745536 is not handled. Duration 55 ms by bot id=8813857960
2026-06-21 10:13:08,726 [INFO] Update id=200745537 is not handled. Duration 55 ms by bot id=8813857960
2026-06-21 10:13:08,726 [INFO] Update id=200745538 is not handled. Duration 55 ms by bot id=8813857960
2026-06-21 10:13:08,726 [INFO] Update id=200745540 is not handled. Duration 55 ms by bot id=8813857960
2026-06-21 10:13:08,726 [INFO] Update id=200745541 is not handled. Duration 55 ms by bot id=8813857960
2026-06-21 10:13:08,726 [INFO] Update id=200745542 is not handled. Duration 55 ms by bot id=8813857960
2026-06-21 10:13:08,727 [INFO] Update id=200745543 is not handled. Duration 55 ms by bot id=8813857960
2026-06-21 10:13:08,727 [INFO] Update id=200745544 is not handled. Duration 55 ms by bot id=8813857960
2026-06-21 10:13:08,727 [INFO] Update id=200745545 is not handled. Duration 55 ms by bot id=8813857960
2026-06-21 10:13:08,727 [INFO] Update id=200745546 is not handled. Duration 55 ms by bot id=8813857960
2026-06-21 10:13:08,728 [INFO] Update id=200745547 is not handled. Duration 55 ms by bot id=8813857960
2026-06-21 10:13:08,728 [INFO] Update id=200745548 is not handled. Duration 56 ms by bot id=8813857960
2026-06-21 10:13:08,728 [INFO] Update id=200745549 is not handled. Duration 56 ms by bot id=8813857960
2026-06-21 10:13:08,730 [INFO] Update id=200745562 is not handled. Duration 56 ms by bot id=8813857960
2026-06-21 10:13:08,730 [INFO] Update id=200745563 is not handled. Duration 56 ms by bot id=8813857960
2026-06-21 10:13:08,730 [INFO] Update id=200745564 is not handled. Duration 56 ms by bot id=8813857960
2026-06-21 10:13:08,731 [INFO] Update id=200745565 is not handled. Duration 56 ms by bot id=8813857960
2026-06-21 10:13:08,731 [INFO] Update id=200745550 is not handled. Duration 58 ms by bot id=8813857960
2026-06-21 10:13:08,731 [INFO] Update id=200745551 is not handled. Duration 58 ms by bot id=8813857960
2026-06-21 10:13:08,731 [INFO] Update id=200745552 is not handled. Duration 58 ms by bot id=8813857960
2026-06-21 10:13:08,731 [INFO] Update id=200745553 is not handled. Duration 59 ms by bot id=8813857960
2026-06-21 10:13:08,732 [INFO] Update id=200745554 is not handled. Duration 59 ms by bot id=8813857960
2026-06-21 10:13:08,732 [INFO] Update id=200745555 is not handled. Duration 59 ms by bot id=8813857960
2026-06-21 10:13:08,732 [INFO] Update id=200745556 is not handled. Duration 59 ms by bot id=8813857960
2026-06-21 10:13:08,732 [INFO] Update id=200745557 is not handled. Duration 59 ms by bot id=8813857960
2026-06-21 10:13:08,732 [INFO] Update id=200745558 is not handled. Duration 59 ms by bot id=8813857960
2026-06-21 10:13:08,733 [INFO] Update id=200745559 is not handled. Duration 59 ms by bot id=8813857960
2026-06-21 10:13:08,733 [INFO] Update id=200745560 is not handled. Duration 59 ms by bot id=8813857960
2026-06-21 10:13:08,733 [INFO] Update id=200745561 is not handled. Duration 59 ms by bot id=8813857960
2026-06-21 10:13:08,733 [INFO] Update id=200745566 is not handled. Duration 59 ms by bot id=8813857960
2026-06-21 10:13:08,734 [INFO] Update id=200745567 is not handled. Duration 59 ms by bot id=8813857960
2026-06-21 10:13:08,734 [INFO] Update id=200745568 is not handled. Duration 59 ms by bot id=8813857960
2026-06-21 10:13:08,734 [INFO] Update id=200745569 is not handled. Duration 59 ms by bot id=8813857960
2026-06-21 10:13:08,734 [INFO] Update id=200745570 is not handled. Duration 59 ms by bot id=8813857960
2026-06-21 10:13:08,734 [INFO] Update id=200745571 is not handled. Duration 59 ms by bot id=8813857960
2026-06-21 10:13:08,735 [INFO] Update id=200745572 is not handled. Duration 59 ms by bot id=8813857960
2026-06-21 10:13:08,888 [INFO] Update id=200745586 is not handled. Duration 48 ms by bot id=8813857960
2026-06-21 10:13:08,889 [INFO] Update id=200745588 is not handled. Duration 48 ms by bot id=8813857960
2026-06-21 10:13:08,889 [INFO] Update id=200745575 is not handled. Duration 50 ms by bot id=8813857960
2026-06-21 10:13:08,890 [INFO] Update id=200745577 is not handled. Duration 51 ms by bot id=8813857960
2026-06-21 10:13:08,890 [INFO] Update id=200745576 is not handled. Duration 51 ms by bot id=8813857960
2026-06-21 10:13:08,890 [INFO] Update id=200745579 is not handled. Duration 51 ms by bot id=8813857960
2026-06-21 10:13:08,891 [INFO] Update id=200745589 is not handled. Duration 50 ms by bot id=8813857960
2026-06-21 10:13:08,891 [INFO] Update id=200745581 is not handled. Duration 51 ms by bot id=8813857960
2026-06-21 10:13:08,891 [INFO] Update id=200745590 is not handled. Duration 50 ms by bot id=8813857960
2026-06-21 10:13:08,891 [INFO] Update id=200745591 is not handled. Duration 50 ms by bot id=8813857960
2026-06-21 10:13:08,892 [INFO] Update id=200745580 is not handled. Duration 52 ms by bot id=8813857960
2026-06-21 10:13:08,892 [INFO] Update id=200745592 is not handled. Duration 51 ms by bot id=8813857960
2026-06-21 10:13:08,892 [INFO] Update id=200745593 is not handled. Duration 51 ms by bot id=8813857960
2026-06-21 10:13:08,892 [INFO] Update id=200745594 is not handled. Duration 51 ms by bot id=8813857960
2026-06-21 10:13:08,893 [INFO] Update id=200745574 is not handled. Duration 54 ms by bot id=8813857960
2026-06-21 10:13:08,893 [INFO] Update id=200745578 is not handled. Duration 54 ms by bot id=8813857960
2026-06-21 10:13:08,893 [INFO] Update id=200745595 is not handled. Duration 51 ms by bot id=8813857960
2026-06-21 10:13:08,893 [INFO] Update id=200745587 is not handled. Duration 53 ms by bot id=8813857960
2026-06-21 10:13:08,894 [INFO] Update id=200745596 is not handled. Duration 52 ms by bot id=8813857960
2026-06-21 10:13:08,894 [INFO] Update id=200745582 is not handled. Duration 54 ms by bot id=8813857960
2026-06-21 10:13:08,894 [INFO] Update id=200745597 is not handled. Duration 52 ms by bot id=8813857960
2026-06-21 10:13:08,894 [INFO] Update id=200745573 is not handled. Duration 56 ms by bot id=8813857960
2026-06-21 10:13:08,894 [INFO] Update id=200745598 is not handled. Duration 52 ms by bot id=8813857960
2026-06-21 10:13:08,895 [INFO] Update id=200745599 is not handled. Duration 52 ms by bot id=8813857960
2026-06-21 10:13:08,895 [INFO] Update id=200745600 is not handled. Duration 53 ms by bot id=8813857960
2026-06-21 10:13:08,895 [INFO] Update id=200745601 is not handled. Duration 53 ms by bot id=8813857960
2026-06-21 10:13:08,895 [INFO] Update id=200745602 is not handled. Duration 53 ms by bot id=8813857960
2026-06-21 10:13:08,895 [INFO] Update id=200745603 is not handled. Duration 53 ms by bot id=8813857960
2026-06-21 10:13:08,896 [INFO] Update id=200745604 is not handled. Duration 53 ms by bot id=8813857960
2026-06-21 10:13:08,896 [INFO] Update id=200745605 is not handled. Duration 53 ms by bot id=8813857960
2026-06-21 10:13:08,896 [INFO] Update id=200745606 is not handled. Duration 53 ms by bot id=8813857960
2026-06-21 10:13:08,896 [INFO] Update id=200745607 is not handled. Duration 53 ms by bot id=8813857960
2026-06-21 10:13:08,897 [INFO] Update id=200745608 is not handled. Duration 53 ms by bot id=8813857960
2026-06-21 10:13:08,897 [INFO] Update id=200745609 is not handled. Duration 53 ms by bot id=8813857960
2026-06-21 10:13:08,897 [INFO] Update id=200745610 is not handled. Duration 53 ms by bot id=8813857960
2026-06-21 10:13:08,899 [INFO] Update id=200745611 is not handled. Duration 55 ms by bot id=8813857960
2026-06-21 10:13:08,899 [INFO] Update id=200745612 is not handled. Duration 55 ms by bot id=8813857960
2026-06-21 10:13:08,899 [INFO] Update id=200745613 is not handled. Duration 56 ms by bot id=8813857960
2026-06-21 10:13:08,900 [INFO] Update id=200745614 is not handled. Duration 56 ms by bot id=8813857960
2026-06-21 10:13:08,900 [INFO] Update id=200745583 is not handled. Duration 60 ms by bot id=8813857960
2026-06-21 10:13:08,900 [INFO] Update id=200745615 is not handled. Duration 56 ms by bot id=8813857960
2026-06-21 10:13:08,900 [INFO] Update id=200745616 is not handled. Duration 56 ms by bot id=8813857960
2026-06-21 10:13:08,901 [INFO] Update id=200745617 is not handled. Duration 56 ms by bot id=8813857960
2026-06-21 10:13:08,901 [INFO] Update id=200745584 is not handled. Duration 61 ms by bot id=8813857960
2026-06-21 10:13:08,901 [INFO] Update id=200745585 is not handled. Duration 61 ms by bot id=8813857960
2026-06-21 10:13:08,901 [INFO] Update id=200745618 is not handled. Duration 57 ms by bot id=8813857960
2026-06-21 10:13:08,901 [INFO] Update id=200745619 is not handled. Duration 57 ms by bot id=8813857960
2026-06-21 10:13:08,902 [INFO] Update id=200745620 is not handled. Duration 53 ms by bot id=8813857960
2026-06-21 10:13:08,902 [INFO] Update id=200745621 is not handled. Duration 53 ms by bot id=8813857960
2026-06-21 10:13:08,902 [INFO] Update id=200745622 is not handled. Duration 53 ms by bot id=8813857960
2026-06-21 10:13:08,902 [INFO] Update id=200745623 is not handled. Duration 54 ms by bot id=8813857960
2026-06-21 10:13:08,902 [INFO] Update id=200745624 is not handled. Duration 54 ms by bot id=8813857960
2026-06-21 10:13:08,903 [INFO] Update id=200745625 is not handled. Duration 54 ms by bot id=8813857960
2026-06-21 10:13:08,903 [INFO] Update id=200745626 is not handled. Duration 54 ms by bot id=8813857960
2026-06-21 10:13:08,903 [INFO] Update id=200745627 is not handled. Duration 54 ms by bot id=8813857960
2026-06-21 10:13:08,903 [INFO] Update id=200745628 is not handled. Duration 54 ms by bot id=8813857960
2026-06-21 10:13:08,903 [INFO] Update id=200745629 is not handled. Duration 54 ms by bot id=8813857960
2026-06-21 10:13:08,904 [INFO] Update id=200745630 is not handled. Duration 54 ms by bot id=8813857960
2026-06-21 10:13:08,904 [INFO] Update id=200745631 is not handled. Duration 54 ms by bot id=8813857960
2026-06-21 10:13:08,904 [INFO] Update id=200745632 is not handled. Duration 54 ms by bot id=8813857960
2026-06-21 10:13:08,904 [INFO] Update id=200745633 is not handled. Duration 54 ms by bot id=8813857960
2026-06-21 10:13:08,905 [INFO] Update id=200745634 is not handled. Duration 55 ms by bot id=8813857960
2026-06-21 10:13:08,905 [INFO] Update id=200745635 is not handled. Duration 55 ms by bot id=8813857960
2026-06-21 10:13:08,905 [INFO] Update id=200745636 is not handled. Duration 55 ms by bot id=8813857960
2026-06-21 10:13:08,905 [INFO] Update id=200745637 is not handled. Duration 55 ms by bot id=8813857960
2026-06-21 10:13:08,905 [INFO] Update id=200745638 is not handled. Duration 55 ms by bot id=8813857960
2026-06-21 10:13:08,906 [INFO] Update id=200745639 is not handled. Duration 55 ms by bot id=8813857960
2026-06-21 10:13:08,906 [INFO] Update id=200745640 is not handled. Duration 55 ms by bot id=8813857960
2026-06-21 10:13:08,906 [INFO] Update id=200745641 is not handled. Duration 55 ms by bot id=8813857960
2026-06-21 10:13:08,906 [INFO] Update id=200745642 is not handled. Duration 55 ms by bot id=8813857960
2026-06-21 10:13:08,907 [INFO] Update id=200745643 is not handled. Duration 55 ms by bot id=8813857960
2026-06-21 10:13:08,907 [INFO] Update id=200745644 is not handled. Duration 56 ms by bot id=8813857960
2026-06-21 10:13:08,907 [INFO] Update id=200745645 is not handled. Duration 56 ms by bot id=8813857960
2026-06-21 10:13:08,907 [INFO] Update id=200745646 is not handled. Duration 56 ms by bot id=8813857960
2026-06-21 10:13:08,907 [INFO] Update id=200745647 is not handled. Duration 56 ms by bot id=8813857960
2026-06-21 10:13:08,908 [INFO] Update id=200745648 is not handled. Duration 56 ms by bot id=8813857960
2026-06-21 10:13:08,908 [INFO] Update id=200745649 is not handled. Duration 56 ms by bot id=8813857960
2026-06-21 10:13:08,908 [INFO] Update id=200745650 is not handled. Duration 56 ms by bot id=8813857960
2026-06-21 10:13:08,908 [INFO] Update id=200745651 is not handled. Duration 56 ms by bot id=8813857960
2026-06-21 10:13:08,909 [INFO] Update id=200745652 is not handled. Duration 56 ms by bot id=8813857960
2026-06-21 10:13:08,909 [INFO] Update id=200745653 is not handled. Duration 56 ms by bot id=8813857960
2026-06-21 10:13:08,909 [INFO] Update id=200745654 is not handled. Duration 56 ms by bot id=8813857960
2026-06-21 10:13:08,909 [INFO] Update id=200745655 is not handled. Duration 56 ms by bot id=8813857960
2026-06-21 10:13:08,909 [INFO] Update id=200745656 is not handled. Duration 56 ms by bot id=8813857960
2026-06-21 10:13:08,910 [INFO] Update id=200745657 is not handled. Duration 56 ms by bot id=8813857960
2026-06-21 10:13:08,910 [INFO] Update id=200745658 is not handled. Duration 56 ms by bot id=8813857960
2026-06-21 10:13:08,910 [INFO] Update id=200745659 is not handled. Duration 56 ms by bot id=8813857960
2026-06-21 10:13:08,910 [INFO] Update id=200745660 is not handled. Duration 56 ms by bot id=8813857960
2026-06-21 10:13:08,910 [INFO] Update id=200745661 is not handled. Duration 57 ms by bot id=8813857960
2026-06-21 10:13:08,911 [INFO] Update id=200745662 is not handled. Duration 57 ms by bot id=8813857960
2026-06-21 10:13:08,911 [INFO] Update id=200745663 is not handled. Duration 57 ms by bot id=8813857960
2026-06-21 10:13:08,911 [INFO] Update id=200745664 is not handled. Duration 57 ms by bot id=8813857960
2026-06-21 10:13:08,911 [INFO] Update id=200745665 is not handled. Duration 57 ms by bot id=8813857960
2026-06-21 10:13:08,911 [INFO] Update id=200745666 is not handled. Duration 57 ms by bot id=8813857960
2026-06-21 10:13:08,912 [INFO] Update id=200745667 is not handled. Duration 57 ms by bot id=8813857960
2026-06-21 10:13:08,912 [INFO] Update id=200745668 is not handled. Duration 57 ms by bot id=8813857960
2026-06-21 10:13:08,912 [INFO] Update id=200745669 is not handled. Duration 57 ms by bot id=8813857960
2026-06-21 10:13:08,912 [INFO] Update id=200745670 is not handled. Duration 57 ms by bot id=8813857960
2026-06-21 10:13:08,913 [INFO] Update id=200745671 is not handled. Duration 57 ms by bot id=8813857960
2026-06-21 10:13:08,913 [INFO] Update id=200745672 is not handled. Duration 57 ms by bot id=8813857960
2026-06-21 10:13:08,944 [INFO] Update id=200745539 is handled. Duration 274 ms by bot id=8813857960
2026-06-21 10:13:09,047 [INFO] Update id=200745695 is not handled. Duration 57 ms by bot id=8813857960
2026-06-21 10:13:09,048 [INFO] Update id=200745696 is not handled. Duration 58 ms by bot id=8813857960
2026-06-21 10:13:09,049 [INFO] Update id=200745697 is not handled. Duration 58 ms by bot id=8813857960
2026-06-21 10:13:09,049 [INFO] Update id=200745690 is not handled. Duration 60 ms by bot id=8813857960
2026-06-21 10:13:09,050 [INFO] Update id=200745685 is not handled. Duration 61 ms by bot id=8813857960
2026-06-21 10:13:09,050 [INFO] Update id=200745683 is not handled. Duration 62 ms by bot id=8813857960
2026-06-21 10:13:09,050 [INFO] Update id=200745693 is not handled. Duration 60 ms by bot id=8813857960
2026-06-21 10:13:09,051 [INFO] Update id=200745698 is not handled. Duration 60 ms by bot id=8813857960
2026-06-21 10:13:09,051 [INFO] Update id=200745699 is not handled. Duration 60 ms by bot id=8813857960
2026-06-21 10:13:09,051 [INFO] Update id=200745673 is not handled. Duration 64 ms by bot id=8813857960
2026-06-21 10:13:09,052 [INFO] Update id=200745700 is not handled. Duration 61 ms by bot id=8813857960
2026-06-21 10:13:09,052 [INFO] Update id=200745701 is not handled. Duration 61 ms by bot id=8813857960
2026-06-21 10:13:09,052 [INFO] Update id=200745675 is not handled. Duration 65 ms by bot id=8813857960
2026-06-21 10:13:09,052 [INFO] Update id=200745702 is not handled. Duration 61 ms by bot id=8813857960
2026-06-21 10:13:09,052 [INFO] Update id=200745682 is not handled. Duration 64 ms by bot id=8813857960
2026-06-21 10:13:09,053 [INFO] Update id=200745703 is not handled. Duration 62 ms by bot id=8813857960
2026-06-21 10:13:09,053 [INFO] Update id=200745676 is not handled. Duration 66 ms by bot id=8813857960
2026-06-21 10:13:09,053 [INFO] Update id=200745692 is not handled. Duration 63 ms by bot id=8813857960
2026-06-21 10:13:09,054 [INFO] Update id=200745704 is not handled. Duration 62 ms by bot id=8813857960
2026-06-21 10:13:09,054 [INFO] Update id=200745705 is not handled. Duration 62 ms by bot id=8813857960
2026-06-21 10:13:09,054 [INFO] Update id=200745706 is not handled. Duration 62 ms by bot id=8813857960
2026-06-21 10:13:09,054 [INFO] Update id=200745686 is not handled. Duration 65 ms by bot id=8813857960
2026-06-21 10:13:09,054 [INFO] Update id=200745688 is not handled. Duration 65 ms by bot id=8813857960
2026-06-21 10:13:09,055 [INFO] Update id=200745674 is not handled. Duration 67 ms by bot id=8813857960
2026-06-21 10:13:09,055 [INFO] Update id=200745677 is not handled. Duration 67 ms by bot id=8813857960
2026-06-21 10:13:09,055 [INFO] Update id=200745707 is not handled. Duration 63 ms by bot id=8813857960
2026-06-21 10:13:09,055 [INFO] Update id=200745708 is not handled. Duration 63 ms by bot id=8813857960
2026-06-21 10:13:09,056 [INFO] Update id=200745709 is not handled. Duration 63 ms by bot id=8813857960
2026-06-21 10:13:09,056 [INFO] Update id=200745710 is not handled. Duration 63 ms by bot id=8813857960
2026-06-21 10:13:09,056 [INFO] Update id=200745689 is not handled. Duration 66 ms by bot id=8813857960
2026-06-21 10:13:09,056 [INFO] Update id=200745711 is not handled. Duration 64 ms by bot id=8813857960
2026-06-21 10:13:09,056 [INFO] Update id=200745712 is not handled. Duration 64 ms by bot id=8813857960
2026-06-21 10:13:09,057 [INFO] Update id=200745713 is not handled. Duration 64 ms by bot id=8813857960
2026-06-21 10:13:09,057 [INFO] Update id=200745679 is not handled. Duration 69 ms by bot id=8813857960
2026-06-21 10:13:09,057 [INFO] Update id=200745714 is not handled. Duration 64 ms by bot id=8813857960
2026-06-21 10:13:09,057 [INFO] Update id=200745715 is not handled. Duration 64 ms by bot id=8813857960
2026-06-21 10:13:09,057 [INFO] Update id=200745694 is not handled. Duration 67 ms by bot id=8813857960
2026-06-21 10:13:09,058 [INFO] Update id=200745716 is not handled. Duration 65 ms by bot id=8813857960
2026-06-21 10:13:09,058 [INFO] Update id=200745717 is not handled. Duration 64 ms by bot id=8813857960
2026-06-21 10:13:09,058 [INFO] Update id=200745718 is not handled. Duration 65 ms by bot id=8813857960
2026-06-21 10:13:09,058 [INFO] Update id=200745719 is not handled. Duration 65 ms by bot id=8813857960
2026-06-21 10:13:09,059 [INFO] Update id=200745720 is not handled. Duration 65 ms by bot id=8813857960
2026-06-21 10:13:09,059 [INFO] Update id=200745721 is not handled. Duration 65 ms by bot id=8813857960
2026-06-21 10:13:09,059 [INFO] Update id=200745722 is not handled. Duration 65 ms by bot id=8813857960
2026-06-21 10:13:09,059 [INFO] Update id=200745723 is not handled. Duration 65 ms by bot id=8813857960
2026-06-21 10:13:09,059 [INFO] Update id=200745724 is not handled. Duration 65 ms by bot id=8813857960
2026-06-21 10:13:09,060 [INFO] Update id=200745681 is not handled. Duration 71 ms by bot id=8813857960
2026-06-21 10:13:09,060 [INFO] Update id=200745725 is not handled. Duration 65 ms by bot id=8813857960
2026-06-21 10:13:09,060 [INFO] Update id=200745726 is not handled. Duration 65 ms by bot id=8813857960
2026-06-21 10:13:09,060 [INFO] Update id=200745727 is not handled. Duration 66 ms by bot id=8813857960
2026-06-21 10:13:09,060 [INFO] Update id=200745728 is not handled. Duration 66 ms by bot id=8813857960
2026-06-21 10:13:09,061 [INFO] Update id=200745729 is not handled. Duration 66 ms by bot id=8813857960
2026-06-21 10:13:09,061 [INFO] Update id=200745730 is not handled. Duration 66 ms by bot id=8813857960
2026-06-21 10:13:09,061 [INFO] Update id=200745731 is not handled. Duration 66 ms by bot id=8813857960
2026-06-21 10:13:09,061 [INFO] Update id=200745732 is not handled. Duration 66 ms by bot id=8813857960
2026-06-21 10:13:09,062 [INFO] Update id=200745733 is not handled. Duration 66 ms by bot id=8813857960
2026-06-21 10:13:09,062 [INFO] Update id=200745734 is not handled. Duration 66 ms by bot id=8813857960
2026-06-21 10:13:09,062 [INFO] Update id=200745735 is not handled. Duration 66 ms by bot id=8813857960
2026-06-21 10:13:09,062 [INFO] Update id=200745736 is not handled. Duration 66 ms by bot id=8813857960
2026-06-21 10:13:09,062 [INFO] Update id=200745737 is not handled. Duration 66 ms by bot id=8813857960
2026-06-21 10:13:09,063 [INFO] Update id=200745738 is not handled. Duration 66 ms by bot id=8813857960
2026-06-21 10:13:09,063 [INFO] Update id=200745691 is not handled. Duration 73 ms by bot id=8813857960
2026-06-21 10:13:09,063 [INFO] Update id=200745739 is not handled. Duration 67 ms by bot id=8813857960
2026-06-21 10:13:09,063 [INFO] Update id=200745740 is not handled. Duration 67 ms by bot id=8813857960
2026-06-21 10:13:09,063 [INFO] Update id=200745741 is not handled. Duration 67 ms by bot id=8813857960
2026-06-21 10:13:09,064 [INFO] Update id=200745742 is not handled. Duration 67 ms by bot id=8813857960
2026-06-21 10:13:09,064 [INFO] Update id=200745743 is not handled. Duration 67 ms by bot id=8813857960
2026-06-21 10:13:09,064 [INFO] Update id=200745744 is not handled. Duration 67 ms by bot id=8813857960
2026-06-21 10:13:09,064 [INFO] Update id=200745745 is not handled. Duration 67 ms by bot id=8813857960
2026-06-21 10:13:09,065 [INFO] Update id=200745746 is not handled. Duration 67 ms by bot id=8813857960
2026-06-21 10:13:09,065 [INFO] Update id=200745747 is not handled. Duration 67 ms by bot id=8813857960
2026-06-21 10:13:09,065 [INFO] Update id=200745748 is not handled. Duration 67 ms by bot id=8813857960
2026-06-21 10:13:09,065 [INFO] Update id=200745749 is not handled. Duration 67 ms by bot id=8813857960
2026-06-21 10:13:09,065 [INFO] Update id=200745750 is not handled. Duration 68 ms by bot id=8813857960
2026-06-21 10:13:09,066 [INFO] Update id=200745751 is not handled. Duration 68 ms by bot id=8813857960
2026-06-21 10:13:09,066 [INFO] Update id=200745752 is not handled. Duration 68 ms by bot id=8813857960
2026-06-21 10:13:09,066 [INFO] Update id=200745753 is not handled. Duration 68 ms by bot id=8813857960
2026-06-21 10:13:09,066 [INFO] Update id=200745754 is not handled. Duration 68 ms by bot id=8813857960
2026-06-21 10:13:09,066 [INFO] Update id=200745755 is not handled. Duration 68 ms by bot id=8813857960
2026-06-21 10:13:09,067 [INFO] Update id=200745756 is not handled. Duration 68 ms by bot id=8813857960
2026-06-21 10:13:09,067 [INFO] Update id=200745757 is not handled. Duration 68 ms by bot id=8813857960
2026-06-21 10:13:09,067 [INFO] Update id=200745758 is not handled. Duration 68 ms by bot id=8813857960
2026-06-21 10:13:09,067 [INFO] Update id=200745759 is not handled. Duration 68 ms by bot id=8813857960
2026-06-21 10:13:09,068 [INFO] Update id=200745760 is not handled. Duration 68 ms by bot id=8813857960
2026-06-21 10:13:09,069 [INFO] Update id=200745761 is not handled. Duration 70 ms by bot id=8813857960
2026-06-21 10:13:09,070 [INFO] Update id=200745762 is not handled. Duration 70 ms by bot id=8813857960
2026-06-21 10:13:09,070 [INFO] Update id=200745763 is not handled. Duration 70 ms by bot id=8813857960
2026-06-21 10:13:09,070 [INFO] Update id=200745764 is not handled. Duration 71 ms by bot id=8813857960
2026-06-21 10:13:09,070 [INFO] Update id=200745765 is not handled. Duration 71 ms by bot id=8813857960
2026-06-21 10:13:09,071 [INFO] Update id=200745766 is not handled. Duration 71 ms by bot id=8813857960
2026-06-21 10:13:09,071 [INFO] Update id=200745767 is not handled. Duration 71 ms by bot id=8813857960
2026-06-21 10:13:09,071 [INFO] Update id=200745678 is not handled. Duration 83 ms by bot id=8813857960
2026-06-21 10:13:09,071 [INFO] Update id=200745770 is not handled. Duration 71 ms by bot id=8813857960
2026-06-21 10:13:09,071 [INFO] Update id=200745772 is not handled. Duration 71 ms by bot id=8813857960
2026-06-21 10:13:09,072 [INFO] Update id=200745680 is not handled. Duration 83 ms by bot id=8813857960
2026-06-21 10:13:09,072 [INFO] Update id=200745684 is not handled. Duration 83 ms by bot id=8813857960
2026-06-21 10:13:09,072 [INFO] Update id=200745687 is not handled. Duration 83 ms by bot id=8813857960
2026-06-21 10:13:09,072 [INFO] Update id=200745768 is not handled. Duration 72 ms by bot id=8813857960
2026-06-21 10:13:09,072 [INFO] Update id=200745769 is not handled. Duration 72 ms by bot id=8813857960
2026-06-21 10:13:09,073 [INFO] Update id=200745771 is not handled. Duration 72 ms by bot id=8813857960
2026-06-21 10:13:09,222 [INFO] Update id=200745775 is not handled. Duration 52 ms by bot id=8813857960
2026-06-21 10:13:09,223 [INFO] Update id=200745776 is not handled. Duration 53 ms by bot id=8813857960
2026-06-21 10:13:09,224 [INFO] Update id=200745777 is not handled. Duration 53 ms by bot id=8813857960
2026-06-21 10:13:09,224 [INFO] Update id=200745774 is not handled. Duration 54 ms by bot id=8813857960
2026-06-21 10:13:09,224 [INFO] Update id=200745773 is not handled. Duration 54 ms by bot id=8813857960
2026-06-21 10:13:09,225 [INFO] Update id=200745778 is not handled. Duration 54 ms by bot id=8813857960
2026-06-21 10:13:09,225 [INFO] Update id=200745782 is not handled. Duration 48 ms by bot id=8813857960
2026-06-21 10:13:09,225 [INFO] Update id=200745783 is not handled. Duration 48 ms by bot id=8813857960
2026-06-21 10:13:09,225 [INFO] Update id=200745784 is not handled. Duration 48 ms by bot id=8813857960
2026-06-21 10:13:09,225 [INFO] Update id=200745792 is not handled. Duration 48 ms by bot id=8813857960
2026-06-21 10:13:09,226 [INFO] Update id=200745786 is not handled. Duration 49 ms by bot id=8813857960
2026-06-21 10:13:09,226 [INFO] Update id=200745787 is not handled. Duration 49 ms by bot id=8813857960
2026-06-21 10:13:09,226 [INFO] Update id=200745788 is not handled. Duration 49 ms by bot id=8813857960
2026-06-21 10:13:09,226 [INFO] Update id=200745789 is not handled. Duration 49 ms by bot id=8813857960
2026-06-21 10:13:09,226 [INFO] Update id=200745790 is not handled. Duration 49 ms by bot id=8813857960
2026-06-21 10:13:09,227 [INFO] Update id=200745793 is not handled. Duration 49 ms by bot id=8813857960
2026-06-21 10:13:09,227 [INFO] Update id=200745794 is not handled. Duration 49 ms by bot id=8813857960
2026-06-21 10:13:09,227 [INFO] Update id=200745795 is not handled. Duration 49 ms by bot id=8813857960
2026-06-21 10:13:09,227 [INFO] Update id=200745796 is not handled. Duration 49 ms by bot id=8813857960
2026-06-21 10:13:09,228 [INFO] Update id=200745781 is not handled. Duration 51 ms by bot id=8813857960
2026-06-21 10:13:09,228 [INFO] Update id=200745797 is not handled. Duration 49 ms by bot id=8813857960
2026-06-21 10:13:09,228 [INFO] Update id=200745798 is not handled. Duration 49 ms by bot id=8813857960
2026-06-21 10:13:09,228 [INFO] Update id=200745779 is not handled. Duration 52 ms by bot id=8813857960
2026-06-21 10:13:09,228 [INFO] Update id=200745799 is not handled. Duration 50 ms by bot id=8813857960
2026-06-21 10:13:09,229 [INFO] Update id=200745800 is not handled. Duration 50 ms by bot id=8813857960
2026-06-21 10:13:09,229 [INFO] Update id=200745801 is not handled. Duration 50 ms by bot id=8813857960
2026-06-21 10:13:09,229 [INFO] Update id=200745785 is not handled. Duration 52 ms by bot id=8813857960
2026-06-21 10:13:09,229 [INFO] Update id=200745802 is not handled. Duration 50 ms by bot id=8813857960
2026-06-21 10:13:09,229 [INFO] Update id=200745803 is not handled. Duration 50 ms by bot id=8813857960
2026-06-21 10:13:09,230 [INFO] Update id=200745804 is not handled. Duration 50 ms by bot id=8813857960
2026-06-21 10:13:09,230 [INFO] Update id=200745805 is not handled. Duration 51 ms by bot id=8813857960
2026-06-21 10:13:09,230 [INFO] Update id=200745806 is not handled. Duration 51 ms by bot id=8813857960
2026-06-21 10:13:09,230 [INFO] Update id=200745807 is not handled. Duration 51 ms by bot id=8813857960
2026-06-21 10:13:09,231 [INFO] Update id=200745780 is not handled. Duration 54 ms by bot id=8813857960
2026-06-21 10:13:09,231 [INFO] Update id=200745808 is not handled. Duration 51 ms by bot id=8813857960
2026-06-21 10:13:09,231 [INFO] Update id=200745809 is not handled. Duration 51 ms by bot id=8813857960
2026-06-21 10:13:09,231 [INFO] Update id=200745810 is not handled. Duration 51 ms by bot id=8813857960
2026-06-21 10:13:09,231 [INFO] Update id=200745811 is not handled. Duration 51 ms by bot id=8813857960
2026-06-21 10:13:09,232 [INFO] Update id=200745812 is not handled. Duration 51 ms by bot id=8813857960
2026-06-21 10:13:09,232 [INFO] Update id=200745813 is not handled. Duration 51 ms by bot id=8813857960
2026-06-21 10:13:09,232 [INFO] Update id=200745814 is not handled. Duration 51 ms by bot id=8813857960
2026-06-21 10:13:09,232 [INFO] Update id=200745821 is not handled. Duration 51 ms by bot id=8813857960
2026-06-21 10:13:09,232 [INFO] Update id=200745822 is not handled. Duration 51 ms by bot id=8813857960
2026-06-21 10:13:09,233 [INFO] Update id=200745823 is not handled. Duration 51 ms by bot id=8813857960
2026-06-21 10:13:09,233 [INFO] Update id=200745824 is not handled. Duration 51 ms by bot id=8813857960
2026-06-21 10:13:09,233 [INFO] Update id=200745825 is not handled. Duration 51 ms by bot id=8813857960
2026-06-21 10:13:09,233 [INFO] Update id=200745816 is not handled. Duration 52 ms by bot id=8813857960
2026-06-21 10:13:09,234 [INFO] Update id=200745817 is not handled. Duration 52 ms by bot id=8813857960
2026-06-21 10:13:09,234 [INFO] Update id=200745818 is not handled. Duration 52 ms by bot id=8813857960
2026-06-21 10:13:09,234 [INFO] Update id=200745819 is not handled. Duration 53 ms by bot id=8813857960
2026-06-21 10:13:09,234 [INFO] Update id=200745820 is not handled. Duration 53 ms by bot id=8813857960
2026-06-21 10:13:09,235 [INFO] Update id=200745826 is not handled. Duration 53 ms by bot id=8813857960
2026-06-21 10:13:09,235 [INFO] Update id=200745827 is not handled. Duration 53 ms by bot id=8813857960
2026-06-21 10:13:09,235 [INFO] Update id=200745828 is not handled. Duration 53 ms by bot id=8813857960
2026-06-21 10:13:09,235 [INFO] Update id=200745829 is not handled. Duration 53 ms by bot id=8813857960
2026-06-21 10:13:09,236 [INFO] Update id=200745830 is not handled. Duration 53 ms by bot id=8813857960
2026-06-21 10:13:09,236 [INFO] Update id=200745831 is not handled. Duration 53 ms by bot id=8813857960
2026-06-21 10:13:09,236 [INFO] Update id=200745832 is not handled. Duration 53 ms by bot id=8813857960
2026-06-21 10:13:09,236 [INFO] Update id=200745833 is not handled. Duration 53 ms by bot id=8813857960
2026-06-21 10:13:09,236 [INFO] Update id=200745834 is not handled. Duration 53 ms by bot id=8813857960
2026-06-21 10:13:09,237 [INFO] Update id=200745835 is not handled. Duration 53 ms by bot id=8813857960
2026-06-21 10:13:09,237 [INFO] Update id=200745836 is not handled. Duration 53 ms by bot id=8813857960
2026-06-21 10:13:09,239 [INFO] Update id=200745837 is not handled. Duration 55 ms by bot id=8813857960
2026-06-21 10:13:09,239 [INFO] Update id=200745838 is not handled. Duration 55 ms by bot id=8813857960
2026-06-21 10:13:09,239 [INFO] Update id=200745839 is not handled. Duration 55 ms by bot id=8813857960
2026-06-21 10:13:09,240 [INFO] Update id=200745840 is not handled. Duration 55 ms by bot id=8813857960
2026-06-21 10:13:09,240 [INFO] Update id=200745841 is not handled. Duration 56 ms by bot id=8813857960
2026-06-21 10:13:09,240 [INFO] Update id=200745842 is not handled. Duration 56 ms by bot id=8813857960
2026-06-21 10:13:09,240 [INFO] Update id=200745843 is not handled. Duration 56 ms by bot id=8813857960
2026-06-21 10:13:09,241 [INFO] Update id=200745844 is not handled. Duration 56 ms by bot id=8813857960
2026-06-21 10:13:09,241 [INFO] Update id=200745845 is not handled. Duration 56 ms by bot id=8813857960
2026-06-21 10:13:09,241 [INFO] Update id=200745846 is not handled. Duration 56 ms by bot id=8813857960
2026-06-21 10:13:09,241 [INFO] Update id=200745847 is not handled. Duration 56 ms by bot id=8813857960
2026-06-21 10:13:09,241 [INFO] Update id=200745848 is not handled. Duration 56 ms by bot id=8813857960
2026-06-21 10:13:09,242 [INFO] Update id=200745849 is not handled. Duration 56 ms by bot id=8813857960
2026-06-21 10:13:09,242 [INFO] Update id=200745850 is not handled. Duration 56 ms by bot id=8813857960
2026-06-21 10:13:09,242 [INFO] Update id=200745851 is not handled. Duration 56 ms by bot id=8813857960
2026-06-21 10:13:09,242 [INFO] Update id=200745852 is not handled. Duration 57 ms by bot id=8813857960
2026-06-21 10:13:09,242 [INFO] Update id=200745791 is not handled. Duration 65 ms by bot id=8813857960
2026-06-21 10:13:09,243 [INFO] Update id=200745853 is not handled. Duration 57 ms by bot id=8813857960
2026-06-21 10:13:09,243 [INFO] Update id=200745854 is not handled. Duration 57 ms by bot id=8813857960
2026-06-21 10:13:09,243 [INFO] Update id=200745855 is not handled. Duration 57 ms by bot id=8813857960
2026-06-21 10:13:09,243 [INFO] Update id=200745856 is not handled. Duration 57 ms by bot id=8813857960
2026-06-21 10:13:09,244 [INFO] Update id=200745857 is not handled. Duration 57 ms by bot id=8813857960
2026-06-21 10:13:09,244 [INFO] Update id=200745858 is not handled. Duration 57 ms by bot id=8813857960
2026-06-21 10:13:09,244 [INFO] Update id=200745859 is not handled. Duration 57 ms by bot id=8813857960
2026-06-21 10:13:09,244 [INFO] Update id=200745860 is not handled. Duration 58 ms by bot id=8813857960
2026-06-21 10:13:09,244 [INFO] Update id=200745861 is not handled. Duration 58 ms by bot id=8813857960
2026-06-21 10:13:09,245 [INFO] Update id=200745862 is not handled. Duration 58 ms by bot id=8813857960
2026-06-21 10:13:09,245 [INFO] Update id=200745863 is not handled. Duration 58 ms by bot id=8813857960
2026-06-21 10:13:09,245 [INFO] Update id=200745864 is not handled. Duration 58 ms by bot id=8813857960
2026-06-21 10:13:09,245 [INFO] Update id=200745865 is not handled. Duration 58 ms by bot id=8813857960
2026-06-21 10:13:09,245 [INFO] Update id=200745866 is not handled. Duration 58 ms by bot id=8813857960
2026-06-21 10:13:09,246 [INFO] Update id=200745867 is not handled. Duration 58 ms by bot id=8813857960
2026-06-21 10:13:09,246 [INFO] Update id=200745868 is not handled. Duration 58 ms by bot id=8813857960
2026-06-21 10:13:09,246 [INFO] Update id=200745869 is not handled. Duration 58 ms by bot id=8813857960
2026-06-21 10:13:09,246 [INFO] Update id=200745870 is not handled. Duration 58 ms by bot id=8813857960
2026-06-21 10:13:09,247 [INFO] Update id=200745871 is not handled. Duration 58 ms by bot id=8813857960
2026-06-21 10:13:09,247 [INFO] Update id=200745872 is not handled. Duration 58 ms by bot id=8813857960
2026-06-21 10:13:09,406 [INFO] Update id=200745880 is not handled. Duration 52 ms by bot id=8813857960
2026-06-21 10:13:09,407 [INFO] Update id=200745878 is not handled. Duration 53 ms by bot id=8813857960
2026-06-21 10:13:09,408 [INFO] Update id=200745881 is not handled. Duration 53 ms by bot id=8813857960
2026-06-21 10:13:09,408 [INFO] Update id=200745874 is not handled. Duration 55 ms by bot id=8813857960
2026-06-21 10:13:09,408 [INFO] Update id=200745887 is not handled. Duration 53 ms by bot id=8813857960
2026-06-21 10:13:09,408 [INFO] Update id=200745892 is not handled. Duration 52 ms by bot id=8813857960
2026-06-21 10:13:09,409 [INFO] Update id=200745889 is not handled. Duration 53 ms by bot id=8813857960
2026-06-21 10:13:09,409 [INFO] Update id=200745882 is not handled. Duration 54 ms by bot id=8813857960
2026-06-21 10:13:09,409 [INFO] Update id=200745873 is not handled. Duration 56 ms by bot id=8813857960
2026-06-21 10:13:09,409 [INFO] Update id=200745890 is not handled. Duration 53 ms by bot id=8813857960
2026-06-21 10:13:09,409 [INFO] Update id=200745893 is not handled. Duration 53 ms by bot id=8813857960
2026-06-21 10:13:09,410 [INFO] Update id=200745884 is not handled. Duration 55 ms by bot id=8813857960
2026-06-21 10:13:09,410 [INFO] Update id=200745891 is not handled. Duration 54 ms by bot id=8813857960
2026-06-21 10:13:09,410 [INFO] Update id=200745877 is not handled. Duration 56 ms by bot id=8813857960
2026-06-21 10:13:09,410 [INFO] Update id=200745885 is not handled. Duration 55 ms by bot id=8813857960
2026-06-21 10:13:09,411 [INFO] Update id=200745886 is not handled. Duration 56 ms by bot id=8813857960
2026-06-21 10:13:09,411 [INFO] Update id=200745894 is not handled. Duration 54 ms by bot id=8813857960
2026-06-21 10:13:09,411 [INFO] Update id=200745895 is not handled. Duration 54 ms by bot id=8813857960
2026-06-21 10:13:09,411 [INFO] Update id=200745896 is not handled. Duration 55 ms by bot id=8813857960
2026-06-21 10:13:09,411 [INFO] Update id=200745897 is not handled. Duration 55 ms by bot id=8813857960
2026-06-21 10:13:09,412 [INFO] Update id=200745898 is not handled. Duration 55 ms by bot id=8813857960
2026-06-21 10:13:09,412 [INFO] Update id=200745899 is not handled. Duration 55 ms by bot id=8813857960
2026-06-21 10:13:09,412 [INFO] Update id=200745900 is not handled. Duration 55 ms by bot id=8813857960
2026-06-21 10:13:09,412 [INFO] Update id=200745901 is not handled. Duration 55 ms by bot id=8813857960
2026-06-21 10:13:09,413 [INFO] Update id=200745902 is not handled. Duration 55 ms by bot id=8813857960
2026-06-21 10:13:09,413 [INFO] Update id=200745879 is not handled. Duration 59 ms by bot id=8813857960
2026-06-21 10:13:09,413 [INFO] Update id=200745903 is not handled. Duration 55 ms by bot id=8813857960
2026-06-21 10:13:09,413 [INFO] Update id=200745904 is not handled. Duration 56 ms by bot id=8813857960
2026-06-21 10:13:09,414 [INFO] Update id=200745875 is not handled. Duration 60 ms by bot id=8813857960
2026-06-21 10:13:09,414 [INFO] Update id=200745905 is not handled. Duration 56 ms by bot id=8813857960
2026-06-21 10:13:09,414 [INFO] Update id=200745906 is not handled. Duration 56 ms by bot id=8813857960
2026-06-21 10:13:09,414 [INFO] Update id=200745907 is not handled. Duration 56 ms by bot id=8813857960
2026-06-21 10:13:09,415 [INFO] Update id=200745908 is not handled. Duration 57 ms by bot id=8813857960
2026-06-21 10:13:09,415 [INFO] Update id=200745909 is not handled. Duration 57 ms by bot id=8813857960
2026-06-21 10:13:09,415 [INFO] Update id=200745888 is not handled. Duration 60 ms by bot id=8813857960
2026-06-21 10:13:09,415 [INFO] Update id=200745910 is not handled. Duration 57 ms by bot id=8813857960
2026-06-21 10:13:09,416 [INFO] Update id=200745911 is not handled. Duration 57 ms by bot id=8813857960
2026-06-21 10:13:09,416 [INFO] Update id=200745883 is not handled. Duration 61 ms by bot id=8813857960
2026-06-21 10:13:09,416 [INFO] Update id=200745912 is not handled. Duration 57 ms by bot id=8813857960
2026-06-21 10:13:09,416 [INFO] Update id=200745876 is not handled. Duration 63 ms by bot id=8813857960
2026-06-21 10:13:09,416 [INFO] Update id=200745913 is not handled. Duration 58 ms by bot id=8813857960
2026-06-21 10:13:09,417 [INFO] Update id=200745914 is not handled. Duration 57 ms by bot id=8813857960
2026-06-21 10:13:09,417 [INFO] Update id=200745918 is not handled. Duration 56 ms by bot id=8813857960
2026-06-21 10:13:09,417 [INFO] Update id=200745919 is not handled. Duration 57 ms by bot id=8813857960
2026-06-21 10:13:09,417 [INFO] Update id=200745920 is not handled. Duration 57 ms by bot id=8813857960
2026-06-21 10:13:09,418 [INFO] Update id=200745921 is not handled. Duration 57 ms by bot id=8813857960
2026-06-21 10:13:09,418 [INFO] Update id=200745922 is not handled. Duration 57 ms by bot id=8813857960
2026-06-21 10:13:09,418 [INFO] Update id=200745923 is not handled. Duration 57 ms by bot id=8813857960
2026-06-21 10:13:09,418 [INFO] Update id=200745924 is not handled. Duration 57 ms by bot id=8813857960
2026-06-21 10:13:09,418 [INFO] Update id=200745925 is not handled. Duration 57 ms by bot id=8813857960
2026-06-21 10:13:09,419 [INFO] Update id=200745926 is not handled. Duration 57 ms by bot id=8813857960
2026-06-21 10:13:09,419 [INFO] Update id=200745927 is not handled. Duration 57 ms by bot id=8813857960
2026-06-21 10:13:09,419 [INFO] Update id=200745928 is not handled. Duration 57 ms by bot id=8813857960
2026-06-21 10:13:09,419 [INFO] Update id=200745929 is not handled. Duration 57 ms by bot id=8813857960
2026-06-21 10:13:09,420 [INFO] Update id=200745930 is not handled. Duration 57 ms by bot id=8813857960
2026-06-21 10:13:09,420 [INFO] Update id=200745915 is not handled. Duration 60 ms by bot id=8813857960
2026-06-21 10:13:09,420 [INFO] Update id=200745916 is not handled. Duration 60 ms by bot id=8813857960
2026-06-21 10:13:09,420 [INFO] Update id=200745917 is not handled. Duration 61 ms by bot id=8813857960
2026-06-21 10:13:09,420 [INFO] Update id=200745931 is not handled. Duration 58 ms by bot id=8813857960
2026-06-21 10:13:09,421 [INFO] Update id=200745932 is not handled. Duration 58 ms by bot id=8813857960
2026-06-21 10:13:09,421 [INFO] Update id=200745933 is not handled. Duration 58 ms by bot id=8813857960
2026-06-21 10:13:09,421 [INFO] Update id=200745934 is not handled. Duration 58 ms by bot id=8813857960
2026-06-21 10:13:09,421 [INFO] Update id=200745935 is not handled. Duration 59 ms by bot id=8813857960
2026-06-21 10:13:09,423 [INFO] Update id=200745936 is not handled. Duration 61 ms by bot id=8813857960
2026-06-21 10:13:09,424 [INFO] Update id=200745937 is not handled. Duration 61 ms by bot id=8813857960
2026-06-21 10:13:09,424 [INFO] Update id=200745938 is not handled. Duration 61 ms by bot id=8813857960
2026-06-21 10:13:09,424 [INFO] Update id=200745939 is not handled. Duration 61 ms by bot id=8813857960
2026-06-21 10:13:09,424 [INFO] Update id=200745940 is not handled. Duration 61 ms by bot id=8813857960
2026-06-21 10:13:09,425 [INFO] Update id=200745941 is not handled. Duration 61 ms by bot id=8813857960
2026-06-21 10:13:09,425 [INFO] Update id=200745942 is not handled. Duration 61 ms by bot id=8813857960
2026-06-21 10:13:09,425 [INFO] Update id=200745943 is not handled. Duration 61 ms by bot id=8813857960
2026-06-21 10:13:09,425 [INFO] Update id=200745944 is not handled. Duration 61 ms by bot id=8813857960
2026-06-21 10:13:09,425 [INFO] Update id=200745945 is not handled. Duration 61 ms by bot id=8813857960
2026-06-21 10:13:09,426 [INFO] Update id=200745946 is not handled. Duration 61 ms by bot id=8813857960
2026-06-21 10:13:09,426 [INFO] Update id=200745947 is not handled. Duration 61 ms by bot id=8813857960
2026-06-21 10:13:09,426 [INFO] Update id=200745948 is not handled. Duration 61 ms by bot id=8813857960
2026-06-21 10:13:09,426 [INFO] Update id=200745949 is not handled. Duration 61 ms by bot id=8813857960
2026-06-21 10:13:09,427 [INFO] Update id=200745950 is not handled. Duration 62 ms by bot id=8813857960
2026-06-21 10:13:09,427 [INFO] Update id=200745951 is not handled. Duration 62 ms by bot id=8813857960
2026-06-21 10:13:09,427 [INFO] Update id=200745952 is not handled. Duration 62 ms by bot id=8813857960
2026-06-21 10:13:09,427 [INFO] Update id=200745953 is not handled. Duration 62 ms by bot id=8813857960
2026-06-21 10:13:09,427 [INFO] Update id=200745954 is not handled. Duration 62 ms by bot id=8813857960
2026-06-21 10:13:09,428 [INFO] Update id=200745955 is not handled. Duration 62 ms by bot id=8813857960
2026-06-21 10:13:09,428 [INFO] Update id=200745956 is not handled. Duration 62 ms by bot id=8813857960
2026-06-21 10:13:09,428 [INFO] Update id=200745957 is not handled. Duration 62 ms by bot id=8813857960
2026-06-21 10:13:09,428 [INFO] Update id=200745958 is not handled. Duration 62 ms by bot id=8813857960
2026-06-21 10:13:09,429 [INFO] Update id=200745959 is not handled. Duration 62 ms by bot id=8813857960
2026-06-21 10:13:09,429 [INFO] Update id=200745960 is not handled. Duration 63 ms by bot id=8813857960
2026-06-21 10:13:09,429 [INFO] Update id=200745961 is not handled. Duration 63 ms by bot id=8813857960
2026-06-21 10:13:09,429 [INFO] Update id=200745962 is not handled. Duration 63 ms by bot id=8813857960
2026-06-21 10:13:09,429 [INFO] Update id=200745963 is not handled. Duration 63 ms by bot id=8813857960
2026-06-21 10:13:09,430 [INFO] Update id=200745964 is not handled. Duration 63 ms by bot id=8813857960
2026-06-21 10:13:09,430 [INFO] Update id=200745965 is not handled. Duration 63 ms by bot id=8813857960
2026-06-21 10:13:09,430 [INFO] Update id=200745966 is not handled. Duration 63 ms by bot id=8813857960
2026-06-21 10:13:09,430 [INFO] Update id=200745967 is not handled. Duration 63 ms by bot id=8813857960
2026-06-21 10:13:09,431 [INFO] Update id=200745968 is not handled. Duration 63 ms by bot id=8813857960
2026-06-21 10:13:09,431 [INFO] Update id=200745969 is not handled. Duration 63 ms by bot id=8813857960
2026-06-21 10:13:09,431 [INFO] Update id=200745970 is not handled. Duration 64 ms by bot id=8813857960
2026-06-21 10:13:09,431 [INFO] Update id=200745971 is not handled. Duration 63 ms by bot id=8813857960
2026-06-21 10:13:09,431 [INFO] Update id=200745972 is not handled. Duration 63 ms by bot id=8813857960
2026-06-21 10:13:09,525 [INFO] Update id=200745815 is handled. Duration 344 ms by bot id=8813857960
2026-06-21 10:13:09,560 [INFO] Update id=200745974 is not handled. Duration 71 ms by bot id=8813857960
2026-06-21 10:13:09,561 [INFO] Update id=200745973 is not handled. Duration 72 ms by bot id=8813857960
2026-06-21 10:13:09,563 [INFO] Update id=200745979 is not handled. Duration 69 ms by bot id=8813857960
2026-06-21 10:13:09,563 [INFO] Update id=200745988 is not handled. Duration 68 ms by bot id=8813857960
2026-06-21 10:13:09,564 [INFO] Update id=200745975 is not handled. Duration 74 ms by bot id=8813857960
2026-06-21 10:13:09,564 [INFO] Update id=200745983 is not handled. Duration 69 ms by bot id=8813857960
2026-06-21 10:13:09,564 [INFO] Update id=200745987 is not handled. Duration 69 ms by bot id=8813857960
2026-06-21 10:13:09,564 [INFO] Update id=200745992 is not handled. Duration 68 ms by bot id=8813857960
2026-06-21 10:13:09,565 [INFO] Update id=200745984 is not handled. Duration 70 ms by bot id=8813857960
2026-06-21 10:13:09,565 [INFO] Update id=200745986 is not handled. Duration 70 ms by bot id=8813857960
2026-06-21 10:13:09,565 [INFO] Update id=200745982 is not handled. Duration 70 ms by bot id=8813857960
2026-06-21 10:13:09,565 [INFO] Update id=200745990 is not handled. Duration 70 ms by bot id=8813857960
2026-06-21 10:13:09,566 [INFO] Update id=200745991 is not handled. Duration 70 ms by bot id=8813857960
2026-06-21 10:13:09,566 [INFO] Update id=200745978 is not handled. Duration 76 ms by bot id=8813857960
2026-06-21 10:13:09,566 [INFO] Update id=200745977 is not handled. Duration 76 ms by bot id=8813857960
2026-06-21 10:13:09,566 [INFO] Update id=200745993 is not handled. Duration 70 ms by bot id=8813857960
2026-06-21 10:13:09,566 [INFO] Update id=200745994 is not handled. Duration 70 ms by bot id=8813857960
2026-06-21 10:13:09,567 [INFO] Update id=200745995 is not handled. Duration 70 ms by bot id=8813857960
2026-06-21 10:13:09,567 [INFO] Update id=200745996 is not handled. Duration 71 ms by bot id=8813857960
2026-06-21 10:13:09,567 [INFO] Update id=200745997 is not handled. Duration 71 ms by bot id=8813857960
2026-06-21 10:13:09,568 [INFO] Update id=200745998 is not handled. Duration 71 ms by bot id=8813857960
2026-06-21 10:13:09,568 [INFO] Update id=200745999 is not handled. Duration 71 ms by bot id=8813857960
2026-06-21 10:13:09,568 [INFO] Update id=200745989 is not handled. Duration 72 ms by bot id=8813857960
2026-06-21 10:13:09,568 [INFO] Update id=200746000 is not handled. Duration 71 ms by bot id=8813857960
2026-06-21 10:13:09,569 [INFO] Update id=200746001 is not handled. Duration 71 ms by bot id=8813857960
2026-06-21 10:13:09,569 [INFO] Update id=200746002 is not handled. Duration 72 ms by bot id=8813857960
2026-06-21 10:13:09,569 [INFO] Update id=200746003 is not handled. Duration 72 ms by bot id=8813857960
2026-06-21 10:13:09,569 [INFO] Update id=200746004 is not handled. Duration 72 ms by bot id=8813857960
2026-06-21 10:13:09,570 [INFO] Update id=200745985 is not handled. Duration 75 ms by bot id=8813857960
2026-06-21 10:13:09,570 [INFO] Update id=200745976 is not handled. Duration 80 ms by bot id=8813857960
2026-06-21 10:13:09,570 [INFO] Update id=200746005 is not handled. Duration 73 ms by bot id=8813857960
2026-06-21 10:13:09,570 [INFO] Update id=200746007 is not handled. Duration 72 ms by bot id=8813857960
2026-06-21 10:13:09,571 [INFO] Update id=200746008 is not handled. Duration 73 ms by bot id=8813857960
2026-06-21 10:13:09,571 [INFO] Update id=200746009 is not handled. Duration 72 ms by bot id=8813857960
2026-06-21 10:13:09,571 [INFO] Update id=200746010 is not handled. Duration 72 ms by bot id=8813857960
2026-06-21 10:13:09,571 [INFO] Update id=200746011 is not handled. Duration 73 ms by bot id=8813857960
2026-06-21 10:13:09,572 [INFO] Update id=200746012 is not handled. Duration 72 ms by bot id=8813857960
2026-06-21 10:13:09,572 [INFO] Update id=200746013 is not handled. Duration 72 ms by bot id=8813857960
2026-06-21 10:13:09,572 [INFO] Update id=200746014 is not handled. Duration 72 ms by bot id=8813857960
2026-06-21 10:13:09,572 [INFO] Update id=200746015 is not handled. Duration 72 ms by bot id=8813857960
2026-06-21 10:13:09,572 [INFO] Update id=200746016 is not handled. Duration 72 ms by bot id=8813857960
2026-06-21 10:13:09,573 [INFO] Update id=200746017 is not handled. Duration 72 ms by bot id=8813857960
2026-06-21 10:13:09,573 [INFO] Update id=200746018 is not handled. Duration 73 ms by bot id=8813857960
2026-06-21 10:13:09,573 [INFO] Update id=200746006 is not handled. Duration 76 ms by bot id=8813857960
2026-06-21 10:13:09,574 [INFO] Update id=200746019 is not handled. Duration 73 ms by bot id=8813857960
2026-06-21 10:13:09,574 [INFO] Update id=200745980 is not handled. Duration 80 ms by bot id=8813857960
2026-06-21 10:13:09,574 [INFO] Update id=200746020 is not handled. Duration 73 ms by bot id=8813857960
2026-06-21 10:13:09,574 [INFO] Update id=200746021 is not handled. Duration 73 ms by bot id=8813857960
2026-06-21 10:13:09,574 [INFO] Update id=200746022 is not handled. Duration 74 ms by bot id=8813857960
2026-06-21 10:13:09,575 [INFO] Update id=200746023 is not handled. Duration 74 ms by bot id=8813857960
2026-06-21 10:13:09,575 [INFO] Update id=200746024 is not handled. Duration 74 ms by bot id=8813857960
2026-06-21 10:13:09,575 [INFO] Update id=200746025 is not handled. Duration 74 ms by bot id=8813857960
2026-06-21 10:13:09,575 [INFO] Update id=200746026 is not handled. Duration 74 ms by bot id=8813857960
2026-06-21 10:13:09,576 [INFO] Update id=200746027 is not handled. Duration 74 ms by bot id=8813857960
2026-06-21 10:13:09,579 [INFO] Update id=200746028 is not handled. Duration 77 ms by bot id=8813857960
2026-06-21 10:13:09,579 [INFO] Update id=200746029 is not handled. Duration 77 ms by bot id=8813857960
2026-06-21 10:13:09,579 [INFO] Update id=200746030 is not handled. Duration 77 ms by bot id=8813857960
2026-06-21 10:13:09,579 [INFO] Update id=200746031 is not handled. Duration 77 ms by bot id=8813857960
2026-06-21 10:13:09,580 [INFO] Update id=200746032 is not handled. Duration 77 ms by bot id=8813857960
2026-06-21 10:13:09,580 [INFO] Update id=200746033 is not handled. Duration 77 ms by bot id=8813857960
2026-06-21 10:13:09,580 [INFO] Update id=200746034 is not handled. Duration 78 ms by bot id=8813857960
2026-06-21 10:13:09,580 [INFO] Update id=200745981 is not handled. Duration 86 ms by bot id=8813857960
2026-06-21 10:13:09,581 [INFO] Update id=200746035 is not handled. Duration 78 ms by bot id=8813857960
2026-06-21 10:13:09,581 [INFO] Update id=200746036 is not handled. Duration 78 ms by bot id=8813857960
2026-06-21 10:13:09,581 [INFO] Update id=200746037 is not handled. Duration 78 ms by bot id=8813857960
2026-06-21 10:13:09,581 [INFO] Update id=200746038 is not handled. Duration 78 ms by bot id=8813857960
2026-06-21 10:13:09,582 [INFO] Update id=200746039 is not handled. Duration 78 ms by bot id=8813857960
2026-06-21 10:13:09,582 [INFO] Update id=200746040 is not handled. Duration 78 ms by bot id=8813857960
2026-06-21 10:13:09,582 [INFO] Update id=200746041 is not handled. Duration 78 ms by bot id=8813857960
2026-06-21 10:13:09,582 [INFO] Update id=200746042 is not handled. Duration 78 ms by bot id=8813857960
2026-06-21 10:13:09,583 [INFO] Update id=200746043 is not handled. Duration 78 ms by bot id=8813857960
2026-06-21 10:13:09,583 [INFO] Update id=200746044 is not handled. Duration 78 ms by bot id=8813857960
2026-06-21 10:13:09,583 [INFO] Update id=200746045 is not handled. Duration 79 ms by bot id=8813857960
2026-06-21 10:13:09,583 [INFO] Update id=200746046 is not handled. Duration 79 ms by bot id=8813857960
2026-06-21 10:13:09,584 [INFO] Update id=200746047 is not handled. Duration 79 ms by bot id=8813857960
2026-06-21 10:13:09,584 [INFO] Update id=200746048 is not handled. Duration 79 ms by bot id=8813857960
2026-06-21 10:13:09,584 [INFO] Update id=200746049 is not handled. Duration 79 ms by bot id=8813857960
2026-06-21 10:13:09,585 [INFO] Update id=200746050 is not handled. Duration 79 ms by bot id=8813857960
2026-06-21 10:13:09,585 [INFO] Update id=200746051 is not handled. Duration 79 ms by bot id=8813857960
2026-06-21 10:13:09,585 [INFO] Update id=200746052 is not handled. Duration 80 ms by bot id=8813857960
2026-06-21 10:13:09,585 [INFO] Update id=200746053 is not handled. Duration 80 ms by bot id=8813857960
2026-06-21 10:13:09,586 [INFO] Update id=200746054 is not handled. Duration 80 ms by bot id=8813857960
2026-06-21 10:13:09,586 [INFO] Update id=200746055 is not handled. Duration 80 ms by bot id=8813857960
2026-06-21 10:13:09,586 [INFO] Update id=200746056 is not handled. Duration 80 ms by bot id=8813857960
2026-06-21 10:13:09,586 [INFO] Update id=200746057 is not handled. Duration 80 ms by bot id=8813857960
2026-06-21 10:13:09,587 [INFO] Update id=200746058 is not handled. Duration 80 ms by bot id=8813857960
2026-06-21 10:13:09,587 [INFO] Update id=200746059 is not handled. Duration 81 ms by bot id=8813857960
2026-06-21 10:13:09,587 [INFO] Update id=200746060 is not handled. Duration 81 ms by bot id=8813857960
2026-06-21 10:13:09,588 [INFO] Update id=200746061 is not handled. Duration 81 ms by bot id=8813857960
2026-06-21 10:13:09,588 [INFO] Update id=200746062 is not handled. Duration 81 ms by bot id=8813857960
2026-06-21 10:13:09,588 [INFO] Update id=200746063 is not handled. Duration 81 ms by bot id=8813857960
2026-06-21 10:13:09,588 [INFO] Update id=200746064 is not handled. Duration 81 ms by bot id=8813857960
2026-06-21 10:13:09,589 [INFO] Update id=200746065 is not handled. Duration 81 ms by bot id=8813857960
2026-06-21 10:13:09,589 [INFO] Update id=200746066 is not handled. Duration 81 ms by bot id=8813857960
2026-06-21 10:13:09,589 [INFO] Update id=200746067 is not handled. Duration 81 ms by bot id=8813857960
2026-06-21 10:13:09,589 [INFO] Update id=200746068 is not handled. Duration 81 ms by bot id=8813857960
2026-06-21 10:13:09,590 [INFO] Update id=200746069 is not handled. Duration 81 ms by bot id=8813857960
2026-06-21 10:13:09,590 [INFO] Update id=200746070 is not handled. Duration 82 ms by bot id=8813857960
2026-06-21 10:13:09,590 [INFO] Update id=200746071 is not handled. Duration 82 ms by bot id=8813857960
2026-06-21 10:13:09,590 [INFO] Update id=200746072 is not handled. Duration 82 ms by bot id=8813857960
2026-06-21 10:13:09,665 [INFO] Update id=200746073 is not handled. Duration 29 ms by bot id=8813857960
2026-06-21 10:13:09,666 [INFO] Update id=200746074 is not handled. Duration 29 ms by bot id=8813857960
2026-06-21 10:13:09,667 [INFO] Update id=200746089 is not handled. Duration 28 ms by bot id=8813857960
2026-06-21 10:13:09,667 [INFO] Update id=200746090 is not handled. Duration 28 ms by bot id=8813857960
2026-06-21 10:13:09,667 [INFO] Update id=200746077 is not handled. Duration 30 ms by bot id=8813857960
2026-06-21 10:13:09,667 [INFO] Update id=200746078 is not handled. Duration 30 ms by bot id=8813857960
2026-06-21 10:13:09,668 [INFO] Update id=200746079 is not handled. Duration 30 ms by bot id=8813857960
2026-06-21 10:13:09,668 [INFO] Update id=200746085 is not handled. Duration 30 ms by bot id=8813857960
2026-06-21 10:13:09,668 [INFO] Update id=200746092 is not handled. Duration 29 ms by bot id=8813857960
2026-06-21 10:13:09,668 [INFO] Update id=200746087 is not handled. Duration 30 ms by bot id=8813857960
2026-06-21 10:13:09,669 [INFO] Update id=200746093 is not handled. Duration 29 ms by bot id=8813857960
2026-06-21 10:13:09,669 [INFO] Update id=200746094 is not handled. Duration 30 ms by bot id=8813857960
2026-06-21 10:13:09,669 [INFO] Update id=200746095 is not handled. Duration 30 ms by bot id=8813857960
2026-06-21 10:13:09,670 [INFO] Update id=200746096 is not handled. Duration 30 ms by bot id=8813857960
2026-06-21 10:13:09,670 [INFO] Update id=200746097 is not handled. Duration 30 ms by bot id=8813857960
2026-06-21 10:13:09,670 [INFO] Update id=200746098 is not handled. Duration 30 ms by bot id=8813857960
2026-06-21 10:13:09,670 [INFO] Update id=200746086 is not handled. Duration 32 ms by bot id=8813857960
2026-06-21 10:13:09,671 [INFO] Update id=200746099 is not handled. Duration 31 ms by bot id=8813857960
2026-06-21 10:13:09,671 [INFO] Update id=200746080 is not handled. Duration 33 ms by bot id=8813857960
2026-06-21 10:13:09,671 [INFO] Update id=200746081 is not handled. Duration 33 ms by bot id=8813857960
2026-06-21 10:13:09,671 [INFO] Update id=200746091 is not handled. Duration 32 ms by bot id=8813857960
2026-06-21 10:13:09,671 [INFO] Update id=200746082 is not handled. Duration 34 ms by bot id=8813857960
2026-06-21 10:13:09,672 [INFO] Update id=200746084 is not handled. Duration 34 ms by bot id=8813857960
2026-06-21 10:13:09,672 [INFO] Update id=200746100 is not handled. Duration 32 ms by bot id=8813857960
2026-06-21 10:13:09,672 [INFO] Update id=200746075 is not handled. Duration 36 ms by bot id=8813857960
2026-06-21 10:13:09,672 [INFO] Update id=200746088 is not handled. Duration 34 ms by bot id=8813857960
2026-06-21 10:13:09,673 [INFO] Update id=200746101 is not handled. Duration 32 ms by bot id=8813857960
2026-06-21 10:13:09,673 [INFO] Update id=200746102 is not handled. Duration 32 ms by bot id=8813857960
2026-06-21 10:13:09,673 [INFO] Update id=200746103 is not handled. Duration 32 ms by bot id=8813857960
2026-06-21 10:13:09,673 [INFO] Update id=200746104 is not handled. Duration 33 ms by bot id=8813857960
2026-06-21 10:13:09,673 [INFO] Update id=200746083 is not handled. Duration 35 ms by bot id=8813857960
2026-06-21 10:13:09,674 [INFO] Update id=200746105 is not handled. Duration 33 ms by bot id=8813857960
2026-06-21 10:13:09,674 [INFO] Update id=200746106 is not handled. Duration 33 ms by bot id=8813857960
2026-06-21 10:13:09,674 [INFO] Update id=200746107 is not handled. Duration 33 ms by bot id=8813857960
2026-06-21 10:13:09,674 [INFO] Update id=200746108 is not handled. Duration 33 ms by bot id=8813857960
2026-06-21 10:13:09,675 [INFO] Update id=200746109 is not handled. Duration 33 ms by bot id=8813857960
2026-06-21 10:13:09,675 [INFO] Update id=200746110 is not handled. Duration 33 ms by bot id=8813857960
2026-06-21 10:13:09,675 [INFO] Update id=200746111 is not handled. Duration 33 ms by bot id=8813857960
2026-06-21 10:13:09,675 [INFO] Update id=200746112 is not handled. Duration 33 ms by bot id=8813857960
2026-06-21 10:13:09,675 [INFO] Update id=200746076 is not handled. Duration 38 ms by bot id=8813857960
2026-06-21 10:13:09,676 [INFO] Update id=200746113 is not handled. Duration 33 ms by bot id=8813857960
2026-06-21 10:13:09,676 [INFO] Update id=200746114 is not handled. Duration 34 ms by bot id=8813857960
2026-06-21 10:13:09,676 [INFO] Update id=200746115 is not handled. Duration 34 ms by bot id=8813857960
2026-06-21 10:13:09,676 [INFO] Update id=200746116 is not handled. Duration 34 ms by bot id=8813857960
2026-06-21 10:13:09,677 [INFO] Update id=200746117 is not handled. Duration 34 ms by bot id=8813857960
2026-06-21 10:13:09,677 [INFO] Update id=200746118 is not handled. Duration 34 ms by bot id=8813857960
2026-06-21 10:13:09,677 [INFO] Update id=200746119 is not handled. Duration 34 ms by bot id=8813857960
2026-06-21 10:13:09,677 [INFO] Update id=200746120 is not handled. Duration 34 ms by bot id=8813857960
2026-06-21 10:13:09,678 [INFO] Update id=200746121 is not handled. Duration 34 ms by bot id=8813857960
2026-06-21 10:13:09,678 [INFO] Update id=200746122 is not handled. Duration 34 ms by bot id=8813857960
2026-06-21 10:13:09,678 [INFO] Update id=200746123 is not handled. Duration 35 ms by bot id=8813857960
2026-06-21 10:13:09,678 [INFO] Update id=200746124 is not handled. Duration 35 ms by bot id=8813857960
2026-06-21 10:13:09,678 [INFO] Update id=200746125 is not handled. Duration 35 ms by bot id=8813857960
2026-06-21 10:13:09,679 [INFO] Update id=200746126 is not handled. Duration 35 ms by bot id=8813857960
2026-06-21 10:13:09,679 [INFO] Update id=200746127 is not handled. Duration 35 ms by bot id=8813857960
2026-06-21 10:13:09,679 [INFO] Update id=200746128 is not handled. Duration 35 ms by bot id=8813857960
2026-06-21 10:13:09,679 [INFO] Update id=200746129 is not handled. Duration 35 ms by bot id=8813857960
2026-06-21 10:13:13,880 [INFO] Update id=200746131 is not handled. Duration 1 ms by bot id=8813857960
2026-06-21 10:13:14,120 [INFO] Update id=200746130 is handled. Duration 345 ms by bot id=8813857960
2026-06-21 10:13:15,012 [INFO] Update id=200746132 is not handled. Duration 1 ms by bot id=8813857960
2026-06-21 10:13:15,687 [INFO] Update id=200746133 is handled. Duration 267 ms by bot id=8813857960
2026-06-21 10:13:16,833 [INFO] Update id=200746134 is handled. Duration 232 ms by bot id=8813857960
2026-06-21 10:13:17,429 [INFO] Update id=200746135 is handled. Duration 429 ms by bot id=8813857960
2026-06-21 10:13:17,703 [INFO] Update id=200746136 is not handled. Duration 1 ms by bot id=8813857960
2026-06-21 10:13:18,053 [INFO] Update id=200746137 is not handled. Duration 1 ms by bot id=8813857960
2026-06-21 10:13:18,353 [INFO] Update id=200746139 is not handled. Duration 1 ms by bot id=8813857960
2026-06-21 10:13:18,449 [INFO] Update id=200746138 is handled. Duration 259 ms by bot id=8813857960
2026-06-21 10:13:18,451 [INFO] Update id=200746140 is not handled. Duration 1 ms by bot id=8813857960
2026-06-21 10:13:19,844 [INFO] Update id=200746141 is not handled. Duration 1 ms by bot id=8813857960
2026-06-21 10:13:21,763 [INFO] Update id=200746142 is not handled. Duration 1 ms by bot id=8813857960
2026-06-21 10:13:22,243 [INFO] SUPERPOWER REQUEST: Arc [7930482209] -> Япония
2026-06-21 10:13:22,630 [INFO] Update id=200746143 is handled. Duration 389 ms by bot id=8813857960
2026-06-21 10:13:24,362 [INFO] REG: Arc (@asdewrx) [7930482209] -> Япония
2026-06-21 10:13:25,009 [INFO] Update id=200746144 is handled. Duration 652 ms by bot id=8813857960
2026-06-21 10:13:26,055 [INFO] Update id=200746145 is not handled. Duration 1 ms by bot id=8813857960
2026-06-21 10:13:26,490 [INFO] Update id=200746146 is not handled. Duration 1 ms by bot id=8813857960
2026-06-21 10:13:28,886 [INFO] Update id=200746147 is not handled. Duration 1 ms by bot id=8813857960
2026-06-21 10:13:30,738 [INFO] Update id=200746148 is not handled. Duration 1 ms by bot id=8813857960
2026-06-21 10:13:32,936 [INFO] Update id=200746149 is not handled. Duration 1 ms by bot id=8813857960
2026-06-21 10:13:33,212 [INFO] Update id=200746150 is not handled. Duration 1 ms by bot id=8813857960
2026-06-21 10:13:33,460 [INFO] Update id=200746151 is not handled. Duration 1 ms by bot id=8813857960
2026-06-21 10:13:35,226 [INFO] Update id=200746152 is not handled. Duration 2 ms by bot id=8813857960
2026-06-21 10:13:36,234 [INFO] Update id=200746153 is not handled. Duration 2 ms by bot id=8813857960
2026-06-21 10:13:36,234 [INFO] Update id=200746154 is not handled. Duration 2 ms by bot id=8813857960
2026-06-21 10:13:41,420 [INFO] Update id=200746155 is handled. Duration 132 ms by bot id=8813857960
2026-06-21 10:13:42,137 [INFO] Update id=200746156 is not handled. Duration 1 ms by bot id=8813857960
2026-06-21 10:13:42,629 [INFO] Update id=200746157 is handled. Duration 239 ms by bot id=8813857960
2026-06-21 10:13:44,301 [INFO] Update id=200746158 is not handled. Duration 1 ms by bot id=8813857960
2026-06-21 10:13:44,826 [INFO] Update id=200746159 is not handled. Duration 1 ms by bot id=8813857960
2026-06-21 10:13:46,360 [INFO] Update id=200746160 is not handled. Duration 1 ms by bot id=8813857960
2026-06-21 10:13:46,461 [INFO] UNREG: Arc (@asdewrx) [7930482209] from Япония (admin=True)
2026-06-21 10:13:47,021 [INFO] Update id=200746161 is handled. Duration 562 ms by bot id=8813857960
2026-06-21 10:13:47,116 [INFO] Update id=200746162 is not handled. Duration 1 ms by bot id=8813857960
2026-06-21 10:13:47,381 [INFO] Update id=200746163 is not handled. Duration 1 ms by bot id=8813857960
2026-06-21 10:13:49,662 [INFO] Update id=200746164 is handled. Duration 302 ms by bot id=8813857960
2026-06-21 10:13:50,590 [INFO] Update id=200746165 is not handled. Duration 1 ms by bot id=8813857960
2026-06-21 10:13:51,352 [INFO] Update id=200746166 is handled. Duration 230 ms by bot id=8813857960
2026-06-21 10:13:52,164 [INFO] Update id=200746167 is not handled. Duration 1 ms by bot id=8813857960
2026-06-21 10:13:52,468 [INFO] Update id=200746168 is not handled. Duration 1 ms by bot id=8813857960
2026-06-21 10:13:53,274 [INFO] Кэши data_loader сброшены
2026-06-21 10:13:53,275 [INFO] YEAR CHANGE: 1939 -> 1941 by 7930482209
2026-06-21 10:13:53,398 [INFO] Загружено 101 слотов для 1936 года
2026-06-21 10:13:53,664 [INFO] Update id=200746169 is handled. Duration 391 ms by bot id=8813857960
2026-06-21 10:13:55,021 [INFO] Update id=200746170 is not handled. Duration 1 ms by bot id=8813857960
2026-06-21 10:13:56,378 [INFO] Update id=200746171 is not handled. Duration 1 ms by bot id=8813857960
2026-06-21 10:13:57,206 [INFO] Update id=200746172 is not handled. Duration 2 ms by bot id=8813857960
2026-06-21 10:14:00,208 [INFO] Update id=200746173 is not handled. Duration 1 ms by bot id=8813857960
2026-06-21 10:14:00,568 [INFO] Update id=200746174 is not handled. Duration 1 ms by bot id=8813857960
2026-06-21 10:14:01,547 [INFO] Update id=200746175 is not handled. Duration 1 ms by bot id=8813857960
2026-06-21 10:14:03,046 [INFO] Update id=200746176 is not handled. Duration 1 ms by bot id=8813857960
2026-06-21 10:14:03,455 [INFO] Update id=200746177 is not handled. Duration 1 ms by bot id=8813857960
2026-06-21 10:14:04,857 [INFO] Update id=200746179 is not handled. Duration 1 ms by bot id=8813857960
2026-06-21 10:14:05,016 [INFO] Update id=200746178 is handled. Duration 284 ms by bot id=8813857960
2026-06-21 10:14:05,762 [INFO] Update id=200746180 is not handled. Duration 1 ms by bot id=8813857960
2026-06-21 10:14:05,872 [INFO] Update id=200746181 is not handled. Duration 1 ms by bot id=8813857960
2026-06-21 10:14:06,525 [INFO] Update id=200746183 is not handled. Duration 1 ms by bot id=8813857960
2026-06-21 10:14:06,664 [INFO] Update id=200746182 is handled. Duration 421 ms by bot id=8813857960
2026-06-21 10:14:08,331 [INFO] Update id=200746184 is handled. Duration 243 ms by bot id=8813857960
2026-06-21 10:14:09,407 [INFO] Update id=200746185 is handled. Duration 248 ms by bot id=8813857960
2026-06-21 10:14:10,399 [INFO] Update id=200746187 is not handled. Duration 1 ms by bot id=8813857960
2026-06-21 10:14:10,458 [INFO] Update id=200746186 is handled. Duration 267 ms by bot id=8813857960
2026-06-21 10:14:10,934 [INFO] Update id=200746188 is not handled. Duration 1 ms by bot id=8813857960
2026-06-21 10:14:12,938 [INFO] Update id=200746189 is not handled. Duration 1 ms by bot id=8813857960
2026-06-21 10:14:13,526 [INFO] Update id=200746190 is not handled. Duration 1 ms by bot id=8813857960
2026-06-21 10:14:13,672 [INFO] Update id=200746191 is not handled. Duration 1 ms by bot id=8813857960
2026-06-21 10:14:14,717 [INFO] Update id=200746192 is not handled. Duration 1 ms by bot id=8813857960
2026-06-21 10:14:15,016 [INFO] Update id=200746193 is not handled. Duration 1 ms by bot id=8813857960
2026-06-21 10:14:15,163 [INFO] Update id=200746194 is not handled. Duration 1 ms by bot id=8813857960
2026-06-21 10:14:15,354 [INFO] SUPERPOWER REQUEST: Arc [7930482209] -> Третий Рейх
2026-06-21 10:14:15,489 [INFO] Update id=200746196 is not handled. Duration 1 ms by bot id=8813857960
2026-06-21 10:14:15,744 [INFO] Update id=200746195 is handled. Duration 393 ms by bot id=8813857960
2026-06-21 10:14:18,081 [INFO] REG: Arc (@asdewrx) [7930482209] -> Третий Рейх
2026-06-21 10:14:18,841 [INFO] Update id=200746197 is handled. Duration 765 ms by bot id=8813857960
2026-06-21 10:14:19,189 [INFO] Update id=200746198 is not handled. Duration 1 ms by bot id=8813857960
2026-06-21 10:14:30,411 [INFO] Update id=200746199 is not handled. Duration 1 ms by bot id=8813857960
2026-06-21 10:14:32,700 [INFO] Update id=200746200 is handled. Duration 235 ms by bot id=8813857960
2026-06-21 10:14:33,978 [INFO] Update id=200746201 is handled. Duration 236 ms by bot id=8813857960
2026-06-21 10:14:35,756 [INFO] Update id=200746202 is not handled. Duration 1 ms by bot id=8813857960
2026-06-21 10:14:37,813 [INFO] Update id=200746203 is not handled. Duration 1 ms by bot id=8813857960
2026-06-21 10:14:41,357 [INFO] Update id=200746204 is not handled. Duration 1 ms by bot id=8813857960
2026-06-21 10:14:41,973 [INFO] Update id=200746205 is not handled. Duration 1 ms by bot id=8813857960
2026-06-21 10:14:44,527 [INFO] Update id=200746206 is not handled. Duration 1 ms by bot id=8813857960
2026-06-21 10:14:48,214 [INFO] Update id=200746207 is not handled. Duration 1 ms by bot id=8813857960
2026-06-21 10:14:50,716 [INFO] Update id=200746208 is not handled. Duration 1 ms by bot id=8813857960
2026-06-21 10:14:53,897 [INFO] Update id=200746209 is not handled. Duration 1 ms by bot id=8813857960
2026-06-21 10:14:54,006 [INFO] Update id=200746210 is not handled. Duration 1 ms by bot id=8813857960
2026-06-21 10:14:54,530 [INFO] Update id=200746211 is not handled. Duration 1 ms by bot id=8813857960
2026-06-21 10:14:57,592 [INFO] Update id=200746212 is not handled. Duration 1 ms by bot id=8813857960
2026-06-21 10:15:00,229 [INFO] Update id=200746213 is not handled. Duration 1 ms by bot id=8813857960
2026-06-21 10:15:03,852 [INFO] Update id=200746214 is not handled. Duration 1 ms by bot id=8813857960
2026-06-21 10:15:06,406 [INFO] Update id=200746215 is not handled. Duration 1 ms by bot id=8813857960
2026-06-21 10:15:08,350 [INFO] Update id=200746216 is not handled. Duration 1 ms by bot id=8813857960
2026-06-21 10:15:11,707 [INFO] Update id=200746217 is not handled. Duration 1 ms by bot id=8813857960
2026-06-21 10:15:12,606 [INFO] Update id=200746218 is handled. Duration 227 ms by bot id=8813857960
2026-06-21 10:15:14,230 [INFO] Update id=200746219 is not handled. Duration 1 ms by bot id=8813857960
2026-06-21 10:15:15,031 [INFO] Update id=200746220 is handled. Duration 267 ms by bot id=8813857960
2026-06-21 10:15:18,702 [INFO] Update id=200746221 is not handled. Duration 1 ms by bot id=8813857960
2026-06-21 10:15:20,526 [INFO] Update id=200746222 is handled. Duration 158 ms by bot id=8813857960
2026-06-21 10:15:21,706 [INFO] UNREG: Arc (@asdewrx) [7930482209] from Третий Рейх (admin=False)
2026-06-21 10:15:22,233 [INFO] Update id=200746223 is handled. Duration 533 ms by bot id=8813857960
2026-06-21 10:15:22,355 [INFO] Update id=200746224 is not handled. Duration 1 ms by bot id=8813857960
2026-06-21 10:15:22,977 [INFO] Update id=200746225 is not handled. Duration 2 ms by bot id=8813857960
2026-06-21 10:15:26,367 [INFO] Update id=200746226 is not handled. Duration 1 ms by bot id=8813857960
